"X.1","baseMean","log2FoldChange","lfcSE","stat","pvalue","padj","X","expression","significant"
"ENSG00000261026",164.532929184942,3.38888096575727,0.26701687869975,12.6916357582321,6.5797065255994e-37,7.42190896087613e-34,"ENSG00000261026","P.adj < 0.05 & |log2FC| > 1","red"
"LINC00602",38.6138590113195,3.14143942750521,0.27257197289981,11.5251740451683,9.8512929453381e-31,5.55612922117069e-28,"LINC00602","P.adj < 0.05 & |log2FC| > 1","red"
"ENSG00000279602",142.795778795423,0.713935336680558,0.0985586219397941,7.24376338294052,4.36402515435633e-13,1.64087345803798e-10,"ENSG00000279602","P.adj < 0.05","blue"
"ENSG00000262202",57.9505908415834,1.12828813923017,0.161851911201381,6.97111409346483,3.14440823874831e-12,8.86723123327024e-10,"ENSG00000262202","P.adj < 0.05 & |log2FC| > 1","red"
"ENSG00000260400",210.28421208787,0.477842191355998,0.0771100257868325,6.1968879724794,5.75904603158057e-10,1.29924078472458e-07,"ENSG00000260400","P.adj < 0.05","blue"
"LINC00938",323.984900881304,-0.363259922361002,0.0596975520060225,-6.08500533362499,1.16487432579278e-09,2.01543975713388e-07,"LINC00938","P.adj < 0.05","blue"
"ENSG00000277223",120.835784253222,0.681324019612181,0.112177896005421,6.07360312391005,1.25071616134195e-09,2.01543975713388e-07,"ENSG00000277223","P.adj < 0.05","blue"
"ENSG00000276216",15.7867754721432,1.81100344088116,0.307870629754559,5.88235208511097,4.04476764488449e-09,5.70312237928714e-07,"ENSG00000276216","P.adj < 0.05 & |log2FC| > 1","red"
"DNM3OS",652.100109006684,0.453149685182569,0.0787832609088605,5.75185235994218,8.82708726422962e-09,1.10632827045011e-06,"DNM3OS","P.adj < 0.05","blue"
"MIR22HG",137.663840649693,0.830385985639306,0.155427004638267,5.34261074883289,9.16173611644379e-08,8.45476981559023e-06,"MIR22HG","P.adj < 0.05","blue"
"CARMN",128.912331232972,0.721742849169765,0.135717900864075,5.31796354478402,1.04935086363709e-07,8.45476981559023e-06,"CARMN","P.adj < 0.05","blue"
"LINC02728",50.9768036715434,0.793168334202993,0.148887965499882,5.32728304493906,9.96927475651778e-08,8.45476981559023e-06,"LINC02728","P.adj < 0.05","blue"
"ENSG00000270640",28.7332923092766,2.15630205591334,0.40152642823402,5.37026184153585,7.86224016584029e-08,8.45476981559023e-06,"ENSG00000270640","P.adj < 0.05 & |log2FC| > 1","red"
"LINC01002",664.172775974012,-0.316567221658735,0.0593304091190225,-5.33566557789397,9.51947133455665e-08,8.45476981559023e-06,"LINC01002","P.adj < 0.05","blue"
"ENSG00000254510",34.8953049449416,3.00167349686421,0.587715185973598,5.10736079057017,3.26689610833226e-07,2.32356729613251e-05,"ENSG00000254510","P.adj < 0.05 & |log2FC| > 1","red"
"ENSG00000277151",96.2460730000795,0.570385447591412,0.111715573698775,5.10569322348356,3.29584013635817e-07,2.32356729613251e-05,"ENSG00000277151","P.adj < 0.05","blue"
"HELLPAR",247.971161172276,0.321757902555824,0.0672586429463754,4.78388930345142,1.71935397272475e-06,0.000114084193013737,"HELLPAR","P.adj < 0.05","blue"
"ENSG00000264112",339.111950115915,0.333567185660994,0.0711205543299667,4.69016571655776,2.7298386946897e-06,0.000171069891533888,"ENSG00000264112","P.adj < 0.05","blue"
"ENSG00000261094",36.4122241785745,-0.732416551893863,0.159293789457593,-4.59789772336885,4.26775395578832e-06,0.000253369813796275,"ENSG00000261094","P.adj < 0.05","blue"
"MIR23AHG",236.840278856895,0.430963183761895,0.0980910749800832,4.3935004672892,1.11539949504035e-05,0.000629085315202758,"MIR23AHG","P.adj < 0.05","blue"
"ENSG00000261136",36.643628313648,-0.65713566264843,0.152485959074375,-4.30948309363955,1.63636566776762e-05,0.000878962130115177,"ENSG00000261136","P.adj < 0.05","blue"
"ENSG00000267397",27.4409707959433,0.854522974330582,0.201489419274331,4.24103150134714,2.22494903892341e-05,0.00114079205268437,"ENSG00000267397","P.adj < 0.05","blue"
"ENSG00000261114",18.9997055325055,1.46191402805706,0.355150464130951,4.11632301152792,3.84964694773947e-05,0.00188800076393484,"ENSG00000261114","P.adj < 0.05 & |log2FC| > 1","red"
"ENSG00000258525",30.399850155414,0.748619291531579,0.182315372131135,4.1061775690155,4.02260298266637e-05,0.00189062340185319,"ENSG00000258525","P.adj < 0.05","blue"
"ENSG00000238035",499.340244015462,-0.305482338628448,0.0747246214648879,-4.08810821172229,4.34905287510893e-05,0.00193210682128537,"ENSG00000238035","P.adj < 0.05","blue"
"ENSG00000257298",319.17971939241,-0.395421251940467,0.0968552196671027,-4.08260136417587,4.45343770863649e-05,0.00193210682128537,"ENSG00000257298","P.adj < 0.05","blue"
"LINC01001",497.306941832388,-0.290527346199374,0.0718742669233778,-4.04216082661536,5.29608866677222e-05,0.00221258815411817,"LINC01001","P.adj < 0.05","blue"
"ENSG00000260495",20.4638320032886,-0.771618607798852,0.193989728986461,-3.97762609304281,6.9606712919285e-05,0.00280415614903405,"ENSG00000260495","P.adj < 0.05","blue"
"ENSG00000241860",422.622668774248,-0.218362045420051,0.0550729660301138,-3.96495887475266,7.34086021270855e-05,0.00285534148963284,"ENSG00000241860","P.adj < 0.05","blue"
"ENSG00000260966",212.783433510686,0.318348393072766,0.0808429063448584,3.9378642785894,8.22100695068759e-05,0.00309109861345853,"ENSG00000260966","P.adj < 0.05","blue"
"FLJ46284",37.0579948900426,0.586094511939497,0.153393610596962,3.82085348704287,0.000132990643445357,0.00483914341310848,"FLJ46284","P.adj < 0.05","blue"
"LINC00294",516.841145268007,0.181355859914635,0.0481223538184834,3.76864067370241,0.000164138972604156,0.00578589878429648,"LINC00294","P.adj < 0.05","blue"
"ENSG00000242593",410.774135720761,0.209818352812382,0.0568600427926954,3.69008432824001,0.000224179724899877,0.00766287059657762,"ENSG00000242593","P.adj < 0.05","blue"
"ENSG00000261997",49.2438167878111,0.49177998177933,0.134449778066372,3.65772252548129,0.000254466307554181,0.00844229396826812,"ENSG00000261997","P.adj < 0.05","blue"
"ENSG00000261889",19.2038173886756,-0.960622957254071,0.263683855343958,-3.64308598264767,0.000269388800499063,0.00868201619894123,"ENSG00000261889","P.adj < 0.05","blue"
"ENSG00000276791",22.286994016091,-0.750144529556905,0.206703721069591,-3.62908091675986,0.000284432082124879,0.00891220523991287,"ENSG00000276791","P.adj < 0.05","blue"
"ENSG00000259280",16.7076435029669,0.851569829230351,0.237842662788889,3.58039142029876,0.000343079887689351,0.0103393665222938,"ENSG00000259280","P.adj < 0.05","blue"
"ENSG00000259326",27.3382867616649,0.682779184006299,0.190910557925979,3.57643490974987,0.00034831199277231,0.0103393665222938,"ENSG00000259326","P.adj < 0.05","blue"
"LINC00562",16.6291484009974,0.819868904529181,0.23687811228164,3.46114251178422,0.000537887985247229,0.0155573755733045,"LINC00562","P.adj < 0.05","blue"
"ENSG00000227627",65.7361928417816,-0.411988351985263,0.120298297884468,-3.42472303623886,0.000615426461919267,0.0173550262261233,"ENSG00000227627","P.adj < 0.05","blue"
"ENSG00000285796",127.998597666874,-0.318505247170029,0.093373352262147,-3.4110936306091,0.000647028687671902,0.0178011795047294,"ENSG00000285796","P.adj < 0.05","blue"
"ENSG00000274093",22.434719717312,0.687102730804774,0.20541246888483,3.34499037246866,0.000822854266396685,0.0220995145832252,"ENSG00000274093","P.adj < 0.05","blue"
"ENSG00000260244",95.0294422379603,0.35490439216302,0.107423712560264,3.30378073615657,0.000953904075028672,0.0239111954807187,"ENSG00000260244","P.adj < 0.05","blue"
"ENSG00000268573",36.042387022057,-0.526657120677845,0.158862930311187,-3.31516685262073,0.000915884390141512,0.0239111954807187,"ENSG00000268573","P.adj < 0.05","blue"
"ENSG00000268713",89.6483253290935,0.361828094906466,0.109410223471454,3.30707756026904,0.000942747855925459,0.0239111954807187,"ENSG00000268713","P.adj < 0.05","blue"
"LINC01679",27.049573506816,0.894571747339607,0.272078195402845,3.28792149630029,0.0010092997918972,0.0247497862013053,"LINC01679","P.adj < 0.05","blue"
"ENSG00000270091",20.5372863298556,0.71626213178563,0.22109124044076,3.23966761576676,0.00119669108154134,0.0287205859569923,"ENSG00000270091","P.adj < 0.05","blue"
"SNHG10",113.902456740546,-0.297483319554508,0.0925590109257585,-3.21398550588575,0.00130906281071289,0.0307629760517528,"SNHG10","P.adj < 0.05","blue"
"ENSG00000251456",78.7403707182913,0.390050380786261,0.122878376129542,3.17428007329018,0.00150208674251728,0.0345786499093775,"ENSG00000251456","P.adj < 0.05","blue"
"ENSG00000214248",15.5117336289257,-0.781119931664458,0.248852563675825,-3.13888641582173,0.00169591170309929,0.03825976802192,"ENSG00000214248","P.adj < 0.05","blue"
"FAM157C",305.87541390209,-0.23290868131721,0.0763475845389177,-3.05063588748491,0.00228357319774733,0.0495359724434422,"FAM157C","P.adj < 0.05","blue"
"CHASERR",757.039091157681,0.178072044159078,0.0582813790731307,3.05538487577028,0.00224771876691297,0.0495359724434422,"CHASERR","P.adj < 0.05","blue"
"DLEU2L",66.0832457885128,0.350851112095192,0.115951427504378,3.02584556004665,0.00247938908821888,0.0499419802055517,"DLEU2L","P.adj < 0.05","blue"
"SNHG14",2496.03555365707,0.120247694617884,0.0395959250794685,3.0368704450407,0.00239048174680276,0.0499419802055517,"SNHG14","P.adj < 0.05","blue"
"ENSG00000271918",23.8723830586807,-0.576378754284059,0.190317723718415,-3.02850802869439,0.00245764546735481,0.0499419802055517,"ENSG00000271918","P.adj < 0.05","blue"
"ENSG00000273891",23.6620418798652,0.669565822726705,0.220728610875283,3.033434678321,0.00241787050208502,0.0499419802055517,"ENSG00000273891","P.adj < 0.05","blue"
"ENSG00000261799",273.611063583147,0.234780766664609,0.0778767106465516,3.01477508122006,0.00257169887661735,0.0508925672425328,"ENSG00000261799","NS","grey80"
"ENSG00000272008",15.4186333258745,-0.743943948595972,0.24931646727106,-2.9839342612983,0.00284567903840039,0.0553435509537179,"ENSG00000272008","NS","grey80"
"ENSG00000262410",20.1735059609852,0.760636317013496,0.258065532942178,2.9474541150132,0.0032040229874884,0.0612565750828291,"ENSG00000262410","NS","grey80"
"ENSG00000274460",14.3520273315813,-0.742393654012556,0.254368557260546,-2.91857477200743,0.00351635532243609,0.0661074800617985,"ENSG00000274460","NS","grey80"
"ENSG00000255931",30.3150902036548,1.64108939870097,0.564579650177495,2.90674557289664,0.00365210110542795,0.0661350246380349,"ENSG00000255931","|log2FC| > 1","darkgreen"
"ENSG00000282143",20.7887021687877,0.632376421254927,0.217820511837243,2.90319959273369,0.00369371148244344,0.0661350246380349,"ENSG00000282143","NS","grey80"
"ENSG00000282740",20.7887021687877,0.632376421254927,0.217820511837243,2.90319959273369,0.00369371148244344,0.0661350246380349,"ENSG00000282740","NS","grey80"
"LINC02816",111.997526600649,0.2849994959873,0.0990577956433323,2.87710315110857,0.00401344377204774,0.0707369464823414,"LINC02816","NS","grey80"
"MIRLET7BHG",358.643687268375,0.185864809340084,0.0657723155961494,2.82588210032498,0.00471506151566872,0.0784959561269411,"MIRLET7BHG","NS","grey80"
"ENSG00000229970",27.5910897604586,0.507366152158169,0.179447548509822,2.82737856477542,0.00469308113312499,0.0784959561269411,"ENSG00000229970","NS","grey80"
"ENSG00000259623",276.495947332975,0.234390075577363,0.0833276415558937,2.81287302989538,0.00491010349961521,0.0784959561269411,"ENSG00000259623","NS","grey80"
"ENSG00000273271",29.2346076617448,0.49711974118773,0.176603943543127,2.81488471443069,0.00487947348531913,0.0784959561269411,"ENSG00000273271","NS","grey80"
"ENSG00000273419",18.7310101422769,0.706998198146611,0.251276594897364,2.81362535350891,0.00489862828026066,0.0784959561269411,"ENSG00000273419","NS","grey80"
"ENSG00000275481",60.6772089791391,-0.365148200544091,0.128810986876684,-2.83475974680376,0.00458601600102143,0.0784959561269411,"ENSG00000275481","NS","grey80"
"ENSG00000276517",220.113482688097,0.218551485409888,0.0777522874288389,2.81086888421016,0.00494079156472768,0.0784959561269411,"ENSG00000276517","NS","grey80"
"LINC00472",38.1993911438615,-0.427403781814851,0.154374271415438,-2.76862056025295,0.00562941538458703,0.085227755374299,"LINC00472","NS","grey80"
"ENSG00000264895",166.071596346015,-0.238188758568811,0.0860297379512342,-2.76867934555175,0.00562839987639333,0.085227755374299,"ENSG00000264895","NS","grey80"
"ENSG00000266993",28.776125578119,0.526456252540338,0.18948606573186,2.77833755483277,0.00546378253589037,0.085227755374299,"ENSG00000266993","NS","grey80"
"ENSG00000269399",14.7269664114138,-0.70525550207773,0.255328913304556,-2.76214508161284,0.00574229557486412,0.085227755374299,"ENSG00000269399","NS","grey80"
"ENSG00000272338",20.6414428582778,0.608307281271127,0.220164765685114,2.76296381656794,0.00572791158602484,0.085227755374299,"ENSG00000272338","NS","grey80"
"LINC01572",469.35055171872,-0.17572859747952,0.0644979955646708,-2.72455904933232,0.00643874155260092,0.0943233827445953,"LINC01572","NS","grey80"
"LINC01415",53.3806730768737,0.394788198919156,0.145312163221561,2.71682831062954,0.00659107886760904,0.0953171405469615,"LINC01415","NS","grey80"
"LINC01484",25.5219970633618,-0.488884835206334,0.183743959603255,-2.66068520707809,0.00779818264010711,0.0971415417874224,"LINC01484","NS","grey80"
"ENSG00000254363",55.5765272411277,-0.349023442900465,0.130988345421318,-2.66453814480859,0.00770941225185552,0.0971415417874224,"ENSG00000254363","NS","grey80"
"PRANCR",48.5517491786761,-0.376077179663779,0.141372970828551,-2.66017738369427,0.00780995077082813,0.0971415417874224,"PRANCR","NS","grey80"
"LINC00641",1083.40496554967,0.111532395316753,0.0421294971418803,2.64737067573211,0.00811203805979642,0.0971415417874224,"LINC00641","NS","grey80"
"ENSG00000259891",50.9465134745563,-0.362054431437913,0.136455965604604,-2.6532693520121,0.00797162302961577,0.0971415417874224,"ENSG00000259891","NS","grey80"
"ENSG00000260563",29.1202821253246,-0.480084396383696,0.179468839727711,-2.67502925361347,0.00747227297244532,0.0971415417874224,"ENSG00000260563","NS","grey80"
"ENSG00000262899",33.7341851968426,0.491664252348138,0.18408204009351,2.67089745473476,0.00756487533240366,0.0971415417874224,"ENSG00000262899","NS","grey80"
"ENSG00000270100",24.0164803939098,0.521154079473568,0.197071166830699,2.6444968477874,0.00818124687039462,0.0971415417874224,"ENSG00000270100","NS","grey80"
"ENSG00000271151",16.8418066982252,-0.588307073248554,0.222126821657508,-2.64851884548931,0.00808453416322824,0.0971415417874224,"ENSG00000271151","NS","grey80"
"ENSG00000271327",69.8903263036078,-0.297493464987345,0.111770294494374,-2.6616505425985,0.00777585607153853,0.0971415417874224,"ENSG00000271327","NS","grey80"
"ENSG00000271533",1438.14025114207,0.162949557291583,0.0604818526294572,2.69418925193803,0.00705600878181658,0.0971415417874224,"ENSG00000271533","NS","grey80"
"ENSG00000271553",44.8474889838071,0.389056285972773,0.145725909617666,2.66978114594391,0.00759007008582276,0.0971415417874224,"ENSG00000271553","NS","grey80"
"ENSG00000272033",79.4996827597524,0.30575149227927,0.115539712794474,2.64628918390294,0.00813802128880129,0.0971415417874224,"ENSG00000272033","NS","grey80"
"ENSG00000272871",48.3202581088875,0.36972600936228,0.137021371178566,2.69830907530807,0.00696927019247004,0.0971415417874224,"ENSG00000272871","NS","grey80"
"ENSG00000275805",65.1691825468842,-0.35314161721534,0.132367403517485,-2.6678895848304,0.00763293382421069,0.0971415417874224,"ENSG00000275805","NS","grey80"
"LINC00235",30.751011749091,-0.491246730840452,0.185735168272268,-2.64487730250598,0.00817205434234115,0.0971415417874224,"LINC00235","NS","grey80"
"ENSG00000283341",26.3430793504482,-0.51117546430953,0.189345513933973,-2.6996967273689,0.00694027096316694,0.0971415417874224,"ENSG00000283341","NS","grey80"
"ENSG00000250280",37.9443366122639,0.512422846060905,0.195154910462929,2.62572355901977,0.00864650081050567,0.101596384523442,"ENSG00000250280","NS","grey80"
"LINC02887",209.494950118021,-0.216761180580995,0.0827532637453068,-2.61936714965261,0.00880930780342594,0.102442259817159,"LINC02887","NS","grey80"
"ENSG00000247934",53.5008240771682,-0.352405579163517,0.135390484195408,-2.60288292236914,0.00924435164911162,0.104751790260699,"ENSG00000247934","NS","grey80"
"ENSG00000260306",42.6865683929683,0.400288959090733,0.153779270276429,2.60300987494079,0.00924092919715955,0.104751790260699,"ENSG00000260306","NS","grey80"
"ENSG00000276997",179.290891472857,-0.198167343814745,0.0761794552383293,-2.60132266888459,0.0092865062287854,0.104751790260699,"ENSG00000276997","NS","grey80"
"NORAD",4568.4261857409,0.105025111829424,0.0408323658944776,2.57210449428375,0.0101082377315936,0.111785217267035,"NORAD","NS","grey80"
"ENSG00000269983",168.698391169962,0.220141557303281,0.0854940543603889,2.57493411618197,0.0100259182253981,0.111785217267035,"ENSG00000269983","NS","grey80"
"ENSG00000278932",371.474279186518,-0.148404582862432,0.0579951752552433,-2.55891256831773,0.0105000145595766,0.114990450710702,"ENSG00000278932","NS","grey80"
"ENSG00000267317",37.6291448780886,-0.411807310815673,0.161696022788671,-2.54679925772747,0.010871595195961,0.1179149940485,"ENSG00000267317","NS","grey80"
"ENSG00000269887",47.9622833118155,0.368976472790636,0.14550181643174,2.53588911698389,0.0112162242244288,0.120494294525292,"ENSG00000269887","NS","grey80"
"LINC02980",53.7335550118917,-0.330262208289521,0.13071255929972,-2.52662949955896,0.0115162922299149,0.122550732408905,"LINC02980","NS","grey80"
"ENSG00000271551",37.7695420337294,-0.431592344013817,0.172266866142758,-2.50537061291958,0.0122323144186366,0.12895374452544,"ENSG00000271551","NS","grey80"
"ENSG00000231856",35.610174967129,0.414061247940149,0.166041511875681,2.4937212583933,0.0126411771296871,0.132030072243399,"ENSG00000231856","NS","grey80"
"ENSG00000269952",32.8704233617428,1.20597546994078,0.484976692392595,2.48666686225928,0.0128946083508637,0.133441451557562,"ENSG00000269952","|log2FC| > 1","darkgreen"
"LINC02983",18.6496164705835,-0.558061962987932,0.224960312414733,-2.48071296220063,0.013111991236251,0.13415615178011,"LINC02983","NS","grey80"
"ENSG00000238004",14.2806493650187,0.626648590546925,0.253820011079935,2.46886992038455,0.0135540478865898,0.13415615178011,"ENSG00000238004","NS","grey80"
"ENSG00000260774",25.8384723951839,-0.471834082284755,0.19056583293872,-2.47596368671441,0.013287709231626,0.13415615178011,"ENSG00000260774","NS","grey80"
"ENSG00000269973",134.078112168844,0.219284392926781,0.0888238146711436,2.46875676009466,0.0135583344884154,0.13415615178011,"ENSG00000269973","NS","grey80"
"ENSG00000273192",35.4834859344036,0.42196610627435,0.170749588365479,2.47125694599719,0.0134639040541589,0.13415615178011,"ENSG00000273192","NS","grey80"
"ENSG00000259959",176.379801046509,0.183614921244169,0.0746158761101566,2.4608023227268,0.0138626722507028,0.134802537058559,"ENSG00000259959","NS","grey80"
"ENSG00000272335",147.715353443625,0.214961482931579,0.0873198386444816,2.4617714172238,0.0138252747287463,0.134802537058559,"ENSG00000272335","NS","grey80"
"LINC01748",17.2326722342593,0.572395516551631,0.234282925378835,2.44318067834465,0.0145584467111642,0.139168880425366,"LINC01748","NS","grey80"
"LINC02482",24.9106374837937,-0.476811472775994,0.194915970551694,-2.4462411747299,0.0144354402072121,0.139168880425366,"LINC02482","NS","grey80"
"ENSG00000240291",82.1210406577155,0.273128539166107,0.112533813274367,2.42707974802379,0.0152209096747928,0.143076550943052,"ENSG00000240291","NS","grey80"
"ENSG00000248540",220.873762789233,-0.190861992043043,0.0785495126471385,-2.42983037845742,0.0151058905281394,0.143076550943052,"ENSG00000248540","NS","grey80"
"ENSG00000273149",38.6963392090161,0.438397992786057,0.181071806931582,2.4211278399166,0.0154724349243634,0.14423889747671,"ENSG00000273149","NS","grey80"
"SNHG4",179.434634868628,-0.186136461264201,0.0769981715522291,-2.41741404388988,0.0156312253589379,0.144524772171164,"SNHG4","NS","grey80"
"ENSG00000243107",76.9299272818185,0.292111188914866,0.121041115038779,2.4133220255058,0.0158078460188242,0.144969514709217,"ENSG00000243107","NS","grey80"
"ENSG00000275580",21.3430909379855,0.492202538077222,0.204497035459224,2.40689326851081,0.016088871115689,0.146356827568526,"ENSG00000275580","NS","grey80"
"CHROMR",222.507569653151,0.171756817624613,0.0714584075147293,2.40359145408061,0.0162349056071112,0.146503788198571,"CHROMR","NS","grey80"
"ENSG00000260035",34.8933093950985,-0.433233355300309,0.181589491371773,-2.38578428755736,0.0170427443549497,0.15257313993955,"ENSG00000260035","NS","grey80"
"ENSG00000242540",39.752395532733,0.390260353523699,0.164503832333709,2.37234809662079,0.0176754294940779,0.156991216293858,"ENSG00000242540","NS","grey80"
"LINC00265",220.521917962148,-0.171425975995121,0.0725175200572838,-2.36392496405981,0.0180824746114183,0.158008697376585,"LINC00265","NS","grey80"
"ENSG00000258053",33.0143178191617,-0.408011523195773,0.172785466748003,-2.36137639857658,0.0182072402006645,0.158008697376585,"ENSG00000258053","NS","grey80"
"CASC15",1336.0181261971,0.090535997467705,0.0383413359383099,2.36131567281262,0.0182102222153865,0.158008697376585,"CASC15","NS","grey80"
"ENSG00000273329",466.44976461218,-0.116770158464718,0.0495597968462421,-2.35614683464087,0.0184656169637956,0.159001648360011,"ENSG00000273329","NS","grey80"
"LINC00622",29.9878779495926,0.417592957415904,0.179144999405147,2.33103329036549,0.0197516043511584,0.168786437182627,"LINC00622","NS","grey80"
"ENSG00000205740",39.6608457659701,-0.337523217508295,0.146238434500898,-2.30803357995618,0.0209972688660668,0.173292874146514,"ENSG00000205740","NS","grey80"
"ENSG00000261335",18.6313159417001,-0.511890494135899,0.221872451657088,-2.30713858486156,0.021047095530206,0.173292874146514,"ENSG00000261335","NS","grey80"
"ENSG00000266998",15.4278626691138,-0.615129282005334,0.265900385108629,-2.31338244115003,0.0207016216158126,0.173292874146514,"ENSG00000266998","NS","grey80"
"ENSG00000272108",175.216533336764,0.233474242348923,0.101106400837767,2.309193487399,0.0209328468037904,0.173292874146514,"ENSG00000272108","NS","grey80"
"ENSG00000279088",108.158706227956,-0.219761405070296,0.0951510421324956,-2.30960586605329,0.020909984550201,0.173292874146514,"ENSG00000279088","NS","grey80"
"MAILR",211.695639891101,-0.171066359587748,0.0747729546119468,-2.28781061916758,0.0221485521607546,0.181040339400951,"MAILR","NS","grey80"
"ENSG00000275764",100.059031679728,0.243956693522926,0.107472121059078,2.26995327829086,0.0232104179833084,0.188355046655912,"ENSG00000275764","NS","grey80"
"ERICD",36.5908716006546,0.380229090506282,0.167715807907258,2.26710347253931,0.0233839055038276,0.188407467202268,"ERICD","NS","grey80"
"LINC02987",135.65910895709,-0.191595395670776,0.084798157503209,-2.25942875779495,0.0238567272291509,0.190853817833207,"LINC02987","NS","grey80"
"ENSG00000260412",222.127369115863,0.161146196059737,0.0717506304759643,2.24592027959558,0.0247091146691638,0.196280854555047,"ENSG00000260412","NS","grey80"
"ENSG00000261754",86.325415890477,0.245984453554046,0.110199099377207,2.23218206813153,0.0256029320800394,0.20195879291108,"ENSG00000261754","NS","grey80"
"ENSG00000254325",33.3508656953324,0.449063551400819,0.20238921182608,2.21881170122207,0.026499537620077,0.206148127141013,"ENSG00000254325","NS","grey80"
"ENSG00000284707",52.9553786867027,0.30523322403706,0.137551404086734,2.21904840640225,0.0264834315090646,0.206148127141013,"ENSG00000284707","NS","grey80"
"ENSG00000259017",81.9827972877377,-0.250912470012573,0.113257927753308,-2.21540756563282,0.0267321025130993,0.206532956402576,"ENSG00000259017","NS","grey80"
"MINCR",88.3201827822383,-0.257629389937831,0.116823798954503,-2.20528173405972,0.0274343307893682,0.210516497485764,"MINCR","NS","grey80"
"ENSG00000260971",55.938503562001,0.293482198367064,0.133248360749891,2.20252014145176,0.0276285879837896,0.210574643552126,"ENSG00000260971","NS","grey80"
"LINC00504",32.028498942094,-0.375525068467424,0.170996638901183,-2.19609619744885,0.0280850587100302,0.211199641499427,"LINC00504","NS","grey80"
"ENSG00000285886",28.427866851565,-0.39552169835934,0.180058164758374,-2.19663295407961,0.0280466707139507,0.211199641499427,"ENSG00000285886","NS","grey80"
"ENSG00000276334",208.703828093143,0.201122221090457,0.0921354013019091,2.18289841090962,0.0290432920967311,0.216959162153064,"ENSG00000276334","NS","grey80"
"LINC03072",153.153872187237,-0.180803656662325,0.0830617536272183,-2.17673777360604,0.0295001382238198,0.218922078397821,"LINC03072","NS","grey80"
"LINC02615",37.9553781266999,0.344456982923253,0.159076226311039,2.16535802307595,0.0303602780643466,0.219284522042012,"LINC02615","NS","grey80"
"ENSG00000260368",29.3426764241878,-0.514361007139575,0.237407331586578,-2.16657591702048,0.0302672053754547,0.219284522042012,"ENSG00000260368","NS","grey80"
"ENSG00000263276",17.7790480561673,0.505505028331167,0.232951585310207,2.17000037865386,0.030006817262281,0.219284522042012,"ENSG00000263276","NS","grey80"
"ENSG00000272054",71.7338982128293,-0.242576936895253,0.111630750871529,-2.1730296983707,0.0297780821442654,0.219284522042012,"ENSG00000272054","NS","grey80"
"ENSG00000273691",20.3619395595745,-0.485856945213216,0.224594523948009,-2.16326265072111,0.0305209840076204,0.219284522042012,"ENSG00000273691","NS","grey80"
"TSIX",47.3818813315383,0.347068547009796,0.16163933859954,2.14717871291007,0.0317790567294136,0.22687832905556,"TSIX","NS","grey80"
"ENSG00000272750",85.5894700858851,0.231580950790455,0.108284428161816,2.13863576436299,0.0324651786536293,0.230319003278577,"ENSG00000272750","NS","grey80"
"CARINH",72.3629641527822,-0.240490992736346,0.113747598652243,-2.11425116297699,0.0344938211250384,0.24195786333979,"CARINH","NS","grey80"
"ARNILA",16.580382699643,0.549066494869593,0.259756755652768,2.1137717611609,0.0345347659554132,0.24195786333979,"ARNILA","NS","grey80"
"MIATNB",86.5609232429974,-0.238124806645117,0.112993285129157,-2.10742440467084,0.0350808080217003,0.244266366965913,"MIATNB","NS","grey80"
"LINC01355",417.169505984628,-0.120375807768777,0.0573826338459394,-2.09777418185373,0.0359250982528993,0.248610495885095,"LINC01355","NS","grey80"
"ENSG00000259453",16.2411121054952,0.487193094627326,0.232617709591973,2.09439382531062,0.0362249123652445,0.249156714317048,"ENSG00000259453","NS","grey80"
"LINC01963",422.201668812033,0.121677275401936,0.0581827136722673,2.091295983328,0.0365015396659886,0.249537798443849,"LINC01963","NS","grey80"
"ENSG00000262049",45.0230723985118,-0.349315000808571,0.167259502099817,-2.08846132161811,0.0367562409100859,0.249765299678174,"ENSG00000262049","NS","grey80"
"ENSG00000227374",17.4376259325149,-0.481367372808502,0.231948225217487,-2.07532250939685,0.0379566546382643,0.250380739368199,"ENSG00000227374","NS","grey80"
"ENSG00000260672",16.3185955832722,0.522666346330331,0.251761516712064,2.07603748641258,0.0378904840957149,0.250380739368199,"ENSG00000260672","NS","grey80"
"ENSG00000262528",46.7480846358384,-0.313792775882259,0.150925461462761,-2.07912417719978,0.0376059384277082,0.250380739368199,"ENSG00000262528","NS","grey80"
"ENSG00000271795",15.8671001484799,-0.497879749387091,0.238983526630425,-2.08332246329696,0.0372218405198329,0.250380739368199,"ENSG00000271795","NS","grey80"
"ENSG00000276071",22.5635131188905,-0.439348970137945,0.211386444966224,-2.07841600348663,0.037671059982269,0.250380739368199,"ENSG00000276071","NS","grey80"
"ENSG00000277007",29.4187870898061,0.351961687788633,0.170476665000494,2.0645739860503,0.038963326765247,0.25552693366976,"ENSG00000277007","NS","grey80"
"ENSG00000261098",141.970356964253,0.186758066709714,0.0910806831877982,2.05046844372742,0.040318740125092,0.261376660121286,"ENSG00000261098","NS","grey80"
"ENSG00000273680",16.3700638147221,0.51429281630962,0.250669883834189,2.05167373297149,0.0402013811512131,0.261376660121286,"ENSG00000273680","NS","grey80"
"LINC00237",35.8406551701749,0.322760459206767,0.158092831188652,2.04158820346267,0.0411923964335099,0.265514418154281,"LINC00237","NS","grey80"
"ENSG00000261101",23.8731839632292,0.491115911350985,0.240972287585218,2.03805971330751,0.0415439614760202,0.265692393940612,"ENSG00000261101","NS","grey80"
"ENSG00000261338",24.6671119392874,-0.426313577950073,0.209327095490843,-2.03659051853955,0.0416910937300429,0.265692393940612,"ENSG00000261338","NS","grey80"
"PRNCR1",75.4275151334826,0.230134657042194,0.113252042179148,2.03205745886821,0.0421478393947481,0.267094173243123,"PRNCR1","NS","grey80"
"SNHG5",1093.16372837898,0.0943164546853527,0.0466510392516341,2.02174391392683,0.0432028146389163,0.272231816482417,"SNHG5","NS","grey80"
"ENSG00000261646",20.6757157545933,-0.451386380164008,0.22352029270158,-2.01944250657657,0.0434412473110239,0.272231816482417,"ENSG00000261646","NS","grey80"
"ENSG00000277991",1364.2513109083,-0.0737799107512255,0.0366494942935134,-2.01312220464346,0.0441017747995925,0.274844209800776,"ENSG00000277991","NS","grey80"
"NKILA",22.7317484907019,0.411097227892858,0.204518293963933,2.01007557771509,0.0444231904377798,0.275326147328657,"NKILA","NS","grey80"
"HCG18",2561.67554098776,-0.0612470918855295,0.0305239762589302,-2.00652403101024,0.0448003674736957,0.276146527378846,"HCG18","NS","grey80"
"ENSG00000251216",212.333027739148,0.152862339061971,0.0762786463664266,2.00399910517096,0.0450701562768373,0.276299653697133,"ENSG00000251216","NS","grey80"
"ENSG00000272426",20.7705058360754,0.463130208925289,0.232021393108877,1.99606683987093,0.045926647870584,0.280028425935237,"ENSG00000272426","NS","grey80"
"CYP4F26P",23.6464307392489,0.399024369774013,0.200792659200333,1.98724580551474,0.0468951640882585,0.283390912911339,"CYP4F26P","NS","grey80"
"ENSG00000255983",152.413904166536,-0.175989367268511,0.0885937910240818,-1.98647518335312,0.0469805857397343,0.283390912911339,"ENSG00000255983","NS","grey80"
"LINC02106",22.7422576405343,-0.399654152624378,0.201936059863105,-1.97911236306833,0.0478033568326403,0.283468809059643,"LINC02106","NS","grey80"
"ENSG00000253263",16.6356848989628,-0.466920432415442,0.236741976744336,-1.9722756345812,0.0485781495391407,0.283468809059643,"ENSG00000253263","NS","grey80"
"ENSG00000258768",38.4915053973117,0.322183082822099,0.162876811589191,1.97807827694166,0.0479198767710262,0.283468809059643,"ENSG00000258768","NS","grey80"
"ENSG00000260122",14.272584228921,0.516516809104586,0.261492696818156,1.97526284821551,0.0482383269951535,0.283468809059643,"ENSG00000260122","NS","grey80"
"ENSG00000261526",65.092829046898,-0.254475193614279,0.128517760723223,-1.98007802331943,0.0476947621697413,0.283468809059643,"ENSG00000261526","NS","grey80"
"SNHG8",752.071419496004,0.0845061190686639,0.0428528176561685,1.97200846270372,0.0486086404523932,0.283468809059643,"SNHG8","NS","grey80"
"FAM27E3",67.9715596850872,0.23825137980038,0.12089383404329,1.97074881184649,0.0487526143240876,0.283468809059643,"FAM27E3","NS","grey80"
"LINC00907",27.8303810182036,0.359864715438224,0.18351851096701,1.96091780356105,0.0498886121278915,0.288586433232111,"LINC00907","NS","grey80"
"LINC02820",76.8941778468927,-0.225622876754351,0.115528901076977,-1.95295614042082,0.0508247924959528,0.292501867017524,"LINC02820","NS","grey80"
"ENSG00000268205",869.217253372829,0.115408517198178,0.0591795646971468,1.9501413670206,0.0511592719134464,0.292932277758211,"ENSG00000268205","NS","grey80"
"LINC02575",72.3905155828657,-0.273553712161492,0.14050056644966,-1.94699366040994,0.0515354947171054,0.293596151721691,"LINC02575","NS","grey80"
"ENSG00000277806",36.1055045670392,0.338640301014917,0.174337260576686,1.94244362848617,0.0520834179943901,0.295226610541065,"ENSG00000277806","NS","grey80"
"ENSG00000272905",18.8210278162167,0.424704002930308,0.218952246214201,1.9397106459224,0.0524148650510537,0.295619838887943,"ENSG00000272905","NS","grey80"
"ENSG00000248927",47.6091797761806,0.301132421799066,0.155493024567455,1.93662977896755,0.0527906151028667,0.295893396027521,"ENSG00000248927","NS","grey80"
"ENSG00000263786",73.0152329064346,-0.252705875591077,0.130596090067952,-1.93501869358867,0.0529880017708858,0.295893396027521,"ENSG00000263786","NS","grey80"
"ENSG00000275401",23.908541617937,-0.420557757497224,0.217608805766928,-1.93263207348175,0.0532815384061165,0.296066873507879,"ENSG00000275401","NS","grey80"
"C1orf220",29.1174419412788,-0.318402172336944,0.165122746976862,-1.92827565048661,0.0538208488309894,0.29759763471253,"C1orf220","NS","grey80"
"ENSG00000254859",58.0709052246479,0.371879914072622,0.193122683044971,1.92561489002317,0.0541524780915284,0.297970708718264,"ENSG00000254859","NS","grey80"
"ENSG00000230898",17.0766556832147,0.517551454867739,0.269593537197945,1.91974726192243,0.0548898312901393,0.297972936584468,"ENSG00000230898","NS","grey80"
"LINC00682",481.564115944304,0.113314203056254,0.0591673477578208,1.91514758309031,0.0554736850024275,0.297972936584468,"LINC00682","NS","grey80"
"LINC02315",85.936412907583,0.206925636015745,0.107860469371688,1.91845666184408,0.055053132307459,0.297972936584468,"LINC02315","NS","grey80"
"ENSG00000259865",106.548770158129,0.296917014659639,0.155023409486254,1.9153043765688,0.0554536977860319,0.297972936584468,"ENSG00000259865","NS","grey80"
"LINC01003",61.4292422306486,-0.244560418290855,0.127662797848932,-1.91567490617158,0.0554064884476258,0.297972936584468,"LINC01003","NS","grey80"
"ENSG00000251143",21.7346884634961,-0.423044330578401,0.221433617607243,-1.91047924497514,0.0560715362102447,0.299756838128702,"ENSG00000251143","NS","grey80"
"LINC01977",16.6874194084611,-0.494979719180007,0.259732674499425,-1.90572757214304,0.0566855600983591,0.301515877215146,"LINC01977","NS","grey80"
"ENSG00000272103",17.2412490486722,-0.431370277944567,0.226582854629377,-1.90380811756548,0.0569351789422217,0.301515877215146,"ENSG00000272103","NS","grey80"
"MIR1915HG",129.70575700011,0.181574373682886,0.0957988254031146,1.89537160731182,0.0580431874937113,0.301717582916619,"MIR1915HG","NS","grey80"
"ENSG00000255389",117.275215653542,0.175292296018478,0.0923477464106764,1.89817621795492,0.0576728725432263,0.301717582916619,"ENSG00000255389","NS","grey80"
"ENSG00000260160",14.6090093497887,0.484003491000727,0.255145689275275,1.89696910959188,0.0578320151652456,0.301717582916619,"ENSG00000260160","NS","grey80"
"ZNNT1",36.9613348462873,0.299896707842804,0.157766623154097,1.90088817170083,0.0573166617182308,0.301717582916619,"ZNNT1","NS","grey80"
"ENSG00000285730",15.8636329492799,-0.444909616063274,0.235218199756887,-1.89147615500466,0.0585608111063298,0.303011903339174,"ENSG00000285730","NS","grey80"
"ENSG00000272506",14.435956510533,-0.48356820893123,0.256057364858165,-1.88851513487646,0.058956828028813,0.303668045737448,"ENSG00000272506","NS","grey80"
"EBLN3P",1162.24066973016,0.0772032390212389,0.0409791353089258,1.88396456975565,0.0595697681016725,0.305430447357666,"EBLN3P","NS","grey80"
"LINC01088",25.5370557286297,0.370140029416216,0.197388913566357,1.87518145132191,0.0607677650552456,0.310163072318177,"LINC01088","NS","grey80"
"LINC01410",196.742579286675,0.149343748263915,0.0798355579832083,1.87064200509911,0.0613947182798674,0.310961597061245,"LINC01410","NS","grey80"
"LINC02977",149.656917025185,0.162339001700237,0.0868095409953867,1.87005944091864,0.0614755639580299,0.310961597061245,"LINC02977","NS","grey80"
"ENSG00000272489",32.0786862444878,0.341551187278046,0.183174438104442,1.86462254675131,0.0622343302152743,0.313394305726917,"ENSG00000272489","NS","grey80"
"ENSG00000273402",22.5579569607991,-0.402248727353324,0.216094523088756,-1.86144804414182,0.0626809312558766,0.314240402029461,"ENSG00000273402","NS","grey80"
"ENSG00000272077",89.0551713537386,0.203336128989811,0.10943808482027,1.85800152957492,0.0631687970966754,0.315284969579867,"ENSG00000272077","NS","grey80"
"ENSG00000269930",25.9721168154745,0.340513287816246,0.183897791279149,1.8516442500354,0.0640769244266442,0.318408681732399,"ENSG00000269930","NS","grey80"
"ENSG00000248975",79.626776122399,0.205599432128678,0.111352159236369,1.84638927110742,0.0648357039206847,0.319365388744683,"ENSG00000248975","NS","grey80"
"LINC01666",47.8288924943758,-0.261672941312281,0.141645075333798,-1.84738467395091,0.0646914088182144,0.319365388744683,"LINC01666","NS","grey80"
"ENSG00000279145",33.5727329437026,0.350638446766547,0.190463624987899,1.84097329234821,0.0656254726366805,0.321850144061633,"ENSG00000279145","NS","grey80"
"ENSG00000260973",24.4823756123233,0.374528560893808,0.203894673743103,1.83687270500109,0.0662286895865831,0.3220084562658,"ENSG00000260973","NS","grey80"
"LINC01902",26.7013565756222,0.347924181606955,0.189405877221777,1.83692389439198,0.066221131309483,0.3220084562658,"LINC01902","NS","grey80"
"ENSG00000280383",256.935213979182,-0.127690291041568,0.0696167533326803,-1.8341891129477,0.0666259269496499,0.322549551927919,"ENSG00000280383","NS","grey80"
"LINC02986",101.801119655125,0.190599140888717,0.104046748047062,1.83186062482708,0.0669721882025071,0.322840291847983,"LINC02986","NS","grey80"
"SCARNA9",76.5230421037532,-0.228300197214038,0.125161502391782,-1.82404487682969,0.068145288005386,0.32562688340943,"SCARNA9","NS","grey80"
"ENSG00000261578",126.179298446062,0.171772284312944,0.0942635769014349,1.82225510594145,0.0684162866737898,0.32562688340943,"ENSG00000261578","NS","grey80"
"ENSG00000272195",21.6214183508035,-0.379212685295822,0.207733256502313,-1.82547894198924,0.067928786111939,0.32562688340943,"ENSG00000272195","NS","grey80"
"FAM88B",257.658506256285,-0.116697161003007,0.0643199487176453,-1.81432297956719,0.069628015733365,0.330001688013595,"FAM88B","NS","grey80"
"ENSG00000271401",16.2200222010301,0.44096368159976,0.243794873181003,1.80874878887371,0.0704900395416434,0.332689391644242,"ENSG00000271401","NS","grey80"
"LINC00665",847.099381957838,-0.079332224421299,0.0440501300099159,-1.80095324130578,0.0717102502020213,0.3370381759495,"LINC00665","NS","grey80"
"ENSG00000256982",23.32144942026,0.423059725186071,0.237466928001292,1.78155218811678,0.0748222871939083,0.350205559978127,"ENSG00000256982","NS","grey80"
"ENSG00000285667",16.3593396298444,-0.415917692869752,0.234033921230816,-1.77716841508438,0.0755405344631213,0.352106292869425,"ENSG00000285667","NS","grey80"
"ENSG00000267784",35.3278766462759,0.306508548058766,0.173196819491049,1.76971233628575,0.0767750737815026,0.356387996812901,"ENSG00000267784","NS","grey80"
"LINC02035",241.285846517614,0.121109490402624,0.0685558455023124,1.76658152948518,0.0772983365387041,0.356741173177657,"LINC02035","NS","grey80"
"ENSG00000276900",17.2626002477372,-0.41272188101605,0.233773616323856,-1.76547673559659,0.0774836767983387,0.356741173177657,"ENSG00000276900","NS","grey80"
"ENSG00000261762",940.017912710413,0.0955072827671222,0.0542654152987548,1.76000279812313,0.0784073321467386,0.359526303502118,"ENSG00000261762","NS","grey80"
"MIR4458HG",92.7769800607482,-0.198391743000302,0.113278763781718,-1.75135865167625,0.0798841506401533,0.363344040008439,"MIR4458HG","NS","grey80"
"LINC03104",1504.82552222722,-0.0615112851495665,0.035092540704357,-1.7528307701565,0.0796310597480344,0.363344040008439,"LINC03104","NS","grey80"
"ENSG00000248783",48.5306025766951,-0.249698063431151,0.143385318968938,-1.74144790573185,0.0816050971713795,0.368202198437264,"ENSG00000248783","NS","grey80"
"ENSG00000270048",22.7191781153766,-0.369711884815352,0.212156442813773,-1.74263802650518,0.0813968632664764,0.368202198437264,"ENSG00000270048","NS","grey80"
"ENSG00000272688",17.7925896888828,0.418307942789615,0.240478999541694,1.73947805665704,0.081950708732266,0.368288444023888,"ENSG00000272688","NS","grey80"
"ENSG00000272807",55.6190161547102,0.241162328821537,0.139492105456462,1.72886005292112,0.0838341450700899,0.37230281747662,"ENSG00000272807","NS","grey80"
"ENSG00000273014",25.6046491555353,0.321641698116413,0.185690348965473,1.73214009186992,0.083248622420096,0.37230281747662,"ENSG00000273014","NS","grey80"
"LINC01144",16.5224964043087,-0.408056769180615,0.235984158993587,-1.72917017362892,0.0837786428164494,0.37230281747662,"LINC01144","NS","grey80"
"MEG8",79.1533489858361,-0.19687960640097,0.114564558054966,-1.71850360830189,0.0857047968656219,0.379117689664398,"MEG8","NS","grey80"
"LINC02693",89.6781993337852,0.1994507931267,0.116634444801782,1.71005052123035,0.0872565311532498,0.384474090394007,"LINC02693","NS","grey80"
"LINC00963",142.640028395976,0.155211049631581,0.0909204648198675,1.70710796451697,0.0878019870419409,0.385372145460348,"LINC00963","NS","grey80"
"ENSG00000230333",18.2068485787611,0.382673212419138,0.226082508663741,1.69262635433818,0.0905266113757786,0.392921695036679,"ENSG00000230333","NS","grey80"
"LINC01641",74.8503576652456,0.217472624479061,0.12849847580353,1.69241403930401,0.0905670573666104,0.392921695036679,"LINC01641","NS","grey80"
"CRNDE",190.040369829141,0.151000549540118,0.0891528360663708,1.69372682017321,0.0903172055500133,0.392921695036679,"CRNDE","NS","grey80"
"SPATA13",88.7253089087203,0.180039415231894,0.107167665069264,1.67997889209895,0.0929614226492868,0.394274110527162,"SPATA13","NS","grey80"
"ENSG00000256064",66.149620242455,-0.217634886118187,0.129558061208105,-1.67982512310529,0.0929913455682313,0.394274110527162,"ENSG00000256064","NS","grey80"
"ENSG00000260698",14.312445110528,0.458301537150273,0.272233867343357,1.68348465098296,0.0922813082633711,0.394274110527162,"ENSG00000260698","NS","grey80"
"ENSG00000266371",60.507126183167,0.268342951046232,0.159387782902381,1.6835854427474,0.0922618140012629,0.394274110527162,"ENSG00000266371","NS","grey80"
"ENSG00000267682",32.8259662811633,0.29098681368576,0.173586423029833,1.67632242549148,0.0936750546287937,0.394274110527162,"ENSG00000267682","NS","grey80"
"ENSG00000271860",21.3669938357726,0.341321620767579,0.203399000786435,1.6780889751074,0.0933297306808257,0.394274110527162,"ENSG00000271860","NS","grey80"
"ENSG00000277767",16.4697696806875,-0.411020560282753,0.243631431219702,-1.68705884222345,0.0915920380335318,0.394274110527162,"ENSG00000277767","NS","grey80"
"ENSG00000283360",15.8772045677306,-0.480181477818218,0.284595808033459,-1.68724016399343,0.0915571813424762,0.394274110527162,"ENSG00000283360","NS","grey80"
"LINC03022",27.1339922011575,-0.313118216178123,0.187131772140976,-1.67324988480436,0.0942781136723552,0.395337220157683,"LINC03022","NS","grey80"
"ENSG00000258422",16.5495567974035,-0.420371527639979,0.25273042087349,-1.66331985752679,0.0962484258439541,0.402104534636964,"ENSG00000258422","NS","grey80"
"MIAT",475.999284506668,-0.0963365322489728,0.0580186069997403,-1.66044200698242,0.0968255653956169,0.40302301758766,"MIAT","NS","grey80"
"ENSG00000272918",38.0796814539488,0.255524820122996,0.154159504160029,1.65753530095519,0.0974112979870622,0.403970382828699,"ENSG00000272918","NS","grey80"
"DUBR",150.602779691501,-0.143248631471045,0.0870011796039092,-1.64651366939177,0.099658048143721,0.411773913209221,"DUBR","NS","grey80"
"ENSG00000278600",155.173101790839,-0.146259222327569,0.0896440983506408,-1.63155439140544,0.102773392842056,0.423096303378976,"ENSG00000278600","NS","grey80"
"ENSG00000276007",17.7566421939806,0.367803636402936,0.225677969666258,1.62977200187887,0.103149693260735,0.42310128726585,"ENSG00000276007","NS","grey80"
"LINC00115",34.3813879235174,-0.294098141750842,0.180943287756153,-1.62536088184261,0.104085685921692,0.425393672897352,"LINC00115","NS","grey80"
"MIR646HG",17.4748374866808,-0.377284462555183,0.232990932908095,-1.61930963512647,0.10538065861857,0.426703660896088,"MIR646HG","NS","grey80"
"LINC01518",39.3996538885553,-0.25020748929095,0.154542065987553,-1.61902513527353,0.105441855111256,0.426703660896088,"LINC01518","NS","grey80"
"ENSG00000261476",18.162776947192,-0.338274265463175,0.208996509004996,-1.61856419073052,0.105541065062064,0.426703660896088,"ENSG00000261476","NS","grey80"
"ENSG00000235381",410.32537417782,0.0891685693766321,0.0554835250892448,1.60711795498223,0.108028495302817,0.435200509648489,"ENSG00000235381","NS","grey80"
"ENSG00000225806",16.0567773913385,-0.382365926203602,0.239222255129527,-1.59837104619121,0.109960424404444,0.43829574370056,"ENSG00000225806","NS","grey80"
"ENSG00000261167",88.864377054826,0.175324658262813,0.109557492022607,1.60029820896808,0.109532444004744,0.43829574370056,"ENSG00000261167","NS","grey80"
"ENSG00000271011",32.2208231170004,-0.28092130453156,0.175755774694475,-1.59836173246597,0.109962495981612,0.43829574370056,"ENSG00000271011","NS","grey80"
"H19",81.4417138715333,-0.184398030668531,0.1157653013105,-1.59286097458468,0.111191382733831,0.44163337930902,"H19","NS","grey80"
"FTX",5167.49616562817,0.0591839466374293,0.0374877685283625,1.57875352310319,0.114392602854789,0.441900191850005,"FTX","NS","grey80"
"LINC01278",258.188200042854,-0.119054996953565,0.0753657101770357,-1.57969714176251,0.1141762405154,0.441900191850005,"LINC01278","NS","grey80"
"ENSG00000251615",40.2716967204285,0.250869641656688,0.158848589675946,1.57930040278272,0.114267169521944,0.441900191850005,"ENSG00000251615","NS","grey80"
"ENSG00000269997",45.4461199720299,-0.240886561803167,0.152166691629005,-1.58304395807243,0.113411445566384,0.441900191850005,"ENSG00000269997","NS","grey80"
"ENSG00000270589",20.1405732677771,0.348979350119403,0.220362452629079,1.5836606733853,0.113270958714233,0.441900191850005,"ENSG00000270589","NS","grey80"
"ENSG00000272630",46.6889355434996,0.242511242921606,0.152473534949446,1.59051367833777,0.111719064896774,0.441900191850005,"ENSG00000272630","NS","grey80"
"ENSG00000273381",24.8707217301132,0.300642394806792,0.189893094095282,1.58321921204749,0.113371509012205,0.441900191850005,"ENSG00000273381","NS","grey80"
"ENSG00000273792",24.7056554079886,-0.318736501745871,0.2009391915236,-1.58623362286414,0.112686323252752,0.441900191850005,"ENSG00000273792","NS","grey80"
"LINC00663",60.558643478427,-0.201295616128354,0.127654139554645,-1.57688279307374,0.11482249649008,0.44204701720413,"LINC00663","NS","grey80"
"ENSG00000259915",35.7186892132515,0.26734998133423,0.170125721323794,1.57148477757453,0.116070087541086,0.445330131790288,"ENSG00000259915","NS","grey80"
"ENSG00000231252",29.1135111240249,-0.295973495992185,0.189082590109939,-1.56531331530891,0.117509462532394,0.449324317750985,"ENSG00000231252","NS","grey80"
"ENSG00000230815",15.6350166332479,-0.380845710908551,0.244647122665245,-1.55671444961022,0.119538296448073,0.455223885223211,"ENSG00000230815","NS","grey80"
"ENSG00000270127",37.3582468077043,0.255432895727791,0.164245148391053,1.55519294317071,0.119900124474358,0.455223885223211,"ENSG00000270127","NS","grey80"
"ENSG00000270140",14.8933766190921,0.42203848902926,0.271761245572804,1.5529752527433,0.120429046928141,0.455223885223211,"ENSG00000270140","NS","grey80"
"ENSG00000273165",25.5914381797321,0.298354015307069,0.192448550708785,1.55030533723552,0.121068246911735,0.455223885223211,"ENSG00000273165","NS","grey80"
"ENSG00000274422",189.966965717162,-0.125310639992113,0.0808300720129425,-1.55029727020468,0.121070182240216,0.455223885223211,"ENSG00000274422","NS","grey80"
"ENSG00000260257",214.41551760473,0.13055491039423,0.0845136996008499,1.54477807752859,0.122399951697747,0.458694835598202,"ENSG00000260257","NS","grey80"
"SNHG11",70.0071694001947,-0.184348472539321,0.119741362130201,-1.53955549911708,0.123668739858418,0.460463666155016,"SNHG11","NS","grey80"
"LINC00910",22.6605852087531,-0.316126194726111,0.205353310670906,-1.53942584949471,0.123700367405358,0.460463666155016,"LINC00910","NS","grey80"
"ENSG00000230922",34.0217549356067,-0.266411835311436,0.174343087284936,-1.5280894669258,0.126490326298231,0.460463666155016,"ENSG00000230922","NS","grey80"
"LINC02236",20.0195631580407,0.34522087065837,0.225085448856618,1.53373251097311,0.125095472163672,0.460463666155016,"LINC02236","NS","grey80"
"ENSG00000253706",17.273523843028,-0.375661506704198,0.246505947811751,-1.52394500026863,0.127522450911058,0.460463666155016,"ENSG00000253706","NS","grey80"
"ENSG00000269982",34.0098022740192,0.2558027060859,0.167777482660039,1.52465457241496,0.12734527803915,0.460463666155016,"ENSG00000269982","NS","grey80"
"ENSG00000271976",106.984169583527,0.151041078417313,0.0990113756883505,1.52549217064443,0.127136384897429,0.460463666155016,"ENSG00000271976","NS","grey80"
"ENSG00000272777",19.3658823506747,0.327717191325365,0.213665175241947,1.53378851258409,0.125081689956131,0.460463666155016,"ENSG00000272777","NS","grey80"
"ENSG00000272927",14.3270557741821,-0.393512170556517,0.256332349478019,-1.53516390482061,0.124743572151578,0.460463666155016,"ENSG00000272927","NS","grey80"
"ENSG00000273295",152.006055494224,0.131294212948982,0.0862530771825429,1.52219743616933,0.127959617355109,0.460463666155016,"ENSG00000273295","NS","grey80"
"ENSG00000276855",35.8470202485232,0.270976941137373,0.177544108172862,1.52625138578827,0.126947270609246,0.460463666155016,"ENSG00000276855","NS","grey80"
"ENSG00000279529",42.029906693337,-0.245349510357066,0.160795178456409,-1.5258511648941,0.127046935058767,0.460463666155016,"ENSG00000279529","NS","grey80"
"ENSG00000285669",56.6115264866628,0.199614038281779,0.131210790532353,1.52132334141039,0.128178715578613,0.460463666155016,"ENSG00000285669","NS","grey80"
"ENSG00000275297",34.4615005499161,-0.258214933578387,0.170113022470406,-1.5179022148249,0.129039051547875,0.462082698876202,"ENSG00000275297","NS","grey80"
"LINC01772",42.462982692322,0.248601979689182,0.164403501154936,1.51214528852945,0.130496905786384,0.464354920274577,"LINC01772","NS","grey80"
"ENSG00000269938",48.1893907958196,0.231178698209881,0.152758063516044,1.5133649438126,0.130186984531262,0.464354920274577,"ENSG00000269938","NS","grey80"
"LINC00174",279.423089104571,-0.102703953935512,0.0684289602826676,-1.50088432604062,0.133385482865719,0.472745341599836,"LINC00174","NS","grey80"
"ENSG00000239906",28.4687713412086,-0.296818362263335,0.199284875192039,-1.48941740800604,0.136377487340431,0.472745341599836,"ENSG00000239906","NS","grey80"
"ENSG00000248773",16.1698336944722,-0.383213662892137,0.25661296047034,-1.49335272150617,0.135344881778284,0.472745341599836,"ENSG00000248773","NS","grey80"
"ENSG00000248918",34.1492244672694,-0.239593996390929,0.159872455169396,-1.4986571397622,0.133962601060481,0.472745341599836,"ENSG00000248918","NS","grey80"
"ENSG00000253106",58.5940731508418,0.200790198365742,0.134510133075869,1.492751466185,0.135502255923362,0.472745341599836,"ENSG00000253106","NS","grey80"
"LEISA1",192.477515761649,-0.118477170500633,0.0794713495682058,-1.49081613870104,0.136009773434731,0.472745341599836,"LEISA1","NS","grey80"
"ENSG00000277245",14.9102024073676,0.394330160132691,0.26490248262086,1.48858612509522,0.136596387500364,0.472745341599836,"ENSG00000277245","NS","grey80"
"ENSG00000277728",14.2282851720534,-0.371679665623378,0.248530035697071,-1.49551205986391,0.134780854881499,0.472745341599836,"ENSG00000277728","NS","grey80"
"ENSG00000285822",64.9911482756529,-0.182554869149263,0.122645912507611,-1.48847087861925,0.136626756526194,0.472745341599836,"ENSG00000285822","NS","grey80"
"ENSG00000282057",30.4807570216114,0.301317505800116,0.20300823428548,1.48426248255718,0.137739299294093,0.475137399399807,"ENSG00000282057","NS","grey80"
"LINC01250",68.8629367256147,-0.178631369471895,0.120682582144501,-1.48017523571055,0.138826487470035,0.475645243816969,"LINC01250","NS","grey80"
"ENSG00000268119",59.4712649868232,0.193558907339694,0.13087518664572,1.47895802329328,0.13915153409539,0.475645243816969,"ENSG00000268119","NS","grey80"
"ENSG00000272106",73.2989722638363,-0.177173833587124,0.119565184612342,-1.48181792351647,0.138388748649469,0.475645243816969,"ENSG00000272106","NS","grey80"
"ENSG00000260077",14.3783999370666,-0.392122390102597,0.265726030608926,-1.47566419896473,0.140034061375761,0.475778377204392,"ENSG00000260077","NS","grey80"
"MIR4453HG",131.687932411676,-0.14073930405213,0.095316798846782,-1.47654249570806,0.139798315918451,0.475778377204392,"MIR4453HG","NS","grey80"
"MITA1",59.9582248435671,0.184732897359917,0.125434148316307,1.47274805018866,0.140818984927438,0.477008453447898,"MITA1","NS","grey80"
"ENSG00000273568",17.62978745786,-0.364655288969491,0.248268021317566,-1.46879685524641,0.141887897292597,0.479190263910329,"ENSG00000273568","NS","grey80"
"ENSG00000230532",23.3397393997211,0.304373604670726,0.208103057645695,1.46260995928727,0.143574136520097,0.480465293477082,"ENSG00000230532","NS","grey80"
"LINC01011",23.1175521698131,-0.267364375525685,0.183174240783808,-1.45961776274669,0.144395154688591,0.480465293477082,"LINC01011","NS","grey80"
"ENSG00000262879",291.838627446392,-0.104650902643001,0.0713958905466232,-1.46578328026683,0.14270733744491,0.480465293477082,"ENSG00000262879","NS","grey80"
"LINC01801",54.2986964999473,0.204134669915393,0.139773724847205,1.46046526368633,0.144162247505343,0.480465293477082,"LINC01801","NS","grey80"
"ENSG00000273989",31.212705128816,0.277405022810939,0.189616380226816,1.46298026826117,0.143472778236393,0.480465293477082,"ENSG00000273989","NS","grey80"
"LINC00310",21.5368773836643,0.285649436221549,0.196268002502684,1.45540502057967,0.145557167323862,0.481977842811697,"LINC00310","NS","grey80"
"LINC02803",36.6256215469839,0.247699184303087,0.17025479535804,1.4548734664547,0.145704294679777,0.481977842811697,"LINC02803","NS","grey80"
"ENSG00000263731",179.8621663134,0.12629314719537,0.0869539967552395,1.45241336693083,0.146386701794094,0.482819297145433,"ENSG00000263731","NS","grey80"
"SNHG12",136.013217444357,-0.142119993951243,0.0981452912772883,-1.44805718238396,0.147601059031371,0.485280953708272,"SNHG12","NS","grey80"
"ENSG00000267002",375.748377395551,-0.0957456425377435,0.066282779547523,-1.44450252677012,0.148597669486962,0.485280953708272,"ENSG00000267002","NS","grey80"
"ENSG00000276742",21.5085299679053,0.299419833988355,0.207413127791722,1.4435915275769,0.148853909559452,0.485280953708272,"ENSG00000276742","NS","grey80"
"ENSG00000277182",18.6015172194817,-0.315086278276181,0.218106252978486,-1.4446457814635,0.148557406382662,0.485280953708272,"ENSG00000277182","NS","grey80"
"ENSG00000213062",19.8908765641696,0.333094824560984,0.231464008574952,1.43907826798533,0.15012834852923,0.486666533615462,"ENSG00000213062","NS","grey80"
"ENSG00000244055",23.7516317890849,-0.290139874805745,0.20202815149682,-1.43613586847233,0.15096368339323,0.486666533615462,"ENSG00000244055","NS","grey80"
"LINC01252",42.5807894109377,-0.223978838400485,0.155961800561905,-1.43611344312214,0.150970063428705,0.486666533615462,"LINC01252","NS","grey80"
"LINC01909",22.5152199448838,0.290755479839811,0.202818326445592,1.43357597380535,0.151693303918188,0.486666533615462,"LINC01909","NS","grey80"
"ENSG00000274578",82.2228419946834,0.181909002999574,0.126851469860741,1.43403149525407,0.151563275258435,0.486666533615462,"ENSG00000274578","NS","grey80"
"ENSG00000285887",15.6271883573339,0.329907916254508,0.230227325508831,1.43296594149009,0.151867570773619,0.486666533615462,"ENSG00000285887","NS","grey80"
"ENSG00000260267",208.658758084216,-0.116526729351774,0.0815147631957627,-1.42951687256856,0.152855728947769,0.488445502133381,"ENSG00000260267","NS","grey80"
"LINC03011",41.4566055482833,0.220435490675911,0.155555043339644,1.4170899634196,0.156456626562899,0.498539759217374,"LINC03011","NS","grey80"
"LINC01776",148.767973673905,0.119105880382647,0.0842314198162387,1.4140314937406,0.157352655685548,0.49998252285436,"LINC01776","NS","grey80"
"ENSG00000266805",22.1991430942148,-0.299908719504435,0.212681255483039,-1.41013235427488,0.158500605379028,0.502215401313323,"ENSG00000266805","NS","grey80"
"ENSG00000229311",91.3146298360849,0.151780169170398,0.10814819242246,1.40344619517539,0.160483825848104,0.507074945536865,"ENSG00000229311","NS","grey80"
"SNHG16",4314.66711194703,0.0482636288062624,0.034450337677225,1.40096243057058,0.161225308008276,0.50799482523278,"SNHG16","NS","grey80"
"ENSG00000259539",33.2728026035974,-0.231349932203515,0.165510207368597,-1.39779857618262,0.162173562063162,0.509559270215173,"ENSG00000259539","NS","grey80"
"FAM247B",33.9726351181339,0.255956010346533,0.183884524343218,1.39193883368235,0.163940921004967,0.512258611893636,"FAM247B","NS","grey80"
"HYMAI",26.2350922283477,0.271787132938742,0.195189291029388,1.39242850622282,0.163792677258562,0.512258611893636,"HYMAI","NS","grey80"
"LINC01194",119.573574883842,0.129493939212812,0.0933446714876775,1.38726653754314,0.165360502791534,0.513847512806752,"LINC01194","NS","grey80"
"ENSG00000270012",56.7134892069285,-0.184564047836049,0.132995816463908,-1.38774325947414,0.165215238163291,0.513847512806752,"ENSG00000270012","NS","grey80"
"LINC02976",52.4812946913395,-0.193242334942629,0.139937993589257,-1.38091400331085,0.167305403787003,0.517670962298819,"LINC02976","NS","grey80"
"ENSG00000232545",28.2837878620983,-0.253706136183033,0.183811334874681,-1.38025294444439,0.16750877769421,0.517670962298819,"ENSG00000232545","NS","grey80"
"LINC01341",74.7715429553351,0.153476474005083,0.111504887335454,1.37641028723127,0.168694644856184,0.519472385186894,"LINC01341","NS","grey80"
"LINC01515",823.638252932569,0.0667815959584514,0.0486435751098393,1.37287598223724,0.169790904332981,0.519472385186894,"LINC01515","NS","grey80"
"ENSG00000228886",16.4383988649671,-0.331381735657893,0.241526928791115,-1.37202811014291,0.170054687164448,0.519472385186894,"ENSG00000228886","NS","grey80"
"ENSG00000258337",14.3864882819535,0.362977597663811,0.265336536725328,1.36798950549189,0.171315361072274,0.519472385186894,"ENSG00000258337","NS","grey80"
"ENSG00000272356",87.8225682647123,0.139718593125053,0.102127377314218,1.36808167211792,0.171286512916884,0.519472385186894,"ENSG00000272356","NS","grey80"
"ENSG00000274383",23.1222902837156,-0.287633466942769,0.209907648070286,-1.37028578799786,0.170597707699919,0.519472385186894,"ENSG00000274383","NS","grey80"
"LINC00581",24.285713937151,0.298006227440842,0.217195387991472,1.37206517227034,0.170043150291158,0.519472385186894,"LINC00581","NS","grey80"
"ENSG00000230498",23.2306266451817,0.269031235149575,0.197142486483905,1.36465375854707,0.172361899805035,0.519850863583101,"ENSG00000230498","NS","grey80"
"LINC01404",14.3870279670139,-0.348078279810764,0.254925164636666,-1.36541357267285,0.172123100362751,0.519850863583101,"LINC01404","NS","grey80"
"ENSG00000254330",23.6449046822137,-0.274782218383965,0.202000025213563,-1.3603078420087,0.173732527810716,0.521197583432147,"ENSG00000254330","NS","grey80"
"ENSG00000262663",21.3719314987716,-0.297525841623681,0.218581807665888,-1.36116470442253,0.173461645504391,0.521197583432147,"ENSG00000262663","NS","grey80"
"ENSG00000232184",29.1494039499567,0.264138372004196,0.194822061856363,1.35579291938168,0.175165064807591,0.522714796568683,"ENSG00000232184","NS","grey80"
"LINC01237",64.2859914686729,-0.165776909023325,0.122195335881322,-1.35665496418235,0.17489086852069,0.522714796568683,"LINC01237","NS","grey80"
"LINC02731",19.0079204149816,-0.291604919970938,0.217225576568561,-1.34240601211571,0.179464386421854,0.532071109845758,"LINC02731","NS","grey80"
"ENSG00000205037",26.0958097417886,0.333554814185367,0.248281040715579,1.3434566458398,0.179124155280216,0.532071109845758,"ENSG00000205037","NS","grey80"
"ENSG00000270696",167.863881141295,0.114787470678367,0.0855581214340545,1.34163149861631,0.179715507846838,0.532071109845758,"ENSG00000270696","NS","grey80"
"FAM201A",21.6218697845091,-0.282982069816849,0.212221587138218,-1.33342735596707,0.182391600066529,0.535775325195428,"FAM201A","NS","grey80"
"ENSG00000261584",90.4368080290609,0.144055287770241,0.107955654907774,1.33439316257501,0.182075039684748,0.535775325195428,"ENSG00000261584","NS","grey80"
"ENSG00000268912",66.3493938932815,0.166372732986885,0.124524016904915,1.33606943561678,0.181526578995006,0.535775325195428,"ENSG00000268912","NS","grey80"
"ENSG00000260585",48.0529533859586,0.178439639440268,0.134444413165059,1.32723729636274,0.184430198528096,0.540356529713485,"ENSG00000260585","NS","grey80"
"ENSG00000267651",24.1014196409895,0.265259116306121,0.201224759383538,1.3182230512724,0.187428991133533,0.547719953364314,"ENSG00000267651","NS","grey80"
"ENSG00000225156",143.480328243406,0.120697685998314,0.0917571873400136,1.31540307083585,0.188374474029682,0.549060482443104,"ENSG00000225156","NS","grey80"
"ENSG00000246090",132.912449545994,0.119261937625878,0.090924818149406,1.31165439814144,0.18963676971174,0.551315144935162,"ENSG00000246090","NS","grey80"
"GOLGA8M",17.7325548600844,-0.296690308402866,0.22699443281056,-1.30703781907494,0.191199867532453,0.553330437856921,"GOLGA8M","NS","grey80"
"ENSG00000269514",32.6624905861005,-0.231072556268358,0.176835311682916,-1.30671048711523,0.191311055642021,0.553330437856921,"ENSG00000269514","NS","grey80"
"ENSG00000271204",36.981323861298,0.220495897631463,0.169445330200282,1.30128046238182,0.193162472282465,0.557256441776523,"ENSG00000271204","NS","grey80"
"ENSG00000203644",56.4145113891007,-0.171637694737859,0.134849835173885,-1.27280611442007,0.203086850939575,0.565532936222476,"ENSG00000203644","NS","grey80"
"LINC02848",16.3955769638904,-0.292780917554133,0.23144230869496,-1.26502763995505,0.205861419883808,0.565532936222476,"LINC02848","NS","grey80"
"MIR34AHG",176.18029173168,-0.10482155543929,0.0818186145270927,-1.28114556870895,0.200142540610081,0.565532936222476,"MIR34AHG","NS","grey80"
"ENSG00000230325",21.0695020331701,0.298606689559475,0.237195221761518,1.25890685040739,0.208063979195326,0.565532936222476,"ENSG00000230325","NS","grey80"
"ENSG00000231236",29.1481182065804,0.225217661892183,0.178716406350874,1.26019578443186,0.207598743222422,0.565532936222476,"ENSG00000231236","NS","grey80"
"ENSG00000233461",31.7210385982699,-0.230826246358938,0.180643006574228,-1.27780339098867,0.201318758459169,0.565532936222476,"ENSG00000233461","NS","grey80"
"LINC01695",415.814553035501,0.0842580757483257,0.0661239575700638,1.27424429578413,0.202576851243545,0.565532936222476,"LINC01695","NS","grey80"
"ENSG00000239415",17.0760075062767,-0.295398274858595,0.23060799333296,-1.28095418805405,0.20020975777567,0.565532936222476,"ENSG00000239415","NS","grey80"
"GHRLOS",29.1663559090766,0.239580792026512,0.18621027252918,1.28661426017176,0.198228770827458,0.565532936222476,"GHRLOS","NS","grey80"
"NRAV",97.9492017346292,0.13493543153549,0.107152491031121,1.25928413084022,0.207927723029245,0.565532936222476,"NRAV","NS","grey80"
"ENSG00000248015",17.2574074820459,0.291169578202911,0.229026809515597,1.27133403647699,0.203609838570263,0.565532936222476,"ENSG00000248015","NS","grey80"
"ENSG00000255893",39.9430090657614,-0.196244764371765,0.152203542606245,-1.28935740266871,0.197273863265654,0.565532936222476,"ENSG00000255893","NS","grey80"
"ENSG00000256417",207.327016723138,-0.0996693285441186,0.0776692597650781,-1.2832532310155,0.199403372175889,0.565532936222476,"ENSG00000256417","NS","grey80"
"ENSG00000256973",28.7460309217187,0.237689104935731,0.188111495728542,1.26355438308105,0.206390015447808,0.565532936222476,"ENSG00000256973","NS","grey80"
"ENSG00000259366",143.395662143886,0.118171877320283,0.0925039778141525,1.27747887293776,0.201433234594994,0.565532936222476,"ENSG00000259366","NS","grey80"
"ENSG00000261071",16.1493442397874,-0.311076949661582,0.246986286480223,-1.259490776167,0.207853119769997,0.565532936222476,"ENSG00000261071","NS","grey80"
"ENSG00000261770",77.5631172128653,-0.144773847317232,0.113585763619064,-1.27457740041053,0.202458860782877,0.565532936222476,"ENSG00000261770","NS","grey80"
"ENSG00000270116",40.5041756008301,-0.208227943662482,0.163199554302587,-1.27591000203597,0.201987334961538,0.565532936222476,"ENSG00000270116","NS","grey80"
"ENSG00000274667",21.0776611995265,0.261424321122257,0.2044092599244,1.27892601939336,0.200923109035374,0.565532936222476,"ENSG00000274667","NS","grey80"
"ENSG00000278434",23.4697108836936,-0.265386667238001,0.209927919626737,-1.26417995143224,0.206165445069474,0.565532936222476,"ENSG00000278434","NS","grey80"
"ENSG00000278829",23.9079249625072,-0.283143424599914,0.221756546888463,-1.27682103898527,0.201665436018872,0.565532936222476,"ENSG00000278829","NS","grey80"
"GSEC",67.0925313674151,-0.144996014761976,0.114431737231224,-1.26709615942465,0.205120908663299,0.565532936222476,"GSEC","NS","grey80"
"LINC00538",53.8590119733158,-0.171349691984894,0.135313576264229,-1.26631559608104,0.205400115446782,0.565532936222476,"LINC00538","NS","grey80"
"ENSG00000285804",82.2284437596535,-0.135688395098733,0.107193031913482,-1.26583223439608,0.205573151898759,0.565532936222476,"ENSG00000285804","NS","grey80"
"MILIP",41.6959838309289,-0.187158980819916,0.148978855546252,-1.25627881979406,0.209014898279278,0.56675193571881,"MILIP","NS","grey80"
"ENSG00000259932",19.5962583488605,0.28752158637817,0.230170530253439,1.2491676760773,0.211603751925586,0.572395760604462,"ENSG00000259932","NS","grey80"
"ENSG00000249476",55.6110342076983,0.168258377743627,0.135477038644362,1.24196970517874,0.21424773976566,0.57816136472647,"ENSG00000249476","NS","grey80"
"ENSG00000260686",41.0220119171288,0.183259738669789,0.147755067304373,1.24029410302577,0.214866632756105,0.578447641405456,"ENSG00000260686","NS","grey80"
"FLJ36000",40.3276512623486,0.193314306243051,0.156271476452717,1.23704152946646,0.216071665151535,0.58030675783555,"FLJ36000","NS","grey80"
"LINC02256",15.716964913252,-0.304942896063091,0.248075628736771,-1.22923359144908,0.21898423779066,0.586360825541807,"LINC02256","NS","grey80"
"ENSG00000274425",14.2756341630936,-0.305490758637435,0.248727005961599,-1.22821708666649,0.219365486151279,0.586360825541807,"ENSG00000274425","NS","grey80"
"ENSG00000272831",58.2143144639033,-0.163207273688619,0.133490228552082,-1.22261588326627,0.221474811148669,0.589207820976996,"ENSG00000272831","NS","grey80"
"ENSG00000279726",32.9969936311107,-0.199439690541429,0.163125553795284,-1.22261464192003,0.221475280225396,0.589207820976996,"ENSG00000279726","NS","grey80"
"PCAT6",47.9730239414499,-0.197913396193429,0.163564578719337,-1.21000156478275,0.226278292449604,0.593585846239891,"PCAT6","NS","grey80"
"SNHG31",30.8750111843719,-0.218793097760609,0.180008059628578,-1.21546278656666,0.224189633723675,0.593585846239891,"SNHG31","NS","grey80"
"ENSG00000247679",20.4826546479716,0.262866611263455,0.2166913830877,1.21309212908142,0.22509459893439,0.593585846239891,"ENSG00000247679","NS","grey80"
"ENSG00000272563",52.5602238045996,0.17166132594136,0.141275000081093,1.21508636236295,0.224333154414728,0.593585846239891,"ENSG00000272563","NS","grey80"
"ENSG00000273230",25.7932395303313,0.219791078022397,0.181240961089008,1.21270090768531,0.225244192686156,0.593585846239891,"ENSG00000273230","NS","grey80"
"ENSG00000278915",16.9533332493184,-0.280632084870141,0.231833788274887,-1.21048828541503,0.226091583203957,0.593585846239891,"ENSG00000278915","NS","grey80"
"ENSG00000274895",131.20227379364,0.105435990205518,0.0877998873379654,1.20086703300275,0.229802784162508,0.601432808666609,"ENSG00000274895","NS","grey80"
"ENSG00000261096",23.9662909394338,-0.235413469702729,0.196415416360681,-1.19854884135182,0.230703420791114,0.602392265399019,"ENSG00000261096","NS","grey80"
"ENSG00000261560",19.8498966015329,-0.277204204729953,0.231929878361239,-1.19520695948539,0.232006180120065,0.603002237731413,"ENSG00000261560","NS","grey80"
"LINC01297",132.886650942558,-0.109428459540457,0.0915117864180856,-1.19578541544929,0.231780308788278,0.603002237731413,"LINC01297","NS","grey80"
"ENSG00000277342",55.4745492067007,0.153104159890217,0.128315300647038,1.19318708772982,0.232796110452855,0.603664396760507,"ENSG00000277342","NS","grey80"
"ENSG00000224635",34.185445335564,0.210086771419108,0.177495971852701,1.18361430530634,0.236565775012999,0.611253881564035,"ENSG00000224635","NS","grey80"
"MIRLET7IHG",227.184767350903,0.0847565261015811,0.0716679802883885,1.18262752432153,0.236956799126312,0.611253881564035,"MIRLET7IHG","NS","grey80"
"LINC02591",41.42585493669,0.172017843557484,0.145575510341712,1.18163998294565,0.237348581671141,0.611253881564035,"LINC02591","NS","grey80"
"ENSG00000227960",33.5333860955034,-0.210294401307105,0.178518794870737,-1.17799586009628,0.238798256668965,0.612191894369528,"ENSG00000227960","NS","grey80"
"ENSG00000262265",65.6025066348237,-0.141156861060395,0.119693314212172,-1.17932118422401,0.23827030589242,0.612191894369528,"ENSG00000262265","NS","grey80"
"ENSG00000275927",18.866682611786,-0.320967167739061,0.275202923084559,-1.16629272735029,0.243496112604005,0.6228199887014,"ENSG00000275927","NS","grey80"
"ENSG00000273284",24.1191413826927,0.217370124937621,0.187411495998789,1.15985480922166,0.246107924457363,0.628076332099334,"ENSG00000273284","NS","grey80"
"ENSG00000276248",45.103075408084,-0.163249912192542,0.141240270383741,-1.1558312069851,0.247750205641931,0.630840252740629,"ENSG00000276248","NS","grey80"
"ENSG00000224090",50.7839343970456,-0.160691385054941,0.141798799326515,-1.13323516008709,0.257115512593657,0.632612999063275,"ENSG00000224090","NS","grey80"
"ENSG00000226180",23.9639762644777,0.232327898934281,0.204209316321609,1.13769490598748,0.255247901250285,0.632612999063275,"ENSG00000226180","NS","grey80"
"ENSG00000226530",21.1175476778678,0.237865506819429,0.208836174178317,1.13900528850105,0.254700948419993,0.632612999063275,"ENSG00000226530","NS","grey80"
"ENSG00000230454",34.0780838596418,-0.194080367895353,0.170272556287285,-1.13982177825474,0.254360558624288,0.632612999063275,"ENSG00000230454","NS","grey80"
"ENSG00000230551",698.93739185046,-0.0753216194181134,0.0655626982682613,-1.14884868084474,0.25061838197219,0.632612999063275,"ENSG00000230551","NS","grey80"
"FAM27C",38.0311072802008,-0.185134200854999,0.162155112686841,-1.14171053744408,0.253574359296808,0.632612999063275,"FAM27C","NS","grey80"
"FAM215B",27.9155102541227,-0.21106261957044,0.186187498261387,-1.13360253261543,0.256961310212169,0.632612999063275,"FAM215B","NS","grey80"
"MALAT1",146819.727191127,-0.0311767238257704,0.0272233886580948,-1.14521833476818,0.252118725151761,0.632612999063275,"MALAT1","NS","grey80"
"ENSG00000256712",38.9007728898268,-0.187196951302791,0.164741073444569,-1.13631013437447,0.255826790864269,0.632612999063275,"ENSG00000256712","NS","grey80"
"LINC01833",238.257431716084,0.0769723546412146,0.0673745224553674,1.14245491969469,0.253264974173212,0.632612999063275,"LINC01833","NS","grey80"
"ENSG00000259946",282.608640971654,0.0887315503671955,0.0783137226743698,1.13302684813163,0.257202978795462,0.632612999063275,"ENSG00000259946","NS","grey80"
"ENSG00000260398",42.1197165684082,0.161195789669846,0.142334852265571,1.13251102666747,0.257419651214577,0.632612999063275,"ENSG00000260398","NS","grey80"
"ENSG00000267904",42.0593751672076,-0.166273000713144,0.146419358684688,-1.1355943790958,0.256126362390465,0.632612999063275,"ENSG00000267904","NS","grey80"
"ENSG00000269984",20.7103120297827,0.230445820848985,0.201968436268481,1.14099918337066,0.253870262828411,0.632612999063275,"ENSG00000269984","NS","grey80"
"ENSG00000271265",18.1719731688574,-0.269921558605992,0.234276268147854,-1.15215066698792,0.249259165794665,0.632612999063275,"ENSG00000271265","NS","grey80"
"ENSG00000274204",67.4668978983979,0.176298036239085,0.154154793495584,1.14364290750476,0.252771759513295,0.632612999063275,"ENSG00000274204","NS","grey80"
"GRASLND",228.07819776097,0.0893074500226395,0.0792126172153397,1.1274397079932,0.259556618475188,0.634035808591318,"GRASLND","NS","grey80"
"ENSG00000277687",98.7978710752717,0.119771539918101,0.106261811698958,1.12713624963798,0.259684879050699,0.634035808591318,"ENSG00000277687","NS","grey80"
"ENSG00000282390",319.272411040418,-0.0742855243822362,0.0658536025649945,-1.12804040308835,0.259302856350406,0.634035808591318,"ENSG00000282390","NS","grey80"
"EPIC1",99.9314759928371,-0.113267843879457,0.10079797032566,-1.12371155404725,0.261135413228908,0.636200315598722,"EPIC1","NS","grey80"
"ENSG00000272936",21.277910955094,0.235036628240598,0.210412394701947,1.11702843634061,0.263982166837961,0.641749750416423,"ENSG00000272936","NS","grey80"
"ENSG00000272812",37.2104167054834,-0.186297455085226,0.167028093524733,-1.11536599115669,0.26469361699775,0.642095483813896,"ENSG00000272812","NS","grey80"
"ENSG00000250069",31.2142146676966,0.276934944055013,0.249350337813056,1.1106259028317,0.266729408425681,0.644262896582801,"ENSG00000250069","NS","grey80"
"ENSG00000264577",31.1674677049346,0.19387238557085,0.174504478840184,1.11098802081982,0.266573505633159,0.644262896582801,"ENSG00000264577","NS","grey80"
"ENSG00000203327",33.3025927293901,0.185987544923755,0.169044245243492,1.10022997030072,0.271231935504795,0.645844839048885,"ENSG00000203327","NS","grey80"
"ENSG00000204584",17.6241868427407,-0.272832064788699,0.247180438224988,-1.10377692809316,0.269689915520654,0.645844839048885,"ENSG00000204584","NS","grey80"
"LINC00205",502.06075293103,0.062134166995571,0.0564926927453673,1.09986201712196,0.271392246196074,0.645844839048885,"LINC00205","NS","grey80"
"ENSG00000237188",14.3964204362362,0.281882611154094,0.255777908855773,1.10206003487596,0.270435572553504,0.645844839048885,"ENSG00000237188","NS","grey80"
"PVT1",519.079702814623,0.0554557366036066,0.0502133967430695,1.10440121960601,0.26941913198596,0.645844839048885,"PVT1","NS","grey80"
"ENSG00000254556",109.729543721827,0.118100643441128,0.10675529719206,1.1062743165677,0.268607804840368,0.645844839048885,"ENSG00000254556","NS","grey80"
"MIR762HG",46.7733649222395,0.153584308425848,0.139132352848111,1.10387199872566,0.269648667029264,0.645844839048885,"MIR762HG","NS","grey80"
"LINC02934",16.3906980993893,0.259954813399241,0.236844526825234,1.09757576788363,0.272389778922488,0.646854043420139,"LINC02934","NS","grey80"
"ENSG00000258944",22.4830386288872,0.223851462429086,0.204502773315111,1.09461333360091,0.273686071610687,0.648566993228688,"ENSG00000258944","NS","grey80"
"MIR181A2HG",72.5285409377925,0.124172096760799,0.116193677985563,1.06866482680949,0.285220726017666,0.652293477628633,"MIR181A2HG","NS","grey80"
"HAGLR",147.959352180522,-0.0982547816347416,0.0919185830015089,-1.06893272748916,0.285099983593787,0.652293477628633,"HAGLR","NS","grey80"
"ENSG00000224376",14.3549802923304,0.297013968174548,0.275026637314726,1.07994618657487,0.280166144368672,0.652293477628633,"ENSG00000224376","NS","grey80"
"ENSG00000225213",18.4201692350328,0.353084053701376,0.326834821659171,1.08031344979997,0.280002622413815,0.652293477628633,"ENSG00000225213","NS","grey80"
"XIST",31270.568342912,0.0316183585167838,0.0296498048077087,1.06639347954706,0.286245808001927,0.652293477628633,"XIST","NS","grey80"
"ENSG00000233967",39.6357332369317,0.173922156777774,0.163001400451123,1.06699792944372,0.285972770933123,0.652293477628633,"ENSG00000233967","NS","grey80"
"LNCTAM34A",16.9454168200367,-0.263448898582896,0.242688379251307,-1.08554393661384,0.277680815042457,0.652293477628633,"LNCTAM34A","NS","grey80"
"ENSG00000254048",41.86951926948,0.166509189321267,0.154162618370919,1.08008796867112,0.280103008973559,0.652293477628633,"ENSG00000254048","NS","grey80"
"ENSG00000259994",63.4781735066568,0.137519669255252,0.127079929250586,1.08215097432169,0.279185448697692,0.652293477628633,"ENSG00000259994","NS","grey80"
"ENSG00000260855",130.124875269429,0.100822554523077,0.0932411345887557,1.08130982068976,0.279559320381413,0.652293477628633,"ENSG00000260855","NS","grey80"
"ENSG00000261351",16.1443920968478,-0.281484569957315,0.261940692372437,-1.07461184212299,0.282548547746175,0.652293477628633,"ENSG00000261351","NS","grey80"
"ENSG00000267886",53.7988547414492,-0.143351528817541,0.133143845505675,-1.07666658021704,0.281629247765976,0.652293477628633,"ENSG00000267886","NS","grey80"
"ENSG00000270137",15.6756823105226,-0.294587001714518,0.274273410863125,-1.07406328884549,0.282794316840721,0.652293477628633,"ENSG00000270137","NS","grey80"
"ENSG00000272386",21.8982402337155,0.213818808664369,0.197905755401863,1.08040722833044,0.279960878429199,0.652293477628633,"ENSG00000272386","NS","grey80"
"ENSG00000273058",26.7123028927672,0.208735818558159,0.195628425738941,1.06700147368517,0.285971170477064,0.652293477628633,"ENSG00000273058","NS","grey80"
"ENSG00000274492",149.339046094854,0.0872882406809173,0.0813936817679905,1.07242034989557,0.283531271686466,0.652293477628633,"ENSG00000274492","NS","grey80"
"ENSG00000280164",213.665757688113,0.0915632205482214,0.0853277563162106,1.07307662244045,0.28323673894888,0.652293477628633,"ENSG00000280164","NS","grey80"
"ENSG00000284052",50.9244328586858,-0.159065981319009,0.149030447391226,-1.06733881635232,0.285818865975141,0.652293477628633,"ENSG00000284052","NS","grey80"
"ENSG00000285570",16.9814804145707,-0.248870443408529,0.232219134165376,-1.07170515600706,0.283852484237284,0.652293477628633,"ENSG00000285570","NS","grey80"
"ENSG00000261020",38.3896316805792,0.165248554326326,0.156315744590202,1.05714593727934,0.290444988806435,0.659199089283015,"ENSG00000261020","NS","grey80"
"ENSG00000267298",20.2688415486105,-0.233149040471612,0.220464415093053,-1.05753593101728,0.290267065177902,0.659199089283015,"ENSG00000267298","NS","grey80"
"ENSG00000271452",31.7764083756761,0.175709468127422,0.166542781734404,1.0550410308844,0.291406559630462,0.659972775149339,"ENSG00000271452","NS","grey80"
"ENSG00000276337",47.3775568398717,0.166609028855862,0.158097037666695,1.05384029526924,0.291956041488936,0.659972775149339,"ENSG00000276337","NS","grey80"
"ENSG00000272505",58.3919514371712,-0.137350445837103,0.130688391788249,-1.05097663195403,0.293269322483008,0.661615591521665,"ENSG00000272505","NS","grey80"
"ENSG00000267260",25.3989345256923,-0.199848947122145,0.190994917547884,-1.04635740933809,0.295396048895385,0.66508331966865,"ENSG00000267260","NS","grey80"
"ENSG00000281195",237.042611665728,0.0712265764195324,0.0684316513729615,1.04084257782029,0.297948615563313,0.669494100309595,"ENSG00000281195","NS","grey80"
"LINC01117",15.4691227580497,-0.24253255524261,0.234291331920774,-1.03517510978436,0.300587140525622,0.670083585993876,"LINC01117","NS","grey80"
"LINC01128",261.751080596393,-0.0686958776231262,0.0663125864343553,-1.03594025383296,0.300230016580094,0.670083585993876,"LINC01128","NS","grey80"
"LINC00526",18.5728078214809,-0.226038540960624,0.21793405645921,-1.03718778346573,0.299648350375908,0.670083585993876,"LINC00526","NS","grey80"
"ENSG00000278576",88.8628867333622,-0.111749689642213,0.107570103465434,-1.03885453338921,0.298872394584102,0.670083585993876,"ENSG00000278576","NS","grey80"
"ENSG00000273449",40.5582685556984,0.156796687282864,0.152136988899265,1.03062830687864,0.302715156468342,0.673496442793471,"ENSG00000273449","NS","grey80"
"ENSG00000277879",14.3347428429095,0.276362635871556,0.268915177482625,1.02769445168045,0.304093578544301,0.675231410625929,"ENSG00000277879","NS","grey80"
"ENSG00000265401",23.5413370783739,0.223275484653827,0.217960729477935,1.02438400343319,0.30565393458362,0.676555360607404,"ENSG00000265401","NS","grey80"
"ENSG00000278462",17.2865786611493,0.283622505923762,0.277006095596067,1.02388543224458,0.305889391763986,0.676555360607404,"ENSG00000278462","NS","grey80"
"LINC01828",50.1781824957027,0.159511786244742,0.156479276740856,1.01937962372429,0.308022775910201,0.679940687332106,"LINC01828","NS","grey80"
"ENSG00000229587",16.0815660739595,-0.271918944998328,0.267163536897884,-1.01779961500607,0.308773195038958,0.680265945320204,"ENSG00000229587","NS","grey80"
"LINC00304",23.5556266113602,0.204022577384791,0.202870570405817,1.00567853176865,0.314570233449467,0.68642399226666,"LINC00304","NS","grey80"
"ENSG00000229727",28.4393250801952,-0.197410095381144,0.195877595034279,-1.00782376538061,0.313539074700576,0.68642399226666,"ENSG00000229727","NS","grey80"
"ENSG00000247121",25.1066761067661,-0.189935990474579,0.188073729915854,-1.00990175799437,0.31254236033824,0.68642399226666,"ENSG00000247121","NS","grey80"
"LCDR",18.8827118928096,-0.20372455579174,0.202591295928064,-1.00559382306374,0.314610996455552,0.68642399226666,"LCDR","NS","grey80"
"ENSG00000283674",25.9406273071188,0.192788454151952,0.191396458135582,1.00727284104382,0.313803677368851,0.68642399226666,"ENSG00000283674","NS","grey80"
"LINC00324",22.7841422237145,-0.212490251075493,0.214891794938721,-0.988824404096429,0.322749061985962,0.688339989439575,"LINC00324","NS","grey80"
"ENSG00000229591",18.3980726175396,0.219110025505671,0.221472919548341,0.989331002420123,0.322501220412783,0.688339989439575,"ENSG00000229591","NS","grey80"
"ENSG00000231125",21.5153492398022,-0.215328875196813,0.217163896892894,-0.991550060933995,0.321417060478335,0.688339989439575,"ENSG00000231125","NS","grey80"
"ENSG00000231754",28.7717608175139,-0.174780038235144,0.175250593234595,-0.997314959163523,0.318611654888408,0.688339989439575,"ENSG00000231754","NS","grey80"
"ENSG00000233651",70.2763686822038,0.122926958316207,0.124374316731459,0.988362883485201,0.322974958426199,0.688339989439575,"ENSG00000233651","NS","grey80"
"ENSG00000260136",16.7703610531959,-0.240864951943078,0.242836912167505,-0.991879487320004,0.321256316569788,0.688339989439575,"ENSG00000260136","NS","grey80"
"ENSG00000267632",41.770655509424,-0.167520568797956,0.167618602411647,-0.999415138819436,0.317593629199253,0.688339989439575,"ENSG00000267632","NS","grey80"
"ENSG00000269924",23.7498253476683,-0.208041943140381,0.208050719535868,-0.999957816077219,0.317330922842214,0.688339989439575,"ENSG00000269924","NS","grey80"
"MIRLET7A1HG",116.796354477524,-0.112487621289927,0.112679258428996,-0.998299268723093,0.318134262118293,0.688339989439575,"MIRLET7A1HG","NS","grey80"
"LINC02973",15.4174302223937,-0.242977423824335,0.245105192876971,-0.991318955638346,0.321529859863366,0.688339989439575,"LINC02973","NS","grey80"
"FAM106A",20.9654697939745,0.21185834039041,0.214550988182754,0.987449846700073,0.323422158158666,0.688339989439575,"FAM106A","NS","grey80"
"ENSG00000273306",24.3013043723282,0.192564798718329,0.194666734049177,0.989202390736583,0.32256412895799,0.688339989439575,"ENSG00000273306","NS","grey80"
"ENSG00000274292",14.7795127045187,-0.250984359666147,0.252670420539853,-0.993327034996405,0.320550606720264,0.688339989439575,"ENSG00000274292","NS","grey80"
"FAM30A",698.972629716159,-0.0524031248738716,0.0532250874012414,-0.984556859039548,0.324841789320128,0.688572162618222,"FAM30A","NS","grey80"
"ENSG00000250038",97.4895051796712,-0.103563188787544,0.105433845663599,-0.982257529692853,0.325972991877775,0.688572162618222,"ENSG00000250038","NS","grey80"
"ENSG00000251393",37.9736879134365,-0.155094211810975,0.157387388900378,-0.985429727849065,0.324413033307748,0.688572162618222,"ENSG00000251393","NS","grey80"
"ENSG00000253347",17.9775348131203,0.238211832550635,0.242511975338807,0.982268328060235,0.325967673419992,0.688572162618222,"ENSG00000253347","NS","grey80"
"ENSG00000268362",146.7280264777,-0.0798680941296553,0.0816719962434951,-0.977912844098219,0.32811743204794,0.690926420954069,"ENSG00000268362","NS","grey80"
"DGCR5",39.7550634831046,0.15361111014559,0.157143951778763,0.977518437119695,0.328312554637749,0.690926420954069,"DGCR5","NS","grey80"
"ENSG00000265967",18.0245389282551,0.224489507580735,0.230992967350463,0.971845637361502,0.331127347918069,0.694259569612606,"ENSG00000265967","NS","grey80"
"ENSG00000270277",129.420482925498,0.0910239303628899,0.0935932575278662,0.972547945943527,0.330778024487448,0.694259569612606,"ENSG00000270277","NS","grey80"
"ENSG00000231401",14.9205358467687,-0.229308467821735,0.237251623609988,-0.966520120421557,0.333783983847143,0.697777430501028,"ENSG00000231401","NS","grey80"
"LINC02802",73.0142229864604,-0.118041085344323,0.122342424110067,-0.964841805309715,0.334624053188736,0.697777430501028,"LINC02802","NS","grey80"
"LINC01126",30.9265508950656,0.176233033485575,0.182668805060029,0.964768086306041,0.334660983954837,0.697777430501028,"LINC01126","NS","grey80"
"ZFAS1",425.302680333732,0.0639717580747405,0.0666928258424278,0.95919999290304,0.337458004060894,0.698902321336219,"ZFAS1","NS","grey80"
"FAM66A",25.2344035738191,-0.182867028368846,0.190500317071416,-0.959930309723796,0.337090290434229,0.698902321336219,"FAM66A","NS","grey80"
"LINC00852",30.7483851619344,0.17399089656813,0.182541947721186,0.953155692377526,0.340511191935645,0.698902321336219,"LINC00852","NS","grey80"
"LINC02609",45.4847278063572,0.138653217975488,0.144445680341796,0.959898680579427,0.337106210331285,0.698902321336219,"LINC02609","NS","grey80"
"ENSG00000255449",14.6101411898959,0.251573285981011,0.263397226142192,0.95510985315085,0.339522146701965,0.698902321336219,"ENSG00000255449","NS","grey80"
"NBAT1",35.7384040671411,-0.157939303738557,0.16567590419326,-0.953302802285126,0.34043667207867,0.698902321336219,"NBAT1","NS","grey80"
"SNHG30",27.0631544147026,-0.182447830420286,0.190544774296881,-0.957506345128209,0.338311745315896,0.698902321336219,"SNHG30","NS","grey80"
"ENSG00000273987",26.3199570889802,0.173274573942238,0.181890463029048,0.952631441234863,0.340776841077057,0.698902321336219,"ENSG00000273987","NS","grey80"
"ENSG00000285728",19.2568093460055,-0.226685614661211,0.236686567143989,-0.957746007289486,0.338190851214081,0.698902321336219,"ENSG00000285728","NS","grey80"
"ENSG00000272072",32.88539435476,0.179255305110731,0.188962185813637,0.948630565098991,0.342808539900942,0.701793163354378,"ENSG00000272072","NS","grey80"
"ENSG00000250043",15.7924600864389,0.230098020250473,0.243651646272697,0.94437293476337,0.344979107139516,0.704957305893793,"ENSG00000250043","NS","grey80"
"ENSG00000260693",21.4195065512301,-0.208653490727062,0.221318759997688,-0.942773629895822,0.345796702644932,0.705350236136499,"ENSG00000260693","NS","grey80"
"LINC01918",20.4089807427948,-0.194014320773798,0.206340339556891,-0.94026364980516,0.347082340221797,0.706070228197961,"LINC01918","NS","grey80"
"ENSG00000227782",16.7007827563883,-0.248239352834794,0.264871170844707,-0.937207896363838,0.348651628770814,0.706070228197961,"ENSG00000227782","NS","grey80"
"PURPL",18.5826086389105,-0.199277934867834,0.212630194396682,-0.937204311143421,0.348653472611937,0.706070228197961,"PURPL","NS","grey80"
"LINC00589",29.9865264062707,0.164926646458251,0.175796221081428,0.938169463733002,0.34815732846368,0.706070228197961,"LINC00589","NS","grey80"
"ENSG00000271993",14.8668444449666,-0.234105277824626,0.250245864409972,-0.935501085608739,0.349530124124433,0.706577025111756,"ENSG00000271993","NS","grey80"
"CASC2",110.532654082383,-0.0846392793790705,0.0915511979780902,-0.924502150144732,0.355224932530497,0.708516573247434,"CASC2","NS","grey80"
"LINC01089",88.0479402258519,-0.092780370721263,0.0999117120227503,-0.928623570179005,0.353084202401123,0.708516573247434,"LINC01089","NS","grey80"
"FAM85B",30.2026416143725,-0.163694774917806,0.177195510430521,-0.923808817278081,0.355585863664761,0.708516573247434,"FAM85B","NS","grey80"
"ENSG00000260917",203.136581898755,0.0666988763716189,0.0720599390213307,0.925602731246763,0.354652473468795,0.708516573247434,"ENSG00000260917","NS","grey80"
"ENSG00000260949",29.1693916003308,0.162666861260798,0.176079424205407,0.923826631049395,0.355576587382193,0.708516573247434,"ENSG00000260949","NS","grey80"
"ENSG00000271659",16.592611632419,-0.208755989980848,0.226234862441125,-0.92274014591882,0.356142639212141,0.708516573247434,"ENSG00000271659","NS","grey80"
"ENSG00000272140",71.5198981329548,-0.111509129529093,0.120250593688287,-0.927306270255478,0.353767539708362,0.708516573247434,"ENSG00000272140","NS","grey80"
"LINC02604",40.7759442552459,-0.20906264359283,0.225600427478334,-0.926694359268921,0.354085247059145,0.708516573247434,"LINC02604","NS","grey80"
"ENSG00000282393",128.127748467866,0.0882073814658629,0.0946873881589283,0.931564204916192,0.351561789160805,0.708516573247434,"ENSG00000282393","NS","grey80"
"ENSG00000226904",49.6751469484121,0.131814831336197,0.14372666208123,0.917121635105523,0.359078905113316,0.71310036085884,"ENSG00000226904","NS","grey80"
"ENSG00000270096",18.1082459787823,0.233226891398413,0.255530215031767,0.912717470101994,0.361391153333489,0.716430968295564,"ENSG00000270096","NS","grey80"
"LINC01965",42.4184667156808,0.135411327626187,0.149266848372445,0.907176168738512,0.364313643929419,0.720277400429081,"LINC01965","NS","grey80"
"ENSG00000274561",116.170078856419,0.0845430294619067,0.0932509290275716,0.906618629364108,0.364608506777487,0.720277400429081,"ENSG00000274561","NS","grey80"
"ENSG00000260000",28.9678848857214,-0.158278777269573,0.175432552711393,-0.90222011150895,0.366939953381199,0.721370895304746,"ENSG00000260000","NS","grey80"
"ENSG00000268403",38.4381359472446,0.149587449214149,0.165847951325054,0.901955363445915,0.367080579702947,0.721370895304746,"ENSG00000268403","NS","grey80"
"ENSG00000273759",22.0920259475196,-0.18298440690974,0.202541809648539,-0.903440169845743,0.366292328618928,0.721370895304746,"ENSG00000273759","NS","grey80"
"MIR17HG",509.751022872072,-0.0611905555007844,0.0682355883816518,-0.89675427371618,0.369850052715932,0.725549320806211,"MIR17HG","NS","grey80"
"ENSG00000278730",1111.41927461711,0.0382844228487424,0.0430419262464335,0.889468157850269,0.373751528855607,0.731930077342231,"ENSG00000278730","NS","grey80"
"ENSG00000270574",111.139084140632,0.09136680756441,0.103095270094305,0.886236657422144,0.375490014064689,0.73406020080584,"ENSG00000270574","NS","grey80"
"ENSG00000227885",20.6087966969217,0.180101737995686,0.20369623074699,0.884168240792776,0.376605399829022,0.734966939458715,"ENSG00000227885","NS","grey80"
"ENSG00000229065",30.163499775087,0.17297326682572,0.196252810895681,0.881379818389784,0.378112277241817,0.735363187463395,"ENSG00000229065","NS","grey80"
"ENSG00000275038",23.8065763497284,0.171480871621567,0.194537133425581,0.881481435456469,0.378057297753694,0.735363187463395,"ENSG00000275038","NS","grey80"
"ENSG00000267152",74.5608685653629,0.105595330641904,0.12044592266263,0.876703239989924,0.380647846488181,0.736485027167527,"ENSG00000267152","NS","grey80"
"ENSG00000272477",17.6968093703955,-0.186954241068637,0.213124238369366,-0.877207784994528,0.380373788367922,0.736485027167527,"ENSG00000272477","NS","grey80"
"ENSG00000273017",16.8984196415492,0.22834798240735,0.260277342434887,0.877325626084704,0.38030979706167,0.736485027167527,"ENSG00000273017","NS","grey80"
"ENSG00000277159",29.2136399986501,0.190700063523509,0.218903517544376,0.871160343436925,0.383666609546869,0.741054684193268,"ENSG00000277159","NS","grey80"
"ENSG00000273073",28.1586641701165,0.157287652111985,0.181579624176673,0.866218623511122,0.386370282284978,0.744202322109717,"ENSG00000273073","NS","grey80"
"ENSG00000283213",55.2559987836417,-0.11922539756408,0.137710081566863,-0.865771018414451,0.386615745351325,0.744202322109717,"ENSG00000283213","NS","grey80"
"ENSG00000273951",19.4246704018596,0.198349648132718,0.229939410349168,0.86261701650674,0.388348071302421,0.746263414700392,"ENSG00000273951","NS","grey80"
"ENSG00000246465",60.1795986041144,-0.110254368525535,0.12823613411044,-0.859776141025754,0.389912453617862,0.746725378066126,"ENSG00000246465","NS","grey80"
"ENSG00000268858",56.8145652709862,-0.113258053819495,0.131577393596568,-0.86077137358989,0.389363974279027,0.746725378066126,"ENSG00000268858","NS","grey80"
"LINC02851",14.9772901035505,-0.22441411099284,0.262593083117823,-0.854607853064231,0.392768278644192,0.747513996939189,"LINC02851","NS","grey80"
"ENSG00000258634",270.713384267965,0.0587791036494138,0.0687734096922901,0.854677758633847,0.392729566753326,0.747513996939189,"ENSG00000258634","NS","grey80"
"ENSG00000267058",37.4996578327899,0.138778191916256,0.16245910359419,0.854234627952359,0.392975000163953,0.747513996939189,"ENSG00000267058","NS","grey80"
"ENSG00000278475",16.0664436094712,0.200153913745586,0.233765040901619,0.85621833347537,0.391877023588965,0.747513996939189,"ENSG00000278475","NS","grey80"
"ENSG00000235499",39.0587377250564,-0.139509296709496,0.163777937394373,-0.851819841726064,0.394314091951319,0.748427576267876,"ENSG00000235499","NS","grey80"
"ENSG00000267143",47.0131093781423,-0.128452908617756,0.150947615036662,-0.850976735118056,0.394782276488818,0.748427576267876,"ENSG00000267143","NS","grey80"
"ENSG00000253636",60.7756016670347,0.109390771853554,0.130892693496998,0.835728633363813,0.403307583155162,0.755699258802363,"ENSG00000253636","NS","grey80"
"ENSG00000259985",34.2526777428094,-0.136812318109035,0.163684523793116,-0.835829282687435,0.403250950382165,0.755699258802363,"ENSG00000259985","NS","grey80"
"ENSG00000261140",17.9587641507166,0.191701646312207,0.228665296314616,0.838350416096583,0.401833928467591,0.755699258802363,"ENSG00000261140","NS","grey80"
"ENSG00000271917",29.5956066570967,0.14588085648306,0.174071871937965,0.838049564578983,0.402002867159673,0.755699258802363,"ENSG00000271917","NS","grey80"
"ENSG00000272173",15.1378898085846,0.211788498483449,0.252571991151153,0.838527255212172,0.401734646975078,0.755699258802363,"ENSG00000272173","NS","grey80"
"ENSG00000273066",39.5774018820305,-0.131972082009786,0.157525786475191,-0.837780816479663,0.402153814678704,0.755699258802363,"ENSG00000273066","NS","grey80"
"ENSG00000273702",26.5949813678081,-0.157744838729844,0.187979705510154,-0.839158877825367,0.401380159901293,0.755699258802363,"ENSG00000273702","NS","grey80"
"ENSG00000264207",46.6807973299081,-0.114277125006507,0.137626206891467,-0.830344217047461,0.406344194938423,0.76012645421317,"ENSG00000264207","NS","grey80"
"CASC9",194.323340700981,0.0712505521756215,0.0863336488560593,0.825292954945235,0.409205290572767,0.763819052867884,"CASC9","NS","grey80"
"MIR4307HG",62.4872099172635,0.108062936382966,0.13106955115468,0.82447017961813,0.409672453000948,0.763819052867884,"MIR4307HG","NS","grey80"
"SNHG7",184.123154682566,-0.0660189444073153,0.0802242807407879,-0.822929714017987,0.410547964076192,0.764044431809192,"SNHG7","NS","grey80"
"ENSG00000272668",30.0400442823369,-0.151878991744805,0.184795723660906,-0.82187503442178,0.411148023145549,0.764044431809192,"ENSG00000272668","NS","grey80"
"LINC02600",17.8725363239738,0.190947673626702,0.232907649632852,0.819842860153824,0.412305694082034,0.764935564020617,"LINC02600","NS","grey80"
"LINC02898",39.5489233135583,-0.125039290100019,0.15405761282374,-0.811639800254973,0.416998346609492,0.771105139304111,"LINC02898","NS","grey80"
"ENSG00000280136",167.543040611542,-0.069094848083642,0.0850077804518927,-0.81280616569849,0.416329199938514,0.771105139304111,"ENSG00000280136","NS","grey80"
"ENSG00000184441",18.1791355547357,0.186831315311354,0.234536523408452,0.796597956668701,0.425684564510888,0.773182742302926,"ENSG00000184441","NS","grey80"
"RNF216P1",407.593295912762,-0.0461035607927488,0.057246898733925,-0.805345997990759,0.420620044959767,0.773182742302926,"RNF216P1","NS","grey80"
"LINC02981",65.2889860842271,-0.100241629377404,0.124662891334191,-0.804101591937899,0.421338305275891,0.773182742302926,"LINC02981","NS","grey80"
"LINC00240",20.580404118547,-0.172057791535557,0.216300325624675,-0.795457847965109,0.426347221376259,0.773182742302926,"LINC00240","NS","grey80"
"MIR137HG",1400.88715035647,-0.0350556543139981,0.0437902274077084,-0.800536018861305,0.423400303486127,0.773182742302926,"MIR137HG","NS","grey80"
"FAM66C",151.076856352078,-0.0677996609226837,0.0850528524395087,-0.79714740867632,0.425365425417135,0.773182742302926,"FAM66C","NS","grey80"
"MIR181A1HG",51.2307911601038,0.100573385729156,0.125991866080911,0.798253005194547,0.42472368356551,0.773182742302926,"MIR181A1HG","NS","grey80"
"ENSG00000250764",23.4741543519697,-0.170127058177826,0.212681705190043,-0.799913927837884,0.423760667640282,0.773182742302926,"ENSG00000250764","NS","grey80"
"LINC02605",35.0121127567838,0.128913102091635,0.159639256299568,0.807527578615909,0.419362592140606,0.773182742302926,"LINC02605","NS","grey80"
"ENSG00000261783",14.6880369764158,-0.202142652192949,0.253703003987449,-0.796768855771803,0.42558528593821,0.773182742302926,"ENSG00000261783","NS","grey80"
"ENSG00000270130",32.4907728223782,0.136912014793504,0.172062456295289,0.79571114897104,0.426199945162683,0.773182742302926,"ENSG00000270130","NS","grey80"
"ENSG00000270133",23.8677683765792,0.175707713497961,0.220038166625129,0.798532891783757,0.424561313598462,0.773182742302926,"ENSG00000270133","NS","grey80"
"ENSG00000272631",78.7933170670374,-0.0872757604705376,0.109968748861924,-0.793641478817951,0.42740417787143,0.77385539749434,"ENSG00000272631","NS","grey80"
"OLMALINC",195.362491530863,-0.0725242880316488,0.0915182828887341,-0.792456826575541,0.428094355978548,0.773862874268913,"OLMALINC","NS","grey80"
"ENSG00000226454",23.2520918901617,-0.151778804953119,0.192412114513617,-0.788821459276553,0.430216365367478,0.776454496215224,"ENSG00000226454","NS","grey80"
"ENSG00000256146",135.096441274731,0.0689844762498932,0.0877503918929522,0.786144366557909,0.431782914607512,0.776796056901553,"ENSG00000256146","NS","grey80"
"ENSG00000278467",72.0442480759683,-0.100519924482891,0.127734958072761,-0.786941382371087,0.43131618116395,0.776796056901553,"ENSG00000278467","NS","grey80"
"ENSG00000215022",28.9468703117046,0.142587583724678,0.182597964390149,0.780882657705962,0.434871512838013,0.776900562932805,"ENSG00000215022","NS","grey80"
"LINC00630",218.77358122985,-0.0565095228637543,0.0721767038291857,-0.782932994522588,0.433666460818824,0.776900562932805,"LINC00630","NS","grey80"
"ENSG00000226310",24.5752208144392,-0.152331219761727,0.195838268213264,-0.777841946579316,0.4366621958328,0.776900562932805,"ENSG00000226310","NS","grey80"
"DANT2",429.100885660273,-0.0461015517270738,0.0587705665019283,-0.784432658575124,0.432786281531853,0.776900562932805,"DANT2","NS","grey80"
"SNHG9",27.8542929535745,0.157850147058652,0.202341439386862,0.780117743241184,0.435321573497791,0.776900562932805,"SNHG9","NS","grey80"
"ENSG00000260948",33.8586339084468,0.130996832582105,0.168066753366145,0.779433349894728,0.435724484825986,0.776900562932805,"ENSG00000260948","NS","grey80"
"ENSG00000273314",41.3460873255743,0.114237109148339,0.146850596560752,0.77791382414357,0.436619817982801,0.776900562932805,"ENSG00000273314","NS","grey80"
"SNHG15",463.024118659063,0.0500671667995324,0.0645553744025336,0.775569304072807,0.438003330472887,0.778059459485696,"SNHG15","NS","grey80"
"MIR497HG",16.9602870733077,-0.183820507409365,0.238564223308129,-0.77052839214681,0.440986519775316,0.782127035073201,"MIR497HG","NS","grey80"
"ENSG00000261474",29.7801023720072,0.139355142684281,0.181561862777376,0.767535321308927,0.442763300940189,0.783758361017531,"ENSG00000261474","NS","grey80"
"CAHM",17.3892467789241,-0.186301953018535,0.243011195162656,-0.766639384221936,0.44329595241949,0.783758361017531,"CAHM","NS","grey80"
"ENSG00000271855",15.2993820528716,-0.184602516590298,0.242688040400714,-0.760657658636544,0.446861571092134,0.787593519049885,"ENSG00000271855","NS","grey80"
"ENSG00000272518",29.1911040489415,-0.137597676473589,0.18073424856822,-0.761325966515148,0.446462394728405,0.787593519049885,"ENSG00000272518","NS","grey80"
"ENSG00000261168",20.3081621751437,0.158077396925919,0.208506774669072,0.758140339453278,0.448366972584282,0.789013954875304,"ENSG00000261168","NS","grey80"
"ENSG00000275056",21.236813178622,-0.166692563517664,0.220700817182863,-0.755287477615225,0.450076510615607,0.79078863547415,"ENSG00000275056","NS","grey80"
"ENSG00000234740",53.4337142193418,0.102746143985271,0.136562073021929,0.752376862123146,0.451824456980244,0.792625174920241,"ENSG00000234740","NS","grey80"
"ENSG00000249635",18.3263965119704,0.173295100895631,0.231413266382078,0.748855515523946,0.453944294752799,0.795107398262666,"ENSG00000249635","NS","grey80"
"LINC00342",165.75965216108,0.0622659270029307,0.0835742788646302,0.745036964109331,0.456249374275753,0.795861727097588,"LINC00342","NS","grey80"
"LINC01409",123.759842440682,-0.0723021534472574,0.0975552610299458,-0.741140484725507,0.45860826472822,0.795861727097588,"LINC01409","NS","grey80"
"ENSG00000260597",38.1255241588133,-0.117751140945162,0.157678603501238,-0.746779450924278,0.455196701573157,0.795861727097588,"ENSG00000260597","NS","grey80"
"ENSG00000275632",23.9883086679136,-0.146473930720905,0.197345416513206,-0.742221092888181,0.457953390824014,0.795861727097588,"ENSG00000275632","NS","grey80"
"ENSG00000280018",148.181297431918,-0.0635224793290896,0.0854933668286888,-0.743010618079595,0.4574752519496,0.795861727097588,"ENSG00000280018","NS","grey80"
"ENSG00000283982",18.7096000492771,-0.163312075860843,0.220179004829426,-0.741724107561309,0.458254510408125,0.795861727097588,"ENSG00000283982","NS","grey80"
"ENSG00000280441",14.7308359486401,0.191316905870256,0.25946072687923,0.73736363946636,0.460901240977267,0.798612288513606,"ENSG00000280441","NS","grey80"
"GLIDR",348.690351884492,-0.0431602354178316,0.0586659523002057,-0.735694789321272,0.461916461452454,0.799143816745963,"GLIDR","NS","grey80"
"ENSG00000266783",16.7844991895845,-0.177598033672064,0.243999623316269,-0.727861917400849,0.466698117345475,0.80371828452778,"ENSG00000266783","NS","grey80"
"ENSG00000270571",15.5654096975358,-0.181710239458339,0.249132277363512,-0.729372530052392,0.465773816461709,0.80371828452778,"ENSG00000270571","NS","grey80"
"ENSG00000273558",15.412488831631,-0.187952805780275,0.257901587637676,-0.728777234377976,0.466137939476187,0.80371828452778,"ENSG00000273558","NS","grey80"
"LINC01547",28.218460383275,0.136095917434587,0.187778492104212,0.724768400840377,0.468594124340273,0.805656169618959,"LINC01547","NS","grey80"
"LINC00839",328.434696955297,0.0418516733388307,0.0579234486400379,0.722534212334553,0.469966098944393,0.805656169618959,"LINC00839","NS","grey80"
"LINC01176",41.6539984889146,0.120235810019171,0.166153555026586,0.72364271712352,0.469285109021665,0.805656169618959,"LINC01176","NS","grey80"
"ENSG00000230732",46.3052788906542,-0.108736960970968,0.151654410087093,-0.71700493845528,0.473371049484331,0.807600406130124,"ENSG00000230732","NS","grey80"
"LINC03015",36.6886845119611,-0.119858187916706,0.167001405101789,-0.717707661463395,0.472937558323,0.807600406130124,"LINC03015","NS","grey80"
"ENSG00000274403",14.7130130885062,-0.185272645900119,0.258501493694693,-0.716717893007373,0.473548183050533,0.807600406130124,"ENSG00000274403","NS","grey80"
"ENSG00000278784",24.3674049316423,-0.143210746684753,0.200002667830388,-0.716044182001625,0.473964068136651,0.807600406130124,"ENSG00000278784","NS","grey80"
"ENSG00000240207",73.1907449746617,0.0779221600598856,0.1097075725485,0.710271481263859,0.477535801289982,0.810015614819699,"ENSG00000240207","NS","grey80"
"ENSG00000267731",26.2510239695246,0.13401182708636,0.188512332533971,0.710891564944223,0.477151433444043,0.810015614819699,"ENSG00000267731","NS","grey80"
"ENSG00000272491",17.2967301319247,-0.168052520348376,0.236495769311912,-0.710594193026484,0.477335742597441,0.810015614819699,"ENSG00000272491","NS","grey80"
"FAM88E",106.949196708907,0.0684117802649907,0.0966391212993912,0.70790979207115,0.479001278439735,0.811281444564596,"FAM88E","NS","grey80"
"ENSG00000232638",33.1511555374291,-0.115247720936943,0.163372478454909,-0.705429225453978,0.480543161800023,0.811456117530578,"ENSG00000232638","NS","grey80"
"ENSG00000285042",50.2317356743042,0.103818029743843,0.146992695397758,0.706280196188758,0.480013906494491,0.811456117530578,"ENSG00000285042","NS","grey80"
"ENSG00000271971",48.0006066802494,0.0993781798669749,0.141546575097433,0.702088198167764,0.482624161869512,0.812979809363425,"ENSG00000271971","NS","grey80"
"ENSG00000274253",55.7220234569349,-0.0905410638131289,0.129037109637908,-0.701666862092592,0.482886943504871,0.812979809363425,"ENSG00000274253","NS","grey80"
"LINC00957",22.1446983563652,0.137946254270241,0.198427946580087,0.695195695201961,0.486932669744417,0.81492589239125,"LINC00957","NS","grey80"
"ENSG00000236095",17.9812233543165,-0.160994975068935,0.231475114726383,-0.69551742207468,0.486731096817209,0.81492589239125,"ENSG00000236095","NS","grey80"
"ENSG00000278022",41.9151838208433,-0.105443255592711,0.151611505625717,-0.695483203319794,0.48675253389837,0.81492589239125,"ENSG00000278022","NS","grey80"
"ENSG00000280145",173.503022984941,-0.0549169737221278,0.078983786143727,-0.6952942673854,0.48687090609701,0.81492589239125,"ENSG00000280145","NS","grey80"
"LINC01694",100.658745447464,-0.068032232771499,0.0983048936816001,-0.692053368084083,0.48890381472867,0.817012597057689,"LINC01694","NS","grey80"
"ENSG00000261229",15.9691387389304,0.161071300416487,0.233971355393463,0.688423162509006,0.49118634183092,0.819612712404257,"ENSG00000261229","NS","grey80"
"ENSG00000224738",22.7914199777211,-0.146580814366786,0.213306368127437,-0.687184427045392,0.491966516582022,0.819701965590135,"ENSG00000224738","NS","grey80"
"ENSG00000230074",24.3247664100357,-0.141382200114034,0.207190506437653,-0.682377791072091,0.495000095276998,0.820844285337603,"ENSG00000230074","NS","grey80"
"LERFS",14.3210929550802,-0.172647990764975,0.253750591001526,-0.680384585839001,0.496260978454031,0.820844285337603,"LERFS","NS","grey80"
"ENSG00000254531",20.0773305359132,-0.154237395204853,0.226701045035585,-0.680355907405026,0.49627913265917,0.820844285337603,"ENSG00000254531","NS","grey80"
"ENSG00000267383",71.4825304107639,-0.0805424740919444,0.118634977164239,-0.67891001471211,0.497194879827957,0.820844285337603,"ENSG00000267383","NS","grey80"
"ENSG00000269951",71.572033695749,0.0783948649815088,0.114894641426563,0.682319593047479,0.495036886532374,0.820844285337603,"ENSG00000269951","NS","grey80"
"ENSG00000272800",25.0759230639817,0.135204233895104,0.198960893277704,0.67955180371245,0.496788295679898,0.820844285337603,"ENSG00000272800","NS","grey80"
"ENSG00000273243",19.3542248740812,-0.150324357586503,0.221704092057977,-0.678040518743298,0.4977460028111,0.820844285337603,"ENSG00000273243","NS","grey80"
"ST20",111.339418521913,0.0757996300302359,0.113397109312232,0.668444111935219,0.503850145557539,0.826083343986652,"ST20","NS","grey80"
"SILC1",23.1915310648798,-0.138468383056286,0.207507425897849,-0.667293627961298,0.504584595750712,0.826083343986652,"SILC1","NS","grey80"
"ENSG00000259287",21.1206076900166,-0.144328678963782,0.214843319921221,-0.671785741426377,0.501720107295074,0.826083343986652,"ENSG00000259287","NS","grey80"
"ENSG00000271936",25.19789454983,0.137737928461729,0.205623776291898,0.669854094432156,0.502950805783031,0.826083343986652,"ENSG00000271936","NS","grey80"
"ENSG00000276573",16.5022169815069,0.170157787645618,0.254606932994998,0.668315609649802,0.503932151319887,0.826083343986652,"ENSG00000276573","NS","grey80"
"HCG11",53.2434905196716,-0.103250821103926,0.155511458006135,-0.663943496046786,0.506726476021318,0.828387630365285,"HCG11","NS","grey80"
"LINC00926",55.5605552721405,0.0908168424184885,0.137203615963929,0.661912893333399,0.508027048203181,0.829135867609304,"LINC00926","NS","grey80"
"ENSG00000254468",62.9745874502414,0.0827300885192555,0.125171373934963,0.660934572486526,0.508654273391523,0.829135867609304,"ENSG00000254468","NS","grey80"
"ENSG00000271789",65.1589048932421,0.0814869576668491,0.123627123378506,0.659134949030258,0.509809114863151,0.829819165318375,"ENSG00000271789","NS","grey80"
"ENSG00000273035",22.7887403486141,-0.145508876139425,0.222287627974218,-0.654597277705002,0.512727077281187,0.833366200537721,"ENSG00000273035","NS","grey80"
"LINC00632",2007.84840163785,-0.032513977031269,0.050011126580511,-0.650134865066996,0.5156051100524,0.834436964331574,"LINC00632","NS","grey80"
"ENSG00000251661",23.1227675790005,-0.130264145049588,0.200295604786785,-0.650359478373247,0.515460045586107,0.834436964331574,"ENSG00000251661","NS","grey80"
"ENSG00000267838",20.1384314444721,-0.147954029123977,0.227458954451256,-0.650464737609104,0.515392072154831,0.834436964331574,"ENSG00000267838","NS","grey80"
"ENSG00000225300",40.3916821176203,0.100281673102404,0.155468871139439,0.645027344493042,0.518909465558217,0.838535403065579,"ENSG00000225300","NS","grey80"
"ENSG00000254238",25.2079709106024,0.123353522343092,0.191565166695587,0.643924594804392,0.519624332218829,0.838535403065579,"ENSG00000254238","NS","grey80"
"LINC00667",391.946379436704,-0.0389043911718045,0.0606622957184891,-0.641327379899124,0.521310003857771,0.840053834787952,"LINC00667","NS","grey80"
"ENSG00000267248",22.0264364273577,-0.133002095413281,0.208593233285225,-0.637614621138823,0.523724575576069,0.842740829172334,"ENSG00000267248","NS","grey80"
"ENSG00000269918",120.971753590199,-0.0590492839267217,0.0932008663231235,-0.63357011856521,0.526361407006586,0.844574206406016,"ENSG00000269918","NS","grey80"
"ENSG00000272983",75.6652662030712,-0.0716726889195141,0.113091156359212,-0.633760333052566,0.526237244014655,0.844574206406016,"ENSG00000272983","NS","grey80"
"LINC01588",22.4415320267629,0.132304210437178,0.209921062733229,0.630256958089583,0.528526478910692,0.845961665601737,"LINC01588","NS","grey80"
"ENSG00000276282",21.8723540501325,0.130157692759637,0.206615280262441,0.629951921243733,0.528726041001085,0.845961665601737,"ENSG00000276282","NS","grey80"
"ENSG00000250874",28.6199816547625,-0.110709202453929,0.176845648163712,-0.626021638663347,0.531300748374733,0.848877116383425,"ENSG00000250874","NS","grey80"
"ENSG00000262580",53.706406545376,-0.0901805080442393,0.144816877352315,-0.622720981787541,0.533467892232016,0.85113406285391,"ENSG00000262580","NS","grey80"
"ENSG00000230896",16.5479124979841,-0.146032112892045,0.234962627982906,-0.621512085329028,0.534262745337065,0.851198272231934,"ENSG00000230896","NS","grey80"
"MIR99AHG",364.446155180272,0.0352487074692937,0.0571167633280016,0.61713418995528,0.537146218945162,0.854585239732219,"MIR99AHG","NS","grey80"
"HOTAIR",15.0831903855061,0.154807348805265,0.251471127918235,0.615606849529065,0.538154029507297,0.854982739836945,"HOTAIR","NS","grey80"
"ENSG00000232063",38.0872082218432,-0.0971250781449052,0.159825143442342,-0.607695860945333,0.543389208723864,0.855854915789445,"ENSG00000232063","NS","grey80"
"LINC02966",17.6161913357566,0.148099543019756,0.243148346544706,0.609091302179701,0.542463922461474,0.855854915789445,"LINC02966","NS","grey80"
"ENSG00000244757",110.677050713645,-0.0667196795462542,0.109214773937525,-0.610903425798603,0.541263516744594,0.855854915789445,"ENSG00000244757","NS","grey80"
"LINC02899",98.9607559962861,-0.0631402463447697,0.103089610576512,-0.612479240067627,0.540220729079782,0.855854915789445,"LINC02899","NS","grey80"
"LINC02293",20.4480482647423,0.135561851179723,0.223817589036541,0.605680061890001,0.544727226262081,0.855854915789445,"LINC02293","NS","grey80"
"ENSG00000257265",25.8990343778527,0.114502783790316,0.188516204723326,0.607389608539835,0.543592383012244,0.855854915789445,"ENSG00000257265","NS","grey80"
"ENSG00000270605",26.5329666744401,-0.110356348695478,0.182223068078972,-0.605611297509553,0.544772898525551,0.855854915789445,"ENSG00000270605","NS","grey80"
"ENSG00000284902",21.5716139320839,0.130610548595229,0.215426274292942,0.606288852294876,0.544322959847697,0.855854915789445,"ENSG00000284902","NS","grey80"
"ENSG00000260920",84.204038929144,0.0667383855810661,0.110599550497848,0.603423660228754,0.546226886231737,0.856073646202788,"ENSG00000260920","NS","grey80"
"ENSG00000277938",26.8477740030729,0.115973063483702,0.192289077728888,0.603118309440411,0.54642998693795,0.856073646202788,"ENSG00000277938","NS","grey80"
"ENSG00000274421",32.1084814651536,-0.108448164853127,0.180755792039212,-0.599970621298826,0.548525815084775,0.856976619689233,"ENSG00000274421","NS","grey80"
"ENSG00000275457",18.1301397089733,-0.136387815753703,0.227007420234564,-0.600807742816401,0.547968046426251,0.856976619689233,"ENSG00000275457","NS","grey80"
"ENSG00000279342",349.58959360231,-0.0356627018498099,0.0601704813649649,-0.592694308584591,0.553385751040759,0.863373619881019,"ENSG00000279342","NS","grey80"
"ENSG00000278291",25.9563571004638,0.110966344251243,0.187953999878918,0.590390969719871,0.554928563321358,0.864584833462005,"ENSG00000278291","NS","grey80"
"ENSG00000249258",37.1057639077521,-0.0930733467296172,0.159192752063859,-0.58465819280693,0.558777570441834,0.866252292113189,"ENSG00000249258","NS","grey80"
"ENSG00000251023",48.1737822216493,-0.0822027543071886,0.141811481875329,-0.579662191101391,0.562142444881963,0.866252292113189,"ENSG00000251023","NS","grey80"
"ENSG00000269176",35.1014226514595,-0.0940740238841399,0.162112795346623,-0.580299807199022,0.561712457428268,0.866252292113189,"ENSG00000269176","NS","grey80"
"ENSG00000271382",16.9818991192528,0.136275085800559,0.234672531052805,0.580703183236623,0.561440515954668,0.866252292113189,"ENSG00000271382","NS","grey80"
"ENSG00000274718",19.7037649608297,0.139446006065088,0.237787324362219,0.58643162094154,0.55758550005664,0.866252292113189,"ENSG00000274718","NS","grey80"
"ENSG00000275576",15.2359028901691,0.154141665091283,0.263735641766815,0.584455191792276,0.558914103444106,0.866252292113189,"ENSG00000275576","NS","grey80"
"ENSG00000278834",28.6762876605259,0.10066185734901,0.172854276916702,0.582350978781498,0.560330293882066,0.866252292113189,"ENSG00000278834","NS","grey80"
"ENSG00000285184",120.437084167002,-0.0517613010046903,0.0888186772876337,-0.582774958886908,0.56004480434833,0.866252292113189,"ENSG00000285184","NS","grey80"
"ENSG00000273448",59.8012666596016,0.0747055203468788,0.129558694111005,0.576615261982123,0.564199386922399,0.868235891471305,"ENSG00000273448","NS","grey80"
"SNHG32",102.713985477399,-0.0595106027919091,0.104222707462061,-0.57099459648534,0.568003305685172,0.870129558789315,"SNHG32","NS","grey80"
"ENSG00000255176",19.592826998737,0.126698317555926,0.22147750002873,0.572059543472769,0.567281636155106,0.870129558789315,"ENSG00000255176","NS","grey80"
"ENSG00000261596",42.4508771931535,-0.0987544523097446,0.17457187139901,-0.565695100352259,0.571601066545109,0.870129558789315,"ENSG00000261596","NS","grey80"
"LINC00662",335.955615087281,-0.0328537834829204,0.0578419234403067,-0.567992582695244,0.57004000445335,0.870129558789315,"LINC00662","NS","grey80"
"ENSG00000275964",25.3420180647998,0.108248688592195,0.190549955963877,0.568085613269394,0.569976836150882,0.870129558789315,"ENSG00000275964","NS","grey80"
"ENSG00000279463",17.154008896373,-0.132022220158608,0.233245080145291,-0.566023600910981,0.571377736928685,0.870129558789315,"ENSG00000279463","NS","grey80"
"ENSG00000279738",136.998998737491,-0.0526614271724209,0.0928378807701372,-0.567240729059816,0.570550639922817,0.870129558789315,"ENSG00000279738","NS","grey80"
"ENSG00000284830",24.0412565860598,-0.109252040467769,0.192752497633531,-0.566799609909512,0.570850335652805,0.870129558789315,"ENSG00000284830","NS","grey80"
"SNHG17",281.744884768607,-0.0380865693685236,0.0690461432867794,-0.551610380471697,0.581215322886104,0.874826140317472,"SNHG17","NS","grey80"
"ENSG00000229422",70.8655481742865,-0.065460976301218,0.118128530272271,-0.554150433856569,0.579475896863284,0.874826140317472,"ENSG00000229422","NS","grey80"
"ENSG00000238039",15.817496696814,0.139864351320519,0.250611472981069,0.558092371657239,0.576781309386455,0.874826140317472,"ENSG00000238039","NS","grey80"
"ENSG00000244733",40.6267695258814,-0.0897162523940093,0.162946018398999,-0.55058879790683,0.58191558973601,0.874826140317472,"ENSG00000244733","NS","grey80"
"ENSG00000257027",154.466829915567,-0.0460069166080596,0.0834512590320226,-0.551302846017044,0.581426087845292,0.874826140317472,"ENSG00000257027","NS","grey80"
"ENSG00000261324",122.532007679383,0.0546740206880569,0.0981777484647056,0.556888108996632,0.577603879464603,0.874826140317472,"ENSG00000261324","NS","grey80"
"ENSG00000265625",52.3589363146255,-0.0795032066400115,0.142300079770939,-0.558701068671137,0.576365749881068,0.874826140317472,"ENSG00000265625","NS","grey80"
"ENSG00000268049",21.319317300629,0.121390432921436,0.219234945252791,0.553700199489026,0.579784038728174,0.874826140317472,"ENSG00000268049","NS","grey80"
"ENSG00000278002",15.7002149875907,0.144320154939645,0.262485512800547,0.549821410712707,0.582441871789381,0.874826140317472,"ENSG00000278002","NS","grey80"
"LINC01670",106.876177373225,0.0548479996754253,0.0994231921775315,0.551662026476558,0.581179931437039,0.874826140317472,"LINC01670","NS","grey80"
"FAM88C",253.725331468181,-0.0357480490583539,0.0654275596899522,-0.54637601077828,0.584807496634011,0.876046289778439,"FAM88C","NS","grey80"
"GAS5",3967.71646584432,0.0229903306853837,0.0420128294002906,0.547221670464895,0.584226449919411,0.876046289778439,"GAS5","NS","grey80"
"ENSG00000258824",18.3276986128956,0.120452232671948,0.221410885936269,0.544021275930486,0.586426832060634,0.876144988827014,"ENSG00000258824","NS","grey80"
"ENSG00000276853",33.6167219912366,-0.101854829270223,0.186865451842152,-0.545070414387039,0.585705089785784,0.876144988827014,"ENSG00000276853","NS","grey80"
"ENSG00000197585",16.161725987314,0.13536795969578,0.250915443532525,0.539496325096598,0.58954443200534,0.877576636529028,"ENSG00000197585","NS","grey80"
"DANCR",543.163636614432,-0.0286124622429706,0.0530040309850963,-0.539816721694542,0.589323434003576,0.877576636529028,"DANCR","NS","grey80"
"ENSG00000285725",68.11350926184,-0.0672216033085703,0.124659156827338,-0.539243205388252,0.589719051851953,0.877576636529028,"ENSG00000285725","NS","grey80"
"RFPL1S",162.299366271995,0.0446042768329275,0.0847279715164143,0.526440985599264,0.598581845142751,0.879491313855661,"RFPL1S","NS","grey80"
"SEPTIN14P23",20.0127832582091,0.115131652056079,0.215776517738872,0.53356895950749,0.593639788745809,0.879491313855661,"SEPTIN14P23","NS","grey80"
"ENSG00000228933",56.4864471314986,-0.072910565073968,0.138172459194586,-0.527677986618805,0.597722854570248,0.879491313855661,"ENSG00000228933","NS","grey80"
"LINC01189",73.7581441350528,0.0623714739950186,0.118647294739893,0.525688125732272,0.599104915396157,0.879491313855661,"LINC01189","NS","grey80"
"LINC01719",118.912097499663,0.0492633591028923,0.0941745137036766,0.523107124905377,0.600899707602063,0.879491313855661,"LINC01719","NS","grey80"
"ENSG00000253190",14.8279583223852,0.143328688258565,0.2708773302002,0.529127661412763,0.596716893811936,0.879491313855661,"ENSG00000253190","NS","grey80"
"ENSG00000253372",16.5597348709442,-0.154240206509178,0.295113667727839,-0.522646774365672,0.601220084058535,0.879491313855661,"ENSG00000253372","NS","grey80"
"ENSG00000254165",63.2456771473654,-0.0722909303788077,0.136773744540522,-0.52854391478176,0.597121875572078,0.879491313855661,"ENSG00000254165","NS","grey80"
"ENSG00000260645",57.1819178738438,0.0728855375558229,0.13826408669918,0.527147282391554,0.598091314309756,0.879491313855661,"ENSG00000260645","NS","grey80"
"ENSG00000269189",28.6776454227129,0.0981161084482909,0.186071564551406,0.527303076560011,0.597983138134034,0.879491313855661,"ENSG00000269189","NS","grey80"
"ENSG00000271833",21.4416753005955,-0.110894279499263,0.209523920333724,-0.529267872244054,0.596619639362289,0.879491313855661,"ENSG00000271833","NS","grey80"
"ENSG00000273387",14.6144329145417,0.139406610853831,0.266712920351212,0.522684130451043,0.601194083581475,0.879491313855661,"ENSG00000273387","NS","grey80"
"ENSG00000275180",35.3958769449277,-0.0903397948654373,0.16885482356337,-0.535014593951077,0.592639765725238,0.879491313855661,"ENSG00000275180","NS","grey80"
"ENSG00000285878",43.9129915961989,0.081296942955652,0.155848903273156,0.521639493433989,0.601921360191995,0.879491313855661,"ENSG00000285878","NS","grey80"
"ENSG00000280195",20.0765651605356,0.11168248906538,0.215134176353721,0.51912946124261,0.603670464848431,0.88090593059383,"ENSG00000280195","NS","grey80"
"ENSG00000276704",15.0467628861164,0.122965353917838,0.238723068192896,0.515096236189786,0.606485772705876,0.883870738517091,"ENSG00000276704","NS","grey80"
"LINC01560",25.5403537843384,-0.0979860244390198,0.191404554581683,-0.511931519357883,0.608698937825487,0.885951486280193,"LINC01560","NS","grey80"
"LINC00639",18.0770239292348,0.119466370268336,0.235183926727325,0.507969961768886,0.611474409104567,0.887700300476128,"LINC00639","NS","grey80"
"ENSG00000276417",44.4535096162567,-0.0770847557905775,0.151536973947769,-0.508686123144749,0.610972250779281,0.887700300476128,"ENSG00000276417","NS","grey80"
"ENSG00000279175",14.3105331160955,-0.1285158999244,0.254264128493105,-0.505442512422217,0.613248066030379,0.889130872085176,"ENSG00000279175","NS","grey80"
"ENSG00000256139",37.197252531,-0.0828872138137197,0.166701992646743,-0.497217894625683,0.619035403741869,0.894074181076605,"ENSG00000256139","NS","grey80"
"ENSG00000264215",16.7070454974355,-0.120462360163068,0.241734380478407,-0.498325310304084,0.618254771086972,0.894074181076605,"ENSG00000264215","NS","grey80"
"ENSG00000266538",19.9822683066618,-0.10867255041327,0.217589132101866,-0.499439238364139,0.617469982247689,0.894074181076605,"ENSG00000266538","NS","grey80"
"CAST",1278.46287776176,-0.0214847529727162,0.0438876600042787,-0.489539724164413,0.624459638123674,0.895827238573398,"CAST","NS","grey80"
"LINC01036",152.262988399672,0.0444716536049167,0.0910380801542417,0.488495072936187,0.625199214797798,0.895827238573398,"LINC01036","NS","grey80"
"ENSG00000232995",84.6006237696223,-0.0517865505989066,0.105111775878982,-0.492680769265375,0.62223816781593,0.895827238573398,"ENSG00000232995","NS","grey80"
"ENSG00000242539",38.0286608274536,0.0812918430675044,0.167475921229894,0.485394213511536,0.627396736234915,0.895827238573398,"ENSG00000242539","NS","grey80"
"ENSG00000261019",46.2338536921402,0.0709653848059176,0.145897443771435,0.486405950450324,0.626679372477772,0.895827238573398,"ENSG00000261019","NS","grey80"
"ENSG00000261668",25.9491496122378,0.0908535297266309,0.18548152256533,0.489825231484341,0.62425757465529,0.895827238573398,"ENSG00000261668","NS","grey80"
"ENSG00000280614",93.5892201748117,0.111428914878493,0.229206352892027,0.486151075101239,0.626860056513673,0.895827238573398,"ENSG00000280614","NS","grey80"
"ENSG00000280800",93.5892201748117,0.111428914878493,0.229206352892027,0.486151075101239,0.626860056513673,0.895827238573398,"ENSG00000280800","NS","grey80"
"ENSG00000281181",93.5892201748117,0.111428914878493,0.229206352892027,0.486151075101239,0.626860056513673,0.895827238573398,"ENSG00000281181","NS","grey80"
"ENSG00000151303",15.8241093207166,-0.118835929251031,0.25099304775618,-0.473463031400261,0.63588286988206,0.897403819273241,"ENSG00000151303","NS","grey80"
"LINC01116",173.657720254481,-0.0380572529299282,0.080583348398039,-0.472271923250763,0.636732708225118,0.897403819273241,"LINC01116","NS","grey80"
"ENSG00000203496",27.4838434912078,0.0891413643328559,0.187444974277436,0.475560172666557,0.634387755085807,0.897403819273241,"ENSG00000203496","NS","grey80"
"MIR663AHG",266.305368306661,-0.11419854736454,0.241065833481495,-0.47372348754394,0.635697102018278,0.897403819273241,"MIR663AHG","NS","grey80"
"DLEU2",274.334650690081,-0.0365907442982361,0.0763371240139464,-0.479330925429561,0.631703224948519,0.897403819273241,"DLEU2","NS","grey80"
"ENSG00000271780",14.2412263861461,0.132707682580251,0.277471242575301,0.478275447028484,0.632454169465267,0.897403819273241,"ENSG00000271780","NS","grey80"
"ENSG00000271978",15.1311183806629,0.117672534433955,0.249534284919891,0.471568604176906,0.637234740759513,0.897403819273241,"ENSG00000271978","NS","grey80"
"ENSG00000272129",42.112634920917,0.0720142362995801,0.151483939448876,0.475391890134226,0.634507673811226,0.897403819273241,"ENSG00000272129","NS","grey80"
"ENSG00000273156",28.1266423412708,-0.0862352904819282,0.1828784973621,-0.471544176739282,0.637252180175413,0.897403819273241,"ENSG00000273156","NS","grey80"
"LINC02809",17.524351640803,-0.101317686441381,0.212688283587503,-0.476367032223931,0.633812917481532,0.897403819273241,"LINC02809","NS","grey80"
"ENSG00000276449",70.7314394957816,0.0573076706231759,0.11938987802327,0.480004432302092,0.631224241380658,0.897403819273241,"ENSG00000276449","NS","grey80"
"ENSG00000272379",15.3709374038502,-0.116820282565955,0.248458025272357,-0.470181160129151,0.63822559310373,0.897653951397764,"ENSG00000272379","NS","grey80"
"ENSG00000244701",31.3476600293845,-0.0808739839703229,0.172654973877897,-0.468413866996485,0.639488653346251,0.898310337452766,"ENSG00000244701","NS","grey80"
"ENSG00000284634",25.4330213855269,-0.0892086337318185,0.192005564629726,-0.46461483501196,0.642207306654369,0.899888002367861,"ENSG00000284634","NS","grey80"
"NCAL1",84.2096915443425,0.0487098206464377,0.104606642338858,0.465647491950363,0.641467842783606,0.899888002367861,"NCAL1","NS","grey80"
"ENSG00000236194",55.8021123418448,0.0686681551579506,0.149214888111194,0.460196405514035,0.645375250805574,0.900464968977409,"ENSG00000236194","NS","grey80"
"LINC02067",24.4968048227,0.0908542795864508,0.196399999677711,0.462598165659577,0.643652423724793,0.900464968977409,"LINC02067","NS","grey80"
"ENSG00000261451",71.6525728458237,-0.0549296112508924,0.118984415443322,-0.461653831270518,0.644329584500993,0.900464968977409,"ENSG00000261451","NS","grey80"
"ENSG00000276672",116.477943970839,0.0461783022998089,0.10047767501156,0.459587687458893,0.645812198495323,0.900464968977409,"ENSG00000276672","NS","grey80"
"LINC03053",22.5248963138652,-0.0931237644922249,0.205741024134445,-0.452626134646689,0.650817976497345,0.906324293196303,"LINC03053","NS","grey80"
"ENSG00000225032",18.3319591862434,0.104250992742958,0.232623195599977,0.448153901738286,0.654042129286744,0.908570839698827,"ENSG00000225032","NS","grey80"
"ENSG00000228137",14.9157972850704,0.112679768584857,0.25124796028888,0.448480331761899,0.653806577656016,0.908570839698827,"ENSG00000228137","NS","grey80"
"SNHG3",510.578763157316,-0.0265201651611265,0.0594821118268004,-0.445851102905488,0.655704804898279,0.90864253062071,"SNHG3","NS","grey80"
"ENSG00000273893",26.0679960306438,0.0907181184694536,0.203005572261466,0.446875016576446,0.654965303540544,0.90864253062071,"ENSG00000273893","NS","grey80"
"ENSG00000236536",23.8161719768155,-0.083094559314327,0.187516922350309,-0.443130989314631,0.657670991429396,0.909133429328871,"ENSG00000236536","NS","grey80"
"ENSG00000274023",17.6984678449621,0.110970014555868,0.250229824038926,0.443472375773262,0.657424095823789,0.909133429328871,"ENSG00000274023","NS","grey80"
"ENSG00000253200",61.2228097892432,-0.0602647245345968,0.136798151483632,-0.440537564879359,0.659547811392801,0.909892018578772,"ENSG00000253200","NS","grey80"
"ENSG00000261795",38.948144589199,-0.0689823053333961,0.157924812579047,-0.436804731358272,0.662252967423024,0.909892018578772,"ENSG00000261795","NS","grey80"
"ENSG00000265282",82.3387592022498,0.0472497301287134,0.108083085186392,0.437161189905248,0.661994453502293,0.909892018578772,"ENSG00000265282","NS","grey80"
"ENSG00000272909",26.0953360899359,0.0867122657999323,0.197191859042856,0.439735525699806,0.660128669203845,0.909892018578772,"ENSG00000272909","NS","grey80"
"ENSG00000272977",15.6740794370925,0.110502024182465,0.25180776326166,0.43883485858869,0.660781200174958,0.909892018578772,"ENSG00000272977","NS","grey80"
"APRG1",42.4961813621728,-0.0666983029075271,0.153428281727454,-0.434719741084034,0.66376586740668,0.910861190309897,"APRG1","NS","grey80"
"LINC00467",133.879096243679,0.0396563693602515,0.0939705501299848,0.42200848356636,0.673018825215842,0.911741956622598,"LINC00467","NS","grey80"
"ENSG00000180458",20.7580249451641,0.0916442864125604,0.213385296677789,0.429477981095121,0.667575414546294,0.911741956622598,"ENSG00000180458","NS","grey80"
"DUXAP8",2335.88858913323,0.0118271595646593,0.0275680864606771,0.429016340380732,0.667911333187598,0.911741956622598,"DUXAP8","NS","grey80"
"ENSG00000257176",29.755225339385,-0.0799073510416415,0.189637300495907,-0.421369376344641,0.673485377500673,0.911741956622598,"ENSG00000257176","NS","grey80"
"ENSG00000258559",39.1485124048815,-0.0667661880213106,0.158638995802648,-0.420868700558152,0.673850961756724,0.911741956622598,"ENSG00000258559","NS","grey80"
"ENSG00000259049",15.9091291850897,-0.105494756864369,0.248878535505201,-0.42388049515891,0.671652969572004,0.911741956622598,"ENSG00000259049","NS","grey80"
"ENSG00000259363",30.7063012100324,-0.0730796923226735,0.173575875267253,-0.42102447825859,0.673737207483408,0.911741956622598,"ENSG00000259363","NS","grey80"
"ENSG00000268575",125.125163153722,-0.0398760069361534,0.0945792850652491,-0.421614594661436,0.673306351723667,0.911741956622598,"ENSG00000268575","NS","grey80"
"ENSG00000272906",15.6895629046128,0.104212451120286,0.245180044534544,0.425044588429396,0.670804170808335,0.911741956622598,"ENSG00000272906","NS","grey80"
"ENSG00000277130",24.099824573455,0.0846910441821456,0.201396955160087,0.420517996981764,0.674107084949687,0.911741956622598,"ENSG00000277130","NS","grey80"
"ENSG00000278996",14.5392659893798,0.107593702487625,0.253796324073558,0.423937197988892,0.671611614982245,0.911741956622598,"ENSG00000278996","NS","grey80"
"ENSG00000280036",16.439493578521,0.108718833790639,0.251298069695968,0.432629004759853,0.665284314374388,0.911741956622598,"ENSG00000280036","NS","grey80"
"ENSG00000275367",53.2868792031489,-0.0568313556616814,0.135599135182221,-0.419112965472164,0.675133575539063,0.912036734380914,"ENSG00000275367","NS","grey80"
"ENSG00000267160",36.8911983785929,-0.0710258574344212,0.170391981431687,-0.416838027456688,0.676796885413837,0.913190055917235,"ENSG00000267160","NS","grey80"
"ENSG00000262691",18.7788045140063,0.0885768259506197,0.213331544837218,0.415207352565735,0.677990116813822,0.913707110831531,"ENSG00000262691","NS","grey80"
"LINC02024",213.076422669495,0.0300013818186443,0.0729184644921534,0.411437377728555,0.680751850955184,0.916334233743971,"LINC02024","NS","grey80"
"TP53TG1",72.1074018604605,0.052369036949861,0.130209194462808,0.402191543891466,0.68754306501178,0.918566059463198,"TP53TG1","NS","grey80"
"LINC01270",120.441321971656,-0.0419115139980482,0.104696344935308,-0.40031496824407,0.688924544597398,0.918566059463198,"LINC01270","NS","grey80"
"LINC00339",76.7608754646979,-0.0490825357072746,0.121146934128848,-0.405148805953868,0.685368133014049,0.918566059463198,"LINC00339","NS","grey80"
"ENSG00000224066",23.6878413346921,-0.0813028837506247,0.202599481259134,-0.401298578087841,0.688200310342166,0.918566059463198,"ENSG00000224066","NS","grey80"
"LINC01376",19.6899631700312,0.0883492216055906,0.218910867582514,0.403585361390472,0.686517652059483,0.918566059463198,"LINC01376","NS","grey80"
"SNHG6",692.617071304353,-0.0210517041712326,0.0523219862539911,-0.402349101753122,0.687427122937518,0.918566059463198,"SNHG6","NS","grey80"
"ENSG00000264546",33.4298223559497,-0.0662937739334987,0.163868142685926,-0.40455559480258,0.685804204588577,0.918566059463198,"ENSG00000264546","NS","grey80"
"ENSG00000272764",14.6275223590485,-0.103496668824058,0.255724987144974,-0.404718639267677,0.685684339601246,0.918566059463198,"ENSG00000272764","NS","grey80"
"ENSG00000270062",16.8538883761195,-0.0899974954167114,0.227145888419372,-0.396210101107145,0.691950040187779,0.921510797322095,"ENSG00000270062","NS","grey80"
"LINC03105",1035.32423637175,-0.0153479521090074,0.0389119193848186,-0.394428040344763,0.693265045069813,0.922173314668336,"LINC03105","NS","grey80"
"LINC01473",73.1153457484605,-0.0449845297518203,0.117377570143937,-0.383246387675746,0.701537086419186,0.93018414247689,"LINC01473","NS","grey80"
"ENSG00000250371",14.9652395050295,0.0938315455461211,0.245036073523351,0.382929518078403,0.701772024214511,0.93018414247689,"ENSG00000250371","NS","grey80"
"ENSG00000261478",44.8359904052849,0.0576916623190129,0.151755168676466,0.380162750449762,0.703824607966323,0.93018414247689,"ENSG00000261478","NS","grey80"
"ENSG00000266900",32.5814295310626,0.0628446457990844,0.163517176158988,0.384330547256886,0.700733469892973,0.93018414247689,"ENSG00000266900","NS","grey80"
"ENSG00000274265",113.487897532789,-0.0390718614577756,0.102621143985611,-0.380738899804646,0.703397001139651,0.93018414247689,"ENSG00000274265","NS","grey80"
"ENSG00000285601",29.040162026313,-0.0733445787191196,0.193210495520949,-0.379609702471713,0.704235157513532,0.93018414247689,"ENSG00000285601","NS","grey80"
"MIR3667HG",22.7321086370575,-0.0747420017084491,0.205802659452494,-0.36317315775845,0.716475537706748,0.930633780070429,"MIR3667HG","NS","grey80"
"ENSG00000189229",45.0293446588119,0.0547833657624143,0.146155248086705,0.374829959783001,0.707786931327623,0.930633780070429,"ENSG00000189229","NS","grey80"
"INE1",20.1293103420622,-0.0807287438979238,0.220548692849973,-0.366035920933066,0.714338271754941,0.930633780070429,"INE1","NS","grey80"
"LINC01535",118.46400605264,-0.0343809232259419,0.0941054402315792,-0.365344693583449,0.714854120047052,0.930633780070429,"LINC01535","NS","grey80"
"SNHG20",142.871997471421,-0.0327522266766012,0.0870804492512294,-0.376114580921719,0.706831714847488,0.930633780070429,"SNHG20","NS","grey80"
"ENSG00000244327",17.7208182781767,0.086348452246753,0.228812462928216,0.377376525481667,0.705893809442541,0.930633780070429,"ENSG00000244327","NS","grey80"
"MIR130AHG",20.9877260762337,0.0787425823896778,0.218529658342898,0.360329041773001,0.718601083724595,0.930633780070429,"MIR130AHG","NS","grey80"
"ENSG00000261673",30.5571114886205,-0.0662898355943803,0.180206120026442,-0.367855628791372,0.712980886967755,0.930633780070429,"ENSG00000261673","NS","grey80"
"ENSG00000261837",17.7759688985088,-0.0868548548089417,0.23286924894919,-0.372976918167038,0.709165623073366,0.930633780070429,"ENSG00000261837","NS","grey80"
"ENSG00000269397",28.9781332902155,0.063138102502682,0.17519089790993,0.36039602088884,0.718551001861068,0.930633780070429,"ENSG00000269397","NS","grey80"
"LINC01224",70.2680459502704,-0.0434511335118276,0.119674980293961,-0.363076170182752,0.716547985178445,0.930633780070429,"LINC01224","NS","grey80"
"ENSG00000269954",59.9043857232018,-0.0505949563022809,0.137023865862384,-0.369241927191681,0.711947407068339,0.930633780070429,"ENSG00000269954","NS","grey80"
"ENSG00000270638",18.2655416815135,0.090930967295082,0.248966358508856,0.365233953051724,0.714936775468303,0.930633780070429,"ENSG00000270638","NS","grey80"
"ENSG00000271947",19.6040528941261,-0.0844220891829565,0.234091103753597,-0.360637750983561,0.718370264628013,0.930633780070429,"ENSG00000271947","NS","grey80"
"ENSG00000274270",14.5359323195648,-0.0919577696301546,0.250221238380686,-0.367505852921446,0.713241726828086,0.930633780070429,"ENSG00000274270","NS","grey80"
"ENSG00000275202",30.5169800712185,0.10410198459457,0.278142982425815,0.37427507135592,0.708199676713647,0.930633780070429,"ENSG00000275202","NS","grey80"
"ENSG00000279932",16.4101026383025,-0.117078284056632,0.319795963311249,-0.366103070358906,0.714288166515519,0.930633780070429,"ENSG00000279932","NS","grey80"
"ENSG00000222017",16.0553638133344,-0.0889130201647023,0.250127749328728,-0.35547043622037,0.722237189080213,0.93319994190433,"ENSG00000222017","NS","grey80"
"ENSG00000260063",19.2127487548499,0.0840004299076478,0.235834905732589,0.356183193690992,0.721703377208411,0.93319994190433,"ENSG00000260063","NS","grey80"
"ENSG00000253284",228.869473283872,0.0349922737799278,0.0993972230477582,0.352044782610423,0.72480467784019,0.93437677326141,"ENSG00000253284","NS","grey80"
"SNHG19",119.746008649196,0.0344263621714722,0.0974997742117405,0.353091711748054,0.724019686292746,0.93437677326141,"SNHG19","NS","grey80"
"ENSG00000270061",26.2594258754365,-0.0690677935504977,0.197651720720424,-0.349441903661407,0.726757579063932,0.935824827835748,"ENSG00000270061","NS","grey80"
"ENSG00000232611",69.2963763860472,-0.0429805014880365,0.123745447050237,-0.347329962536624,0.728343443420097,0.936797496211938,"ENSG00000232611","NS","grey80"
"ENSG00000225411",53.1498605332273,0.0443516358159229,0.128197375299614,0.345963680709276,0.729370009803551,0.937049397560827,"ENSG00000225411","NS","grey80"
"FAM182B",21.0191459337104,-0.0644173616824436,0.199395800672913,-0.323062779983582,0.746647697365061,0.937801234650861,"FAM182B","NS","grey80"
"ENSG00000203392",36.6398118293203,-0.0571574023204036,0.168214933574794,-0.339787919572489,0.734016246009612,0.937801234650861,"ENSG00000203392","NS","grey80"
"LINC02249",430.016623577716,0.0165401101755839,0.0505690636859733,0.327079620819076,0.743607665080442,0.937801234650861,"LINC02249","NS","grey80"
"ENSG00000250899",23.4159704148135,-0.0684802206839771,0.199723385589136,-0.342875324699594,0.731692255787233,0.937801234650861,"ENSG00000250899","NS","grey80"
"LINC02750",25.1267244089111,-0.065136271488634,0.202254708466721,-0.322050705184703,0.747414281871564,0.937801234650861,"LINC02750","NS","grey80"
"ENSG00000254936",89.6049542045522,0.036620509106549,0.108714920316026,0.336848971604782,0.736230754163774,0.937801234650861,"ENSG00000254936","NS","grey80"
"ENSG00000255455",197.443830221996,0.0250337336064713,0.0773242976331232,0.323749899743643,0.746127389127931,0.937801234650861,"ENSG00000255455","NS","grey80"
"ENSG00000260816",55.3531497992037,0.0446074824857142,0.135465520938882,0.329290303366861,0.741936272609416,0.937801234650861,"ENSG00000260816","NS","grey80"
"ENSG00000261600",14.2406136439783,0.0870511898418799,0.258242960618355,0.337090272019181,0.736048850528164,0.937801234650861,"ENSG00000261600","NS","grey80"
"ENSG00000261613",117.947789681595,-0.0319762873271482,0.0986096763858493,-0.324271293640883,0.745732650833058,0.937801234650861,"ENSG00000261613","NS","grey80"
"ENSG00000265218",18.5374222267565,0.0794831563995437,0.244139851060215,0.325564040669214,0.744754222490316,0.937801234650861,"ENSG00000265218","NS","grey80"
"SNHG25",310.536747394386,0.0267335032167907,0.0828783216475306,0.322563279339613,0.747026007150923,0.937801234650861,"SNHG25","NS","grey80"
"ENSG00000269906",15.4338932862535,-0.0872895633817045,0.25682259552547,-0.339882724115867,0.733944847145667,0.937801234650861,"ENSG00000269906","NS","grey80"
"ENSG00000270953",17.3978539218795,-0.149323503109147,0.460391337128633,-0.324340384075095,0.745680348666498,0.937801234650861,"ENSG00000270953","NS","grey80"
"ENSG00000270956",39.7143481446713,-0.0515985742895892,0.153371950192414,-0.33642771200898,0.7365483549532,0.937801234650861,"ENSG00000270956","NS","grey80"
"ENSG00000271851",22.3255804061947,0.0668573231076816,0.203312589156538,0.328840055527529,0.742276585301951,0.937801234650861,"ENSG00000271851","NS","grey80"
"ENSG00000272148",21.6471474676077,-0.07300323566186,0.221694074326348,-0.329297189758868,0.741931068030738,0.937801234650861,"ENSG00000272148","NS","grey80"
"DGCR11",27.3637009372924,0.0660611694006011,0.193086747766902,0.34213207361259,0.732251501066668,0.937801234650861,"DGCR11","NS","grey80"
"ENSG00000276633",28.4716940736648,0.0675694058298457,0.20134471825276,0.335590654754706,0.737179572146418,0.937801234650861,"ENSG00000276633","NS","grey80"
"HEIH",89.591814599834,-0.0349139358664204,0.10580801488982,-0.32997439657834,0.741419308180469,0.937801234650861,"HEIH","NS","grey80"
"ENSG00000279168",90.723718973668,-0.0350479638243652,0.104721925712467,-0.334676464225798,0.737869157424727,0.937801234650861,"ENSG00000279168","NS","grey80"
"LINC00987",23.2345362887707,-0.0690038521347071,0.216939201511798,-0.318079220601144,0.750424845287336,0.939471222077579,"LINC00987","NS","grey80"
"ENSG00000258199",54.9906631402547,-0.0421170218829512,0.133322952073069,-0.315902260098985,0.752076696397211,0.939471222077579,"ENSG00000258199","NS","grey80"
"LINC02691",45.3238621964558,-0.0499475671140374,0.157571297609505,-0.316983916942906,0.751255805879121,0.939471222077579,"LINC02691","NS","grey80"
"ENSG00000272990",19.894888386857,0.0679963278159879,0.214067276828542,0.317639990676621,0.750758035753761,0.939471222077579,"ENSG00000272990","NS","grey80"
"MIR3936HG",102.031689133889,-0.0298356708907033,0.0954417386868835,-0.31260611239057,0.754579933706935,0.941555492501574,"MIR3936HG","NS","grey80"
"LINC01311",18.3776651883024,-0.0725529968737553,0.234720825411527,-0.309103364588766,0.757242899863589,0.94344643943021,"LINC01311","NS","grey80"
"LINC02666",24.1277930182913,-0.0637282872050667,0.206632999885654,-0.308412921654975,0.757768150818946,0.94344643943021,"LINC02666","NS","grey80"
"NEAT1",13675.229120149,0.017655990819755,0.0581016427575505,0.303881094953388,0.761218481168945,0.943576315119308,"NEAT1","NS","grey80"
"ENSG00000272425",27.0007291444065,-0.0584576838711581,0.191311816957379,-0.305562326472397,0.759937908402122,0.943576315119308,"ENSG00000272425","NS","grey80"
"ENSG00000272667",66.7734238138719,0.0370179108319766,0.121106482872449,0.305664155658491,0.759860367490904,0.943576315119308,"ENSG00000272667","NS","grey80"
"ENSG00000276728",31.9393266300984,-0.0519446190479693,0.170633683666052,-0.304421834727723,0.760806534978947,0.943576315119308,"ENSG00000276728","NS","grey80"
"LINC01102",279.825769188814,0.0207649585322357,0.0694808620911072,0.298858677156416,0.765047877742924,0.945057410671345,"LINC01102","NS","grey80"
"ENSG00000258875",15.279795693937,0.0820310549675012,0.272352250577174,0.301194702058307,0.76326602951096,0.945057410671345,"ENSG00000258875","NS","grey80"
"ENSG00000281383",87.4418315800616,0.0701562848489017,0.234187958530012,0.299572553983005,0.764503221923378,0.945057410671345,"ENSG00000281383","NS","grey80"
"ENSG00000285571",127.414880160471,-0.0268092860166235,0.0899883557760688,-0.297919500644472,0.765764604036888,0.945057410671345,"ENSG00000285571","NS","grey80"
"ENSG00000228010",18.2650870301707,0.0643888192219267,0.21799403979095,0.295369631590266,0.767711529431519,0.94642470513525,"ENSG00000228010","NS","grey80"
"ENSG00000277476",160.851847428733,0.0251103041605602,0.0857529168317134,0.292821574918998,0.769658536325557,0.947789114601778,"ENSG00000277476","NS","grey80"
"ENSG00000214773",35.5149267618494,0.0469302483054847,0.163182128918276,0.287594288765457,0.773657317172404,0.948571145402686,"ENSG00000214773","NS","grey80"
"ENSG00000232693",36.7181491821816,0.0497956838601388,0.171562425337083,0.290248192529926,0.771626369919167,0.948571145402686,"ENSG00000232693","NS","grey80"
"ENSG00000232855",21.4044998738295,-0.0611006693805926,0.212234728940313,-0.287891947211787,0.773429451279039,0.948571145402686,"ENSG00000232855","NS","grey80"
"ENSG00000277840",30.0881021691131,0.0494027815637667,0.171365519749237,0.288288925543826,0.773125583614833,0.948571145402686,"ENSG00000277840","NS","grey80"
"ENSG00000205041",29.346222281115,-0.043465713185955,0.177549235760712,-0.244809351049728,0.806604053111474,0.948748041615999,"ENSG00000205041","NS","grey80"
"ENSG00000213963",119.669788374512,-0.0236629303481363,0.0935735629687284,-0.252880510236041,0.800360550662847,0.948748041615999,"ENSG00000213963","NS","grey80"
"FAM66B",36.7369748958772,0.0408485516931658,0.161570330643673,0.252822108678191,0.800405682337473,0.948748041615999,"FAM66B","NS","grey80"
"CYTOR",26.115859989057,-0.0656382559792146,0.238618229338538,-0.275076452294392,0.783257502321833,0.948748041615999,"CYTOR","NS","grey80"
"ENSG00000224216",57.5926666082937,-0.0337621316024455,0.129089353033569,-0.261540791777505,0.793675496570016,0.948748041615999,"ENSG00000224216","NS","grey80"
"ENSG00000226266",35.6509586658436,-0.046557669800695,0.173535716306117,-0.268288688874671,0.788477112151252,0.948748041615999,"ENSG00000226266","NS","grey80"
"ENSG00000226465",16.7805795613058,0.0708401347683403,0.258131358133888,0.274434440203103,0.783750779128849,0.948748041615999,"ENSG00000226465","NS","grey80"
"LINC01359",123.381566741019,0.0250421927813006,0.10074904286448,0.248560106074512,0.803701070837673,0.948748041615999,"LINC01359","NS","grey80"
"ENSG00000228423",16.2447091694203,-0.0610904726684657,0.237884544456496,-0.256807237342979,0.797327582813689,0.948748041615999,"ENSG00000228423","NS","grey80"
"ENSG00000233178",49.263670737582,0.0347388064163967,0.13784438583571,0.252014662808249,0.801029730232274,0.948748041615999,"ENSG00000233178","NS","grey80"
"PANTR1",96.3635535307346,0.0279244582237898,0.104727160119497,0.266640078771612,0.78974629404538,0.948748041615999,"PANTR1","NS","grey80"
"BMS1P4",30.2825313458164,0.046291492594884,0.181098838172017,0.25561452001649,0.79824850545214,0.948748041615999,"BMS1P4","NS","grey80"
"ENSG00000249413",157.932099037446,-0.0233686714577453,0.0902042519974254,-0.259063968053438,0.795585885266664,0.948748041615999,"ENSG00000249413","NS","grey80"
"ENSG00000250950",58.6600659626433,-0.0380021980133696,0.143236342597361,-0.265311144673627,0.79076977985022,0.948748041615999,"ENSG00000250950","NS","grey80"
"ENSG00000254676",16.8594437805808,0.0623940998780745,0.254169281258511,0.245482457868757,0.806082889299807,0.948748041615999,"ENSG00000254676","NS","grey80"
"ENSG00000254694",14.8299949708294,-0.0649472176208547,0.247540308165995,-0.262370270531063,0.793035990721612,0.948748041615999,"ENSG00000254694","NS","grey80"
"ENSG00000258365",24.0922937300869,-0.0561268723245588,0.199822707905345,-0.280883353613373,0.778799868774344,0.948748041615999,"ENSG00000258365","NS","grey80"
"LINC00645",14.9857042168743,0.0667259674562958,0.242229157384236,0.275466290585537,0.782958020568306,0.948748041615999,"LINC00645","NS","grey80"
"ENSG00000259336",28.9689111040727,0.0489599612953355,0.175004774266867,0.279763575024964,0.779658899106799,0.948748041615999,"ENSG00000259336","NS","grey80"
"ENSG00000259408",27.4621126624232,0.0479114657354673,0.185292484779891,0.258572093694902,0.795965417134469,0.948748041615999,"ENSG00000259408","NS","grey80"
"ENSG00000260196",41.4671663581652,0.041335190796092,0.156749731663831,0.26370182811375,0.792009686752785,0.948748041615999,"ENSG00000260196","NS","grey80"
"ENSG00000260578",41.6521697622161,0.0434067120134225,0.174370727592561,0.248933479906373,0.803412237075178,0.948748041615999,"ENSG00000260578","NS","grey80"
"ENSG00000261654",60.4231455768484,0.034824275917957,0.131881823782217,0.264056675281227,0.791736247442947,0.948748041615999,"ENSG00000261654","NS","grey80"
"ENSG00000266965",59.6520044477196,-0.0350598519853517,0.139597519417004,-0.251149534259425,0.801698500061694,0.948748041615999,"ENSG00000266965","NS","grey80"
"ENSG00000267198",41.1488930441059,-0.0384359941282181,0.155285919937861,-0.247517573670546,0.804507692717401,0.948748041615999,"ENSG00000267198","NS","grey80"
"ENSG00000267481",59.7617739990722,0.0346001803502477,0.130719184759482,0.264690912920782,0.791247578334658,0.948748041615999,"ENSG00000267481","NS","grey80"
"ENSG00000269044",82.2860935978568,0.028974259574437,0.112715094407756,0.2570574928467,0.797134390925239,0.948748041615999,"ENSG00000269044","NS","grey80"
"ENSG00000269968",17.2708671040383,0.0712148842528042,0.254542350319475,0.279776171483538,0.779649234322784,0.948748041615999,"ENSG00000269968","NS","grey80"
"ENSG00000270095",14.8916641783158,0.0671998495190682,0.249911597006937,0.268894482384516,0.78801088307261,0.948748041615999,"ENSG00000270095","NS","grey80"
"ENSG00000272447",49.7627396537942,-0.0373897902494957,0.134349649628526,-0.278302104641715,0.780780460643168,0.948748041615999,"ENSG00000272447","NS","grey80"
"ENSG00000275854",21.4038375136639,0.0503473581374994,0.199870752268053,0.251899577933129,0.801118685830797,0.948748041615999,"ENSG00000275854","NS","grey80"
"ENSG00000275910",39.3755071854889,-0.0378132584086933,0.147036424849243,-0.257169326902932,0.797048061446356,0.948748041615999,"ENSG00000275910","NS","grey80"
"ENSG00000276115",166.803353398932,0.0264298074679559,0.0961020556151072,0.275018128371867,0.783302310715717,0.948748041615999,"ENSG00000276115","NS","grey80"
"ENSG00000276174",20.9157625019711,0.0571506031894481,0.224629660989014,0.25442144611634,0.79916998434444,0.948748041615999,"ENSG00000276174","NS","grey80"
"ENSG00000277152",15.1550789505937,-0.0635092775165899,0.241843845142684,-0.262604481330176,0.792855445660131,0.948748041615999,"ENSG00000277152","NS","grey80"
"LINC00997",68.7808092349623,-0.0288816034590088,0.117735710757254,-0.245308779071768,0.806217354676069,0.948748041615999,"LINC00997","NS","grey80"
"ENSG00000281468",23.0495699684301,0.0503398171231375,0.200902290702627,0.250568656768826,0.802147617031819,0.948748041615999,"ENSG00000281468","NS","grey80"
"ENSG00000282381",23.8783524656252,-0.0557705403660986,0.210587458778826,-0.26483315145881,0.791137997261084,0.948748041615999,"ENSG00000282381","NS","grey80"
"ENSG00000285851",27.005524887901,0.0481670921898995,0.17893570637688,0.269186587546974,0.787786101054959,0.948748041615999,"ENSG00000285851","NS","grey80"
"ENSG00000230735",16.2870086634446,0.0596224052585961,0.24977172187953,0.238707587912426,0.811332332526298,0.949195838499623,"ENSG00000230735","NS","grey80"
"ENSG00000236255",153.551204668553,0.0209777333633594,0.0865020188172693,0.242511488751189,0.808383855776158,0.949195838499623,"ENSG00000236255","NS","grey80"
"ENSG00000263272",14.2730547454706,0.0629893579683939,0.267362870806074,0.235595009054499,0.813746946658107,0.949195838499623,"ENSG00000263272","NS","grey80"
"ENSG00000264853",65.3554520007477,-0.0302287075716343,0.125556680789383,-0.240757460149349,0.809743101753377,0.949195838499623,"ENSG00000264853","NS","grey80"
"ENSG00000269958",55.1782132939653,-0.0331023053693179,0.139621172209881,-0.237086573944229,0.812589627910295,0.949195838499623,"ENSG00000269958","NS","grey80"
"ENSG00000273399",15.0227557258007,0.0602588147788284,0.250360029753824,0.240688638829769,0.809796445055742,0.949195838499623,"ENSG00000273399","NS","grey80"
"ENSG00000276564",65.5269008651561,0.0320563166635505,0.135858793560471,0.235953196870411,0.813468988274625,0.949195838499623,"ENSG00000276564","NS","grey80"
"ENSG00000276744",16.3044026056786,-0.0618051383300886,0.263505331881528,-0.23454985858835,0.814558130911024,0.949195838499623,"ENSG00000276744","NS","grey80"
"HCP5B",14.8928624440321,0.0637650812528869,0.271696473644658,0.234692340307232,0.814447533263434,0.949195838499623,"HCP5B","NS","grey80"
"ENSG00000226824",71.2265895349241,-0.0312842395902629,0.135984810986067,-0.230056867111932,0.818047581007894,0.952278298634576,"ENSG00000226824","NS","grey80"
"LINC01266",63.3311861615291,0.029930564502837,0.13140530331579,0.227772880908076,0.819822810459438,0.952379124817967,"LINC01266","NS","grey80"
"LINC00511",18.8808381880801,0.0521767320715234,0.228069402738359,0.22877567725023,0.81904327221269,0.952379124817967,"LINC00511","NS","grey80"
"ENSG00000250132",53.8242762467337,-0.0305883218768844,0.135220185479326,-0.226211210763064,0.821037151663532,0.952808546374963,"ENSG00000250132","NS","grey80"
"ENSG00000264734",54.1104815402253,0.0303347949268063,0.138855555369924,0.218462954874162,0.827068418947184,0.95685454007428,"ENSG00000264734","NS","grey80"
"ENSG00000265478",25.482451846102,0.0433441572114863,0.197156039381809,0.219846966633098,0.825990340246022,0.95685454007428,"ENSG00000265478","NS","grey80"
"ENSG00000269940",34.401851316597,0.0380530233737878,0.174182555179675,0.218466328815391,0.827065790411774,0.95685454007428,"ENSG00000269940","NS","grey80"
"ENSG00000173862",17.3007372665906,0.0496189439904368,0.231906971862472,0.213960553199161,0.830577818800369,0.957967054812695,"ENSG00000173862","NS","grey80"
"LINC02897",19.2136555988783,-0.0455444166981935,0.212658720463939,-0.214166701458719,0.830417062003588,0.957967054812695,"LINC02897","NS","grey80"
"ENSG00000225339",14.2812007828889,-0.0639250640979588,0.296186556136403,-0.215827027842949,0.829122579619364,0.957967054812695,"ENSG00000225339","NS","grey80"
"ENSG00000242282",17.3641776212577,-0.0523139944941817,0.246121387309759,-0.212553630816087,0.831675142139905,0.958252870616765,"ENSG00000242282","NS","grey80"
"LINC02614",131.227706034675,-0.0203030364263382,0.0965083195097377,-0.210376022807957,0.833374204935834,0.958252908427748,"LINC02614","NS","grey80"
"ENSG00000283078",14.493039960181,-0.0549453796244935,0.260883492662727,-0.210612710921988,0.833189492908036,0.958252908427748,"ENSG00000283078","NS","grey80"
"LINC03085",16.4020679371517,-0.0492298361836328,0.238256779170403,-0.206625122504587,0.836302638716581,0.960640912904586,"LINC03085","NS","grey80"
"ENSG00000271155",20.8459856007029,-0.045129091185284,0.221442772715623,-0.203795728493875,0.8385131309631,0.962200215387973,"ENSG00000271155","NS","grey80"
"DLEU1",52.1917764558828,0.0260686650965806,0.137545130870144,0.189528083849016,0.84967894622773,0.963254121954653,"DLEU1","NS","grey80"
"FAM88F",88.7657574256297,0.0201276944766926,0.105226640117235,0.191279455984416,0.848306655668889,0.963254121954653,"FAM88F","NS","grey80"
"FAM41C",27.413981717171,0.0351259121039695,0.182152608078493,0.19283782139882,0.847085982175488,0.963254121954653,"FAM41C","NS","grey80"
"LINC01060",112.339838686675,-0.0198691112479746,0.101588181378488,-0.19558486999534,0.844935103555531,0.963254121954653,"LINC01060","NS","grey80"
"LINC02228",17.6308309915216,-0.0465805164956397,0.242353744971503,-0.192200522839524,0.847585136370931,0.963254121954653,"LINC02228","NS","grey80"
"ENSG00000262119",36.7519887541677,0.0337096946236878,0.170136093010501,0.198133705948021,0.842940454020337,0.963254121954653,"ENSG00000262119","NS","grey80"
"ENSG00000267543",19.7671359255792,0.0377295893765051,0.198936811031274,0.189656148507245,0.849578585463112,0.963254121954653,"ENSG00000267543","NS","grey80"
"ENSG00000270115",24.1129602221906,-0.0364012155885256,0.190483967024293,-0.19109857988144,0.848448360226315,0.963254121954653,"ENSG00000270115","NS","grey80"
"LINC02018",21.9625472647094,-0.0412058801427807,0.210612178225619,-0.195648136256578,0.844885581015095,0.963254121954653,"LINC02018","NS","grey80"
"ENSG00000276259",23.4722511413014,-0.0419291052284603,0.210242131633499,-0.199432458673662,0.841924472068521,0.963254121954653,"ENSG00000276259","NS","grey80"
"ENSG00000277534",120.368681907358,-0.0184442806846164,0.0918686158302417,-0.200768026359497,0.840879965117593,0.963254121954653,"ENSG00000277534","NS","grey80"
"ENSG00000284959",40.3011845424482,-0.0321047628616929,0.163878141343706,-0.195906315500362,0.844683494000363,0.963254121954653,"ENSG00000284959","NS","grey80"
"LINC01441",15.4684369281158,0.0468644837708197,0.251604387030727,0.186262585974291,0.852238846060299,0.965186163008049,"LINC01441","NS","grey80"
"ENSG00000284428",139.732088129505,0.0159576783255713,0.086662007515055,0.18413695670273,0.853906014886707,0.966104297685262,"ENSG00000284428","NS","grey80"
"ENSG00000226471",20.7008234261038,0.0421333303550938,0.233212869761817,0.180664688008535,0.85663077751216,0.96703155801124,"ENSG00000226471","NS","grey80"
"LINC02268",159.60763121641,-0.0155702151198966,0.0878231083469406,-0.177290640390309,0.859280102228168,0.96703155801124,"LINC02268","NS","grey80"
"DNAH10OS",191.044432305365,-0.0139884797461977,0.078306854426402,-0.178636721506225,0.85822295865105,0.96703155801124,"DNAH10OS","NS","grey80"
"FAM66D",24.8625966036285,0.0342312468555391,0.191580232713435,0.178678386442625,0.858190241177063,0.96703155801124,"FAM66D","NS","grey80"
"ENSG00000270074",66.0300336475463,-0.0223253093920079,0.125006482316891,-0.178593213553625,0.858257123617074,0.96703155801124,"ENSG00000270074","NS","grey80"
"ENSG00000270108",36.5943543050576,0.029391001479037,0.166483100218088,0.176540450295169,0.859869372947937,0.96703155801124,"ENSG00000270108","NS","grey80"
"ENSG00000223356",17.078339200151,0.0394809256791414,0.226998137614457,0.173926209677532,0.861923454206652,0.967400121767658,"ENSG00000223356","NS","grey80"
"ENSG00000240731",16.9818564623545,-0.040070697704526,0.235411257094338,-0.170215724596671,0.864840485735408,0.967400121767658,"ENSG00000240731","NS","grey80"
"LINC00847",87.0379278534599,-0.0178666397368273,0.106590924456282,-0.16761877080966,0.866883203163123,0.967400121767658,"LINC00847","NS","grey80"
"ENSG00000253553",29.5317376974973,-0.0294005461930505,0.1741384487973,-0.168834317728839,0.865926964149389,0.967400121767658,"ENSG00000253553","NS","grey80"
"ENSG00000257891",32.6261951953648,-0.0293690907276381,0.176422589258687,-0.16647012636559,0.867786990830712,0.967400121767658,"ENSG00000257891","NS","grey80"
"ENSG00000260293",235.650896585423,-0.0122765091410635,0.0738185548274865,-0.16630654948141,0.867915712082331,0.967400121767658,"ENSG00000260293","NS","grey80"
"ENSG00000261529",46.5508486165891,0.0246377455667422,0.141341909969991,0.174313093490623,0.861619409656217,0.967400121767658,"ENSG00000261529","NS","grey80"
"ENSG00000278133",95.312936668081,0.0175412067374202,0.105318690993795,0.166553596250581,0.867721308401166,0.967400121767658,"ENSG00000278133","NS","grey80"
"ENSG00000279712",124.656920945822,-0.0158797744223732,0.0948751303286842,-0.167375521565657,0.867074584432125,0.967400121767658,"ENSG00000279712","NS","grey80"
"ENSG00000274964",197.535768483862,0.0120865913956808,0.073600615045431,0.164218619480559,0.869559043863262,0.968275026137966,"ENSG00000274964","NS","grey80"
"SNHG29",3146.06354697827,-0.00661979291324455,0.0405846525991666,-0.163110744808506,0.870431239962032,0.968290373448888,"SNHG29","NS","grey80"
"LINC02985",16.9151300129337,-0.0380850460253399,0.239706747459612,-0.158881827186599,0.873761978619423,0.969128330268151,"LINC02985","NS","grey80"
"ENSG00000278903",206.947476759256,0.011821030284226,0.0735542871902337,0.160711642186854,0.872320519493888,0.969128330268151,"ENSG00000278903","NS","grey80"
"HULC",76.633113219243,0.0183751328033713,0.115175024904791,0.159540949251463,0.873242698616993,0.969128330268151,"HULC","NS","grey80"
"ENSG00000214999",14.6292416324263,0.0366719133348837,0.239604325698835,0.153051966937265,0.878357294318216,0.970219182575584,"ENSG00000214999","NS","grey80"
"LINC01122",17.5878756008338,-0.0367587321509092,0.246960172337816,-0.148844778503908,0.881676116034058,0.970219182575584,"LINC01122","NS","grey80"
"MIR100HG",60.8107911220279,0.0186212102263776,0.125974110782952,0.147817754859656,0.882486596917153,0.970219182575584,"MIR100HG","NS","grey80"
"ENSG00000255310",232.676043243596,-0.0115783355103655,0.0764255692954769,-0.151498191208773,0.879582737576339,0.970219182575584,"ENSG00000255310","NS","grey80"
"GIHCG",59.8490633705498,-0.019550312478406,0.131942978103532,-0.14817243599781,0.882206684557886,0.970219182575584,"GIHCG","NS","grey80"
"ENSG00000261061",14.6331513394001,0.0389561025329062,0.26119722483017,0.149144396760859,0.881439694082795,0.970219182575584,"ENSG00000261061","NS","grey80"
"ENSG00000261553",20.684566913536,-0.0313285871357317,0.208527577232729,-0.15023714154012,0.880577523716673,0.970219182575584,"ENSG00000261553","NS","grey80"
"ENSG00000272768",14.3696793274944,0.0411689930213164,0.267841390147937,0.153706613449764,0.877841069976908,0.970219182575584,"ENSG00000272768","NS","grey80"
"ENSG00000275450",19.6357536390678,-0.0327179350016295,0.220985559543062,-0.148054628860281,0.882299655658349,0.970219182575584,"ENSG00000275450","NS","grey80"
"ENSG00000259644",34.8205727734279,0.0242642642482098,0.173021262258837,0.140238626926157,0.888471453574115,0.973005630710293,"ENSG00000259644","NS","grey80"
"ENSG00000267199",28.0141694753114,0.0260279972173243,0.184627469135037,0.140975756962185,0.887889094193147,0.973005630710293,"ENSG00000267199","NS","grey80"
"ENSG00000271009",20.3583075587642,-0.0306423168183569,0.217564682746506,-0.140842329883383,0.887994501933339,0.973005630710293,"ENSG00000271009","NS","grey80"
"ENSG00000276809",18.3996690152822,-0.0374887593091587,0.264794309234259,-0.14157690706258,0.887414208662903,0.973005630710293,"ENSG00000276809","NS","grey80"
"ENSG00000277701",222.801143599767,-0.0103584408707346,0.0745301116194215,-0.138983300114035,0.889463345542124,0.9731470938618,"ENSG00000277701","NS","grey80"
"ENSG00000234160",21.7476888307764,0.0272858993193351,0.199495745172291,0.136774342208502,0.891209164970001,0.973535953927639,"ENSG00000234160","NS","grey80"
"ENSG00000271141",74.6236135083835,-0.0153214159707344,0.112368595171322,-0.136349626400283,0.891544893978059,0.973535953927639,"ENSG00000271141","NS","grey80"
"VESTAR",34.6395047115075,0.0215958127874327,0.161598239217644,0.133638911488057,0.893688113238114,0.974007188261361,"VESTAR","NS","grey80"
"ENSG00000260947",218.240276874037,-0.00946281015985719,0.0719955423427951,-0.131436056343621,0.895430367222545,0.974007188261361,"ENSG00000260947","NS","grey80"
"ENSG00000268584",15.1353973413977,-0.0324355279093573,0.246747075646722,-0.131452532210743,0.895417334457722,0.974007188261361,"ENSG00000268584","NS","grey80"
"ENSG00000272219",27.6515620292318,-0.0259685300106595,0.194966426880778,-0.133194880914237,0.894039259214872,0.974007188261361,"ENSG00000272219","NS","grey80"
"PARAIL",588.500664643994,-0.00714219997997785,0.0555934040047033,-0.128472075201109,0.897775395834587,0.97467819682523,"PARAIL","NS","grey80"
"ENSG00000266896",16.2809202776655,0.0329847639086744,0.255752669098655,0.128971337913782,0.897380328414624,0.97467819682523,"ENSG00000266896","NS","grey80"
"MIR600HG",188.976543584117,-0.0101243652517513,0.080595139100821,-0.125620048115882,0.900032692569718,0.976189305017924,"MIR600HG","NS","grey80"
"ENSG00000167046",19.424391206268,0.0270240619146503,0.230451584820761,0.117265680492798,0.906649520352441,0.976346609916018,"ENSG00000167046","NS","grey80"
"LINC01521",52.4741020592567,-0.0162142439327267,0.139822941102884,-0.115962686844042,0.907682113820238,0.976346609916018,"LINC01521","NS","grey80"
"ENSG00000228540",25.3627873337555,0.0227509295980248,0.199135692492842,0.114248376638169,0.909040903921269,0.976346609916018,"ENSG00000228540","NS","grey80"
"APPAT",519.206580142536,-0.00788006098720413,0.0664569119943596,-0.118573986523372,0.905612875673309,0.976346609916018,"APPAT","NS","grey80"
"ENSG00000247416",19.962426491385,0.0249208133605524,0.219724566057437,0.113418421106532,0.909698836012177,0.976346609916018,"ENSG00000247416","NS","grey80"
"ENSG00000248206",36.7115619391198,0.0244532269055251,0.201447743014762,0.12138744539686,0.903384160467806,0.976346609916018,"ENSG00000248206","NS","grey80"
"LINC01948",28.5144724432595,-0.021897626813341,0.181812409526739,-0.120440771179156,0.904133995720009,0.976346609916018,"LINC01948","NS","grey80"
"ENSG00000260417",37.7452618962169,0.0186959623001,0.163380924981032,0.114431732482054,0.908895560322084,0.976346609916018,"ENSG00000260417","NS","grey80"
"ENSG00000260912",39.0094633777363,-0.0189979786085352,0.160216000960775,-0.118577286254863,0.905610261312447,0.976346609916018,"ENSG00000260912","NS","grey80"
"ENSG00000261512",40.5140694973834,0.0181251585962555,0.156355371401455,0.115922839322979,0.907713694561521,0.976346609916018,"ENSG00000261512","NS","grey80"
"ENSG00000276724",18.0179784563835,0.0257588926725114,0.218648427706156,0.117809640539145,0.906218490701114,0.976346609916018,"ENSG00000276724","NS","grey80"
"ENSG00000255182",20.2217343115647,0.0237049606722742,0.215841726818705,0.10982566263559,0.912547638310837,0.977202893692517,"ENSG00000255182","NS","grey80"
"PEG13",66.2345065861249,0.014042385845186,0.128670158970131,0.109134751659441,0.913095611659497,0.977202893692517,"PEG13","NS","grey80"
"ENSG00000283103",101.576890708419,-0.0110510755980775,0.100501258618,-0.109959574139086,0.912441435602263,0.977202893692517,"ENSG00000283103","NS","grey80"
"LINC00623",21.6683972082061,0.0224881266415023,0.208862679794563,0.107669434595121,0.914257916188508,0.977519364417666,"LINC00623","NS","grey80"
"ENSG00000233251",14.3824646727828,-0.0260345146382028,0.250055529696614,-0.104114932670315,0.917078140704678,0.978002108411622,"ENSG00000233251","NS","grey80"
"LINC03014",21.6079632225338,0.0212538764340847,0.211685325676083,0.100403163829159,0.920024258088565,0.978002108411622,"LINC03014","NS","grey80"
"ENSG00000248544",21.0282693879273,0.0306632033421365,0.303031701822768,0.101188103943231,0.919401139925213,0.978002108411622,"ENSG00000248544","NS","grey80"
"LINC02021",27.4069341025851,0.0172159845769123,0.176993203481594,0.0972691845690143,0.922512627083303,0.978002108411622,"LINC02021","NS","grey80"
"ENSG00000251867",34.2438981214453,-0.0165739584723592,0.167763677518955,-0.098793485678606,0.921302240866208,0.978002108411622,"ENSG00000251867","NS","grey80"
"ENSG00000262766",21.1025058458228,0.0227029050948111,0.216535444610726,0.104846137941181,0.916497898991943,0.978002108411622,"ENSG00000262766","NS","grey80"
"ENSG00000272821",17.752350155437,-0.0240668589267734,0.241775080785218,-0.0995423467489329,0.920707666995162,0.978002108411622,"ENSG00000272821","NS","grey80"
"LINC03060",48.9910877303372,-0.0128992591181382,0.132174483128722,-0.097592657923057,0.922255754804004,0.978002108411622,"LINC03060","NS","grey80"
"ENSG00000274943",26.2125696642753,-0.0203158650288927,0.195737476080584,-0.103791391590892,0.917334898087492,0.978002108411622,"ENSG00000274943","NS","grey80"
"ENSG00000277969",18.0833364986854,0.0213029789096539,0.224222987350856,0.0950080059201058,0.924308467884047,0.978293482077582,"ENSG00000277969","NS","grey80"
"ENSG00000280206",36.5427220385609,-0.0157580197165568,0.1663306253428,-0.0947391358872139,0.924522031821544,0.978293482077582,"ENSG00000280206","NS","grey80"
"ENSG00000260751",16.8166505795227,0.022076008442156,0.239312875806111,0.0922474746408621,0.926501419506979,0.979469167013939,"ENSG00000260751","NS","grey80"
"SNHG22",19.0382880356253,-0.0202770627269554,0.222946976281041,-0.0909501580384505,0.927532194959411,0.97964074523803,"SNHG22","NS","grey80"
"ENSG00000279072",104.958794554598,0.0152334754396751,0.169720073272357,0.0897564745640269,0.928480736789394,0.979725230213692,"ENSG00000279072","NS","grey80"
"ENSG00000187951",120.54880789269,0.00741694990422294,0.0953792336291259,0.0777627332702539,0.938016791188673,0.979936853477416,"ENSG00000187951","NS","grey80"
"ENSG00000225096",36.2944449816038,-0.0142877244006118,0.16805395204699,-0.0850186754109587,0.932246543632564,0.979936853477416,"ENSG00000225096","NS","grey80"
"JPX",963.516425507217,-0.00320348957622986,0.0413431428738621,-0.0774853906487879,0.938237412903909,0.979936853477416,"JPX","NS","grey80"
"LINC02984",19.211248086782,-0.0175974855407603,0.219033384683102,-0.0803415678674752,0.93596559866863,0.979936853477416,"LINC02984","NS","grey80"
"LINC00882",21.181449837566,0.0178449062673414,0.21798531220421,0.0818628837277997,0.934755749831296,0.979936853477416,"LINC00882","NS","grey80"
"LINC02381",135.291774301871,-0.00749437239243422,0.0880115268208203,-0.0851521688481983,0.932140416132777,0.979936853477416,"LINC02381","NS","grey80"
"RBFADN",51.0229736402684,-0.0112506391638065,0.138205927386898,-0.081404896132357,0.935119955485526,0.979936853477416,"RBFADN","NS","grey80"
"ENSG00000261544",18.8248138313796,-0.0202449420952873,0.258200056684464,-0.078407969212911,0.93750353453401,0.979936853477416,"ENSG00000261544","NS","grey80"
"KCNQ1OT1",5988.64536211519,0.00332771280091057,0.0385374359305501,0.086350135149302,0.931188085186574,0.979936853477416,"KCNQ1OT1","NS","grey80"
"ENSG00000272163",55.1119926872237,-0.0100050110668807,0.123691088381441,-0.0808870808544186,0.935531754282373,0.979936853477416,"ENSG00000272163","NS","grey80"
"ENSG00000273219",27.1383207070153,0.0154680290536291,0.184723472972564,0.0837361316605739,0.9332662291026,0.979936853477416,"ENSG00000273219","NS","grey80"
"LINC00863",134.478749670984,-0.00627027023274733,0.0848898074612999,-0.073863640645031,0.941118887349047,0.981730473817006,"LINC00863","NS","grey80"
"SNHG1",604.905502415671,0.00363793357361675,0.0497398752458369,0.0731391776846332,0.941695365842199,0.981730473817006,"SNHG1","NS","grey80"
"ENSG00000271147",112.449205666265,-0.00701205365370156,0.0988579013162353,-0.0709306343786401,0.943452962063162,0.982654608686285,"ENSG00000271147","NS","grey80"
"ENSG00000273245",19.7327741169537,-0.0148425279544712,0.215488223517483,-0.0688786037222448,0.945086249819604,0.983088281960923,"ENSG00000273245","NS","grey80"
"ENSG00000285280",14.6064701191314,-0.017335646730445,0.254122704352986,-0.0682176225638033,0.945612398871988,0.983088281960923,"ENSG00000285280","NS","grey80"
"ENSG00000226332",17.5075202727856,-0.015874741718835,0.240578829067736,-0.0659856138644908,0.94738927896409,0.983231113020211,"ENSG00000226332","NS","grey80"
"ENSG00000260296",64.3379438293833,-0.00821161693294437,0.124691991700301,-0.0658552070663935,0.947493102706533,0.983231113020211,"ENSG00000260296","NS","grey80"
"ENSG00000236723",19.3759171720277,0.0140175721022504,0.216470520908536,0.0647551086559872,0.948368984492334,0.98323549127514,"ENSG00000236723","NS","grey80"
"FAM66E",29.930444057793,0.0110754518326895,0.180638730232765,0.0613127196942651,0.951110161010329,0.984797083298779,"FAM66E","NS","grey80"
"ENSG00000285756",4329.11632500429,-0.00268208340282782,0.0442070698766774,-0.0606709155415618,0.951621295031621,0.984797083298779,"ENSG00000285756","NS","grey80"
"ENSG00000261786",321.109734589411,-0.00340201166609073,0.0602775986726593,-0.0564390709153086,0.954992032453478,0.985935083566525,"ENSG00000261786","NS","grey80"
"ENSG00000272769",16.068877157665,0.0139670825972063,0.250336661323402,0.0557931967430158,0.955506554716166,0.985935083566525,"ENSG00000272769","NS","grey80"
"LINC01012",47.2595578612321,0.00832027293480908,0.151549950161941,0.0549011921542588,0.956217182111506,0.985935083566525,"LINC01012","NS","grey80"
"ENSG00000285581",16.0972932266003,-0.0139678706906838,0.241042501226157,-0.0579477503744389,0.953790247698666,0.985935083566525,"ENSG00000285581","NS","grey80"
"ENSG00000242588",162.765139411023,-0.00449141530500062,0.0857916618307495,-0.052352585427956,0.958247753618354,0.98622579022035,"ENSG00000242588","NS","grey80"
"ENSG00000254539",31.4783054588238,0.00956818811595358,0.179108120333885,0.0534212971367073,0.957396236778024,0.98622579022035,"ENSG00000254539","NS","grey80"
"LINC01619",45.6228439447483,-0.00803103447882492,0.160990766268943,-0.0498850627582497,0.960213980675194,0.987348559892086,"LINC01619","NS","grey80"
"ENSG00000269937",201.173396536277,-0.00430067727667265,0.0929338714747957,-0.0462767472012507,0.963089672494608,0.988577115392945,"ENSG00000269937","NS","grey80"
"ENSG00000272599",68.5983376960934,-0.00615254766439637,0.133210831619242,-0.04618654196216,0.963161568986566,0.988577115392945,"ENSG00000272599","NS","grey80"
"ENSG00000243155",42.9797174691263,-0.00560158448286618,0.14842947090009,-0.0377390315339512,0.969895755486247,0.992778958428754,"ENSG00000243155","NS","grey80"
"ENSG00000251259",440.575906129632,0.00269582977293433,0.0675495345793087,0.0399089318634638,0.968165730180357,0.992778958428754,"ENSG00000251259","NS","grey80"
"ENSG00000262652",14.4204600517718,0.0101587163948154,0.269134162415055,0.0377459193721707,0.969890263699377,0.992778958428754,"ENSG00000262652","NS","grey80"
"APTR",112.160744052582,-0.00276525214604973,0.0998665591802399,-0.0276894705169424,0.977909821795347,0.993443547301746,"APTR","NS","grey80"
"ENSG00000224905",17.766962790122,-0.00751546432409417,0.24192781916143,-0.0310649033672286,0.975217779208289,0.993443547301746,"ENSG00000224905","NS","grey80"
"ENSG00000224945",36.1535839176172,-0.00445787163171038,0.165196131455793,-0.0269853270317249,0.97847143710305,0.993443547301746,"ENSG00000224945","NS","grey80"
"ENSG00000256588",14.8360248314705,0.00792981862166168,0.253443165542929,0.0312883506038695,0.975039580732299,0.993443547301746,"ENSG00000256588","NS","grey80"
"ENSG00000271862",65.1216859618036,0.00404984948292161,0.118397517085489,0.034205527131092,0.972713259108434,0.993443547301746,"ENSG00000271862","NS","grey80"
"ENSG00000272848",18.8841553100548,0.00635630210062885,0.216664163396188,0.0293371178740152,0.976595723850698,0.993443547301746,"ENSG00000272848","NS","grey80"
"ENSG00000276740",96.494303297509,-0.00368595980128137,0.106422009166088,-0.0346353149143129,0.972370541154745,0.993443547301746,"ENSG00000276740","NS","grey80"
"ENSG00000280434",21.5437066976401,-0.00671587318917137,0.207854327335446,-0.0323104804949908,0.974224451343281,0.993443547301746,"ENSG00000280434","NS","grey80"
"ENSG00000284618",59.9748554267933,0.00363055085678751,0.128770287634221,0.0281940106175758,0.977507414161719,0.993443547301746,"ENSG00000284618","NS","grey80"
"ENSG00000280604",88.3443497539526,-0.00243600428165409,0.113857202003384,-0.0213952586115869,0.982930355781145,0.99707323859814,"ENSG00000280604","NS","grey80"
"LINC01829",23.1502780384581,0.00406722113190734,0.202804959513463,0.0200548405801552,0.983999624888414,0.997261075358608,"LINC01829","NS","grey80"
"ENSG00000124835",17.9111934981418,-0.00299273723322449,0.221149513920316,-0.0135326421486182,0.989202843315296,0.999873606112282,"ENSG00000124835","NS","grey80"
"NBR2",67.871592115688,0.00100739879470148,0.130334803888364,0.0077293153067875,0.993832960056739,0.999873606112282,"NBR2","NS","grey80"
"MIR29B2CHG",161.191843849705,-7.68500453785412e-05,0.0761780406333834,-0.00100882150209654,0.999195077035402,0.999873606112282,"MIR29B2CHG","NS","grey80"
"ENSG00000227388",36.7922877847405,-0.000834139897810763,0.16197387410138,-0.00514984223498089,0.995891038552355,0.999873606112282,"ENSG00000227388","NS","grey80"
"LINC02623",14.6472639974886,0.000226386609696557,0.251128970945094,0.000901475480286398,0.999280726729758,0.999873606112282,"LINC02623","NS","grey80"
"ENSG00000261542",42.4173291676696,0.00158311598416066,0.157468548526608,0.0100535376681468,0.991978572639146,0.999873606112282,"ENSG00000261542","NS","grey80"
"ENSG00000261659",40.1601077616923,0.00082549247666191,0.146519099139062,0.00563402642735628,0.995504721080184,0.999873606112282,"ENSG00000261659","NS","grey80"
"LINC00221",327.522272261482,-0.000408937910841122,0.0632074042153724,-0.00646977859504736,0.994837899559788,0.999873606112282,"LINC00221","NS","grey80"
"NAMA",83.1572811169427,-0.000134563585544003,0.107210941399927,-0.00125512922269792,0.998998552034335,0.999873606112282,"NAMA","NS","grey80"
"ENSG00000272084",15.3763789213712,-4.10511503969079e-05,0.25914290286735,-0.000158411247009613,0.999873606112282,0.999873606112282,"ENSG00000272084","NS","grey80"
"ENSG00000275437",24.2139684719854,0.00311586995209119,0.199147855894596,0.0156460130494216,0.987516797061769,0.999873606112282,"ENSG00000275437","NS","grey80"
"ENSG00000275496",984.826129125558,-0.000286115337709318,0.0397895328354838,-0.00719071869710828,0.994262686013219,0.999873606112282,"ENSG00000275496","NS","grey80"
"ENSG00000277067",989.217720514731,-0.000204892026030174,0.0395561060198862,-0.00517978250758979,0.995867149989714,0.999873606112282,"ENSG00000277067","NS","grey80"
"ENSG00000278000",19.2797011045915,-0.00306026406532134,0.251143905904204,-0.0121853009106605,0.990277777130376,0.999873606112282,"ENSG00000278000","NS","grey80"
"ENSG00000285650",18.0257429721251,-0.000922868747729431,0.245347990917671,-0.00376146853405092,0.996998789407914,0.999873606112282,"ENSG00000285650","NS","grey80"
"ENSG00000093100",10.6328124845487,-0.527091135754348,0.308936678590483,-1.70614618555229,0.0879808652893367,NA,"ENSG00000093100","NA","grey87"
"FAM182A",11.6340708568508,0.220533862009542,0.274852865844595,0.802370611388257,0.422338607846852,NA,"FAM182A","NA","grey87"
"TYMSOS",12.8502833665133,-0.100820205566805,0.254175066619796,-0.396656552145674,0.691620743646102,NA,"TYMSOS","NA","grey87"
"LINC00471",11.4691370853882,-0.517506240400438,0.297170381671915,-1.74144622855376,0.0816053909297785,NA,"LINC00471","NA","grey87"
"C9orf163",10.3503210889283,-0.0723417364921552,0.31247509582559,-0.231512006744157,0.816917058752526,NA,"C9orf163","NA","grey87"
"LINC01285",13.0644669407743,-0.556877918907186,0.264136703645393,-2.10829434615343,0.0350055367058478,NA,"LINC01285","NA","grey87"
"LINC00862",10.4371887026165,-0.229716805564228,0.310268481784782,-0.740380731690213,0.459069007046442,NA,"LINC00862","NA","grey87"
"LINC00222",11.6575317347332,0.359681660157593,0.278276714228542,1.29253236712503,0.196172844373354,NA,"LINC00222","NA","grey87"
"LINC00898",11.6541154540332,0.149494801605273,0.273524502055062,0.546549945186186,0.584687965602521,NA,"LINC00898","NA","grey87"
"LOH12CR2",10.3939240386466,0.103978051360544,0.314154950280548,0.330976963016782,0.740661886642088,NA,"LOH12CR2","NA","grey87"
"ENSG00000214719",12.2919444497518,-0.0396672458970371,0.276123478758184,-0.143657634893757,0.885770826555378,NA,"ENSG00000214719","NA","grey87"
"ENSG00000214770",11.1611772325543,-0.397797124815153,0.295545037803363,-1.34597802003978,0.178309605243957,NA,"ENSG00000214770","NA","grey87"
"ARIH2OS",13.4717846761138,-0.228502766948371,0.274625044087142,-0.832053637744213,0.405378669354584,NA,"ARIH2OS","NA","grey87"
"LINC01465",10.7017976525106,0.00275009545545543,0.293792969050112,0.0093606578276771,0.99253138470956,NA,"LINC01465","NA","grey87"
"LINC02593",10.651587427581,0.189415126010036,0.308852089828062,0.613287499901598,0.539686257155893,NA,"LINC02593","NA","grey87"
"ENSG00000223942",10.3426814878946,-0.644658193752012,0.292936981869807,-2.20067193168025,0.0277592572439725,NA,"ENSG00000223942","NA","grey87"
"ENSG00000224356",12.4888472859547,-0.29981200775115,0.267602332100338,-1.12036395721221,0.262558697590328,NA,"ENSG00000224356","NA","grey87"
"HSALR1",10.4226481170154,-0.284069937112525,0.327990480121285,-0.866092018913115,0.386439701586946,NA,"HSALR1","NA","grey87"
"ENSG00000224950",11.543090697978,0.210546089902297,0.281671644432991,0.747487700887071,0.45476922416773,NA,"ENSG00000224950","NA","grey87"
"ENSG00000224972",11.2234940652761,0.242497191289486,0.298974792792478,0.811095775080299,0.417310671924988,NA,"ENSG00000224972","NA","grey87"
"ENSG00000224985",9.0524869213025,-0.317531188736932,0.339214516597985,-0.936077830399133,0.349233116575697,NA,"ENSG00000224985","NA","grey87"
"PSLNR",12.239531060083,-0.248963898533343,0.300123302802266,-0.829538713617887,0.406799639810138,NA,"PSLNR","NA","grey87"
"NHEG1",10.1149955842233,0.302831113727281,0.292422301930355,1.03559513665071,0.300391061818036,NA,"NHEG1","NA","grey87"
"LINC01703",12.6136007721851,-0.488439759145956,0.274998708951172,-1.77615291725854,0.0757077161921785,NA,"LINC01703","NA","grey87"
"LINC00951",11.3890920705227,0.297792307096012,0.298271969960915,0.998391860740498,0.318089378869508,NA,"LINC00951","NA","grey87"
"LINC01068",10.3997948876511,0.119764676033581,0.291122873019932,0.411388754140871,0.68078749874144,NA,"LINC01068","NA","grey87"
"ENSG00000227704",10.1678243703701,-0.50347844501284,0.314829081083315,-1.59921200189128,0.1097735044437,NA,"ENSG00000227704","NA","grey87"
"ENSG00000228031",11.3616206057407,0.494572000902702,0.301476321996938,1.64050031401048,0.100901183233402,NA,"ENSG00000228031","NA","grey87"
"ENSG00000228172",11.803160518838,-0.648983456732335,0.285243907240901,-2.27518779633123,0.0228946666346221,NA,"ENSG00000228172","NA","grey87"
"ENSG00000228251",13.3360352348093,-0.524058967313679,0.259672244412769,-2.01815549635966,0.0435750694104369,NA,"ENSG00000228251","NA","grey87"
"ENSG00000229728",13.063308422183,-0.264658545214408,0.277333224180748,-0.95429801458595,0.339932812751615,NA,"ENSG00000229728","NA","grey87"
"LINC01315",12.6213457274132,-0.0511531034375664,0.27798482022599,-0.184014017009925,0.854002458709061,NA,"LINC01315","NA","grey87"
"LINC02812",13.4783284312372,-0.0616540847159714,0.257873682083216,-0.239086378330284,0.81103860404066,NA,"LINC02812","NA","grey87"
"LINC00276",11.0436553542136,-0.323920686734796,0.309045504612709,-1.04813265975419,0.294577490817876,NA,"LINC00276","NA","grey87"
"ENSG00000230471",13.8552727894768,-0.168218094563409,0.281798281496335,-0.596945068898857,0.550544055787612,NA,"ENSG00000230471","NA","grey87"
"ENSG00000230747",13.4634441135518,-0.189426138479203,0.275325427138628,-0.688008152562771,0.491447647465181,NA,"ENSG00000230747","NA","grey87"
"ENSG00000230751",9.47214028070952,-0.628078224110563,0.32431044090797,-1.93665742722354,0.052787233069635,NA,"ENSG00000230751","NA","grey87"
"ENSG00000230928",10.2301766683311,-0.14417974658869,0.307563190639369,-0.46878089113644,0.639226260048805,NA,"ENSG00000230928","NA","grey87"
"LINC01816",12.8000688544223,0.064341392026304,0.304750173168532,0.21112831982124,0.832787142254636,NA,"LINC01816","NA","grey87"
"WASIR2",12.4678718159987,-0.131392182719015,0.26010266145665,-0.505155087545743,0.613449912374047,NA,"WASIR2","NA","grey87"
"DIRC3",10.9868782056063,-0.199765381729762,0.303102814049853,-0.659068053709672,0.509852068884427,NA,"DIRC3","NA","grey87"
"LINC01198",12.95985219681,0.184502898463065,0.46202683600264,0.399333727147422,0.689647318935565,NA,"LINC01198","NA","grey87"
"LINC01798",14.1839780263468,0.0823661442680961,0.267551265905017,0.30785182043331,0.758195088124249,NA,"LINC01798","NA","grey87"
"MHENCR",10.5750068575593,-0.535132857977028,0.319772844266018,-1.67347811914839,0.0942332105184339,NA,"MHENCR","NA","grey87"
"ENSG00000232536",11.9298442957789,1.05871283935536,0.372455104104815,2.84252471690499,0.00447577604552925,NA,"ENSG00000232536","NA","grey87"
"ENSG00000232821",10.0496256638809,-0.0810084160390908,0.292032090946392,-0.277395596410538,0.781476362565501,NA,"ENSG00000232821","NA","grey87"
"ENSG00000233030",13.7328481812942,-0.260685305820613,0.273175395480998,-0.954278130948094,0.339942874822126,NA,"ENSG00000233030","NA","grey87"
"ENSG00000233288",11.9677263541002,-0.4797853213148,0.28550356889443,-1.68048799940644,0.092862407261972,NA,"ENSG00000233288","NA","grey87"
"ENSG00000233424",11.3389172663366,0.20820756938054,0.29467268803035,0.706572335469025,0.479832285823485,NA,"ENSG00000233424","NA","grey87"
"LITATS1",14.0741678212758,0.130619900398523,0.265650789914658,0.491697767736679,0.622933016536837,NA,"LITATS1","NA","grey87"
"ENSG00000233665",14.0196560800041,0.234772674302236,0.263522878843716,0.89090053710847,0.372982532138135,NA,"ENSG00000233665","NA","grey87"
"ENSG00000234203",9.7071122178996,-0.0132673530301401,0.292780266425011,-0.0453150521110624,0.963856189913315,NA,"ENSG00000234203","NA","grey87"
"ENSG00000235279",11.6035363904895,0.0294491212549313,0.289631479451485,0.101677902245651,0.919012342679281,NA,"ENSG00000235279","NA","grey87"
"ENSG00000236358",12.5760347392901,-0.202786449171254,0.261094663271315,-0.776677878553685,0.437348841373733,NA,"ENSG00000236358","NA","grey87"
"LINC01134",11.17833378389,-0.551708759570237,0.287831212584959,-1.91677877675406,0.0552660423001945,NA,"LINC01134","NA","grey87"
"LINC01424",10.3245012622645,-0.568068071564964,0.29221928592326,-1.94397871369155,0.051898018067447,NA,"LINC01424","NA","grey87"
"LINC01852",12.8895162616972,-0.0612821019999267,0.248611524545908,-0.24649743052684,0.805297193233178,NA,"LINC01852","NA","grey87"
"ENSG00000237280",12.2693824288797,0.130662961638184,0.282612104330345,0.462340287751625,0.643837312790478,NA,"ENSG00000237280","NA","grey87"
"ENSG00000237481",10.4761618936811,0.582197721973591,0.298488523797705,1.9504861177449,0.0511182064102009,NA,"ENSG00000237481","NA","grey87"
"LINC02918",12.1545569384095,-0.802301173073352,0.271120200186472,-2.95920839731434,0.00308430447576448,NA,"LINC02918","NA","grey87"
"ENSG00000242798",11.532929905843,-0.496585336673029,0.305337740599823,-1.62634771482067,0.103875706734411,NA,"ENSG00000242798","NA","grey87"
"RN7SL832P",12.7843237547268,-0.384610549925136,0.27423216459372,-1.40249977786138,0.160766056793237,NA,"RN7SL832P","NA","grey87"
"ENSG00000243960",13.338758378391,0.295840565379249,0.274862467192747,1.07632216359242,0.281783199728858,NA,"ENSG00000243960","NA","grey87"
"ENSG00000244332",9.7391831641424,0.34216197325394,0.312417702699458,1.0952067385986,0.273426074170212,NA,"ENSG00000244332","NA","grey87"
"ENSG00000245025",10.1948987606585,0.0487475527558641,0.318953648622567,0.152835852376623,0.878527723757655,NA,"ENSG00000245025","NA","grey87"
"MALINC1",11.9594387714247,0.266065495533458,0.285931805404487,0.930520811272023,0.35210149398297,NA,"MALINC1","NA","grey87"
"DNM1P35",10.4896010842798,-0.0707804241655165,0.282521127843498,-0.250531437085035,0.802176396399769,NA,"DNM1P35","NA","grey87"
"ENSG00000247970",9.92869231695677,-0.333792837839469,0.303473723995587,-1.09990688302333,0.27137269544279,NA,"ENSG00000247970","NA","grey87"
"ENSG00000248790",10.6368145496445,0.45944945587109,0.302665826872517,1.51800902209092,0.129012124265796,NA,"ENSG00000248790","NA","grey87"
"ENSG00000249526",14.0096326639434,-0.0110024499607583,0.275046437503856,-0.0400021540384577,0.968091408994773,NA,"ENSG00000249526","NA","grey87"
"LINC02503",9.09903642098444,-0.360151553479835,0.33408307277143,-1.07802993576463,0.281020396945455,NA,"LINC02503","NA","grey87"
"ENSG00000249664",12.777861777651,0.294603189515079,0.27265126205454,1.08051284008415,0.279913872141489,NA,"ENSG00000249664","NA","grey87"
"LINC02762",10.4676564420176,-0.225715358455241,0.346398904458143,-0.651605289596161,0.514655834516315,NA,"LINC02762","NA","grey87"
"SNHG21",13.0239282525128,-0.0818548287296924,0.296550750010765,-0.276023003572646,0.782530398022616,NA,"SNHG21","NA","grey87"
"ENSG00000251213",10.2860946171171,-0.0270563414848006,0.292984678392444,-0.0923472914462767,0.926422115726269,NA,"ENSG00000251213","NA","grey87"
"LINC01301",11.3531726543841,0.0307458480246968,0.279168282434812,0.110133743549023,0.912303307441077,NA,"LINC01301","NA","grey87"
"ENSG00000251417",12.9742318682131,-0.393430346959519,0.281015310839474,-1.40003171280678,0.161503822121979,NA,"ENSG00000251417","NA","grey87"
"ENSG00000251555",11.3259696774492,0.049561387620861,0.291352787251622,0.170107820448129,0.864925343326458,NA,"ENSG00000251555","NA","grey87"
"ENSG00000253475",10.4530698239134,-0.600340776914409,0.300315649854778,-1.99903260853942,0.0456048257996381,NA,"ENSG00000253475","NA","grey87"
"LINC03047",9.9615381721006,6.81232837592896e-05,0.298777261646813,0.000228006921891596,0.999818076798843,NA,"LINC03047","NA","grey87"
"LINC02886",12.6988246878737,0.0367860002441884,0.260392417469889,0.141271395694317,0.887655545890046,NA,"LINC02886","NA","grey87"
"LNCOC1",13.2890620744322,-0.434213765661819,0.271604564214236,-1.59869833895471,0.109887646882413,NA,"LNCOC1","NA","grey87"
"LNMICC",12.4186401021056,-0.068855623853742,0.282350539241366,-0.243865742345479,0.807334801914593,NA,"LNMICC","NA","grey87"
"ENSG00000254293",12.3081238042152,0.258018354461306,0.260286981700963,0.991284130981765,0.321546859550343,NA,"ENSG00000254293","NA","grey87"
"MIR2052HG",11.1134413161669,0.183422060496481,0.302438351400029,0.606477517310206,0.544197707385273,NA,"MIR2052HG","NA","grey87"
"ENSG00000254485",11.6372754958779,-0.417873884482428,0.272804445153912,-1.53177080471204,0.125579002935265,NA,"ENSG00000254485","NA","grey87"
"ENSG00000254577",12.7538389669707,0.255518727490853,0.270326114493303,0.945223986109502,0.344544536268102,NA,"ENSG00000254577","NA","grey87"
"ENSG00000254718",10.3615123827641,-0.0398896764075782,0.342987431971116,-0.116300694105134,0.907414235530211,NA,"ENSG00000254718","NA","grey87"
"ENSG00000255097",11.8858932187072,0.313632610418694,0.327398299394306,0.957954305196213,0.338085800892847,NA,"ENSG00000255097","NA","grey87"
"ENSG00000255224",9.85496586062054,-0.505828554070511,0.324237934017818,-1.56005359336737,0.118747216824362,NA,"ENSG00000255224","NA","grey87"
"ENSG00000255672",10.1149616522737,-0.29312497973161,0.309419265225557,-0.947339137134629,0.343465993924591,NA,"ENSG00000255672","NA","grey87"
"ENSG00000256341",12.9834353675462,-0.53817346594593,0.275729573762636,-1.95181626186105,0.0509600228796128,NA,"ENSG00000256341","NA","grey87"
"ENSG00000256571",11.9459528267085,0.0420129945149417,0.260723768405513,0.161139871412097,0.871983237716549,NA,"ENSG00000256571","NA","grey87"
"ENSG00000257225",10.6155225043981,0.432369461346302,0.31703125264709,1.36380706235168,0.172628296974601,NA,"ENSG00000257225","NA","grey87"
"ENSG00000257509",12.9808466189549,-0.0811764377908458,0.281451944640454,-0.288420241311696,0.773025075413617,NA,"ENSG00000257509","NA","grey87"
"ENSG00000257534",12.7480887130317,-0.0420605903927913,0.281677978698968,-0.149321542944406,0.881299917027113,NA,"ENSG00000257534","NA","grey87"
"ENSG00000257607",11.0127167077529,-0.136543269649322,0.301067089040163,-0.453531038828051,0.650166398194105,NA,"ENSG00000257607","NA","grey87"
"ENSG00000258314",14.0424303375913,-0.408923798577418,0.271075201506109,-1.50852529595261,0.131420137506079,NA,"ENSG00000258314","NA","grey87"
"ENSG00000258561",11.4683173095823,0.0106484032944161,0.285296229006811,0.0373240239854762,0.970226650465418,NA,"ENSG00000258561","NA","grey87"
"ENSG00000258620",11.8669491875075,0.139734499879052,0.280752839145762,0.497713577195579,0.618685937033452,NA,"ENSG00000258620","NA","grey87"
"ENSG00000258811",10.3127515521237,0.0142229686885328,0.331028315397433,0.0429660183947005,0.965728622218276,NA,"ENSG00000258811","NA","grey87"
"ENSG00000258938",10.9071523806353,0.0976152091208917,0.287174204342081,0.339916356152285,0.73391951885761,NA,"ENSG00000258938","NA","grey87"
"LINC02895",11.6846630806288,0.119674283949667,0.27563023543191,0.434184166196928,0.664154710192732,NA,"LINC02895","NA","grey87"
"ENSG00000259432",12.7601896040852,0.287959343969737,0.277824680888263,1.03647862763334,0.299978905156116,NA,"ENSG00000259432","NA","grey87"
"LINC02352",9.35203113222841,-0.085085234983574,0.302636878411961,-0.281146288020301,0.778598199605315,NA,"LINC02352","NA","grey87"
"ENSG00000259523",10.1293800312344,0.0554181386846141,0.304276162474982,0.182131055662866,0.85547987741872,NA,"ENSG00000259523","NA","grey87"
"ENSG00000259554",14.0882369328335,-0.130084544284283,0.267118137499247,-0.486992555062456,0.626263606905141,NA,"ENSG00000259554","NA","grey87"
"ENSG00000259735",13.0102457796447,1.00945177396718,0.450926427595166,2.23861745994947,0.0251808172024521,NA,"ENSG00000259735","NA","grey87"
"ENSG00000259774",9.54852226358321,0.0484080934814321,0.321256562928639,0.150683593947885,0.880225315585292,NA,"ENSG00000259774","NA","grey87"
"ENSG00000259935",11.7452396441959,0.738975340119168,0.266899508896909,2.76873997697988,0.00562735264969644,NA,"ENSG00000259935","NA","grey87"
"ENSG00000260118",12.7591675224409,0.349270823180965,0.281941958302452,1.23880399101962,0.215418095534603,NA,"ENSG00000260118","NA","grey87"
"ENSG00000260198",11.413964492596,0.466309278112251,0.290875525955486,1.60312311109877,0.108907476505216,NA,"ENSG00000260198","NA","grey87"
"ENSG00000260274",13.6769006186912,-0.433604685827691,0.269399555662833,-1.60952264661628,0.107502107141268,NA,"ENSG00000260274","NA","grey87"
"ENSG00000260350",13.8494405279783,-0.148423971277816,0.293120371261644,-0.506358430971453,0.61260505079486,NA,"ENSG00000260350","NA","grey87"
"ENSG00000260369",12.8501335310656,0.0776067134953885,0.27686133481346,0.280308962418596,0.779240475289353,NA,"ENSG00000260369","NA","grey87"
"ENSG00000260464",12.5573961666585,0.10629180431674,0.273174518013713,0.389098533382986,0.69720325835863,NA,"ENSG00000260464","NA","grey87"
"COSMOC",12.2816577583926,-0.2905914592641,0.309842053877226,-0.937869652062292,0.348311400893389,NA,"COSMOC","NA","grey87"
"ENSG00000260583",12.7593419890098,-0.0214659166269627,0.262138947364474,-0.081887551784195,0.934736133430042,NA,"ENSG00000260583","NA","grey87"
"ENSG00000260658",10.1014925298939,-0.0135911862706547,0.31193657096243,-0.0435703522312927,0.965246884737939,NA,"ENSG00000260658","NA","grey87"
"ENSG00000260671",11.8125208461993,-0.220930649259651,0.312359934373809,-0.707295094367826,0.47938311346272,NA,"ENSG00000260671","NA","grey87"
"ENSG00000260743",11.9703154733509,-0.344970783635163,0.282739487498377,-1.22010118461838,0.222426519558939,NA,"ENSG00000260743","NA","grey87"
"ENSG00000260805",12.8676788397043,-0.195511006585542,0.289916979202199,-0.674368942183222,0.500076783040615,NA,"ENSG00000260805","NA","grey87"
"ENSG00000261003",9.41566690830957,0.762385481120543,0.321256531638521,2.37313612654694,0.0176377621968828,NA,"ENSG00000261003","NA","grey87"
"ENSG00000261079",10.6527010453483,-0.049279775143543,0.304079701127005,-0.162062034923404,0.871257002660708,NA,"ENSG00000261079","NA","grey87"
"ENSG00000261187",9.46292343831715,-0.2624476825148,0.309637556073973,-0.847596415119944,0.396662771508137,NA,"ENSG00000261187","NA","grey87"
"ENSG00000261211",13.0212753873205,0.17919271386884,0.269091732868531,0.66591683051217,0.505464262137604,NA,"ENSG00000261211","NA","grey87"
"ENSG00000261242",10.3932808564025,0.260174152136098,0.305162396239114,0.8525760557085,0.39389444559383,NA,"ENSG00000261242","NA","grey87"
"MAFTRR",11.2722268537451,-0.240406692784793,0.272262259423435,-0.882996759425629,0.377238022387556,NA,"MAFTRR","NA","grey87"
"ENSG00000261468",11.3339458883413,0.500390003473268,0.271059102075394,1.84605497340608,0.0648842237474446,NA,"ENSG00000261468","NA","grey87"
"ENSG00000261537",9.86751108359486,0.0577478528617002,0.331700794850404,0.174096214896754,0.861789847850886,NA,"ENSG00000261537","NA","grey87"
"ENSG00000261675",14.1236336197159,-0.115307287807375,0.269750016474863,-0.427459798943588,0.669044460083071,NA,"ENSG00000261675","NA","grey87"
"LINC02175",13.9196523885356,-0.343527243133904,0.270908227708954,-1.26805762246161,0.204777373592556,NA,"LINC02175","NA","grey87"
"ENSG00000262312",10.8729873504765,-0.0850358340266097,0.288816893979338,-0.294428185467201,0.768430731998522,NA,"ENSG00000262312","NA","grey87"
"ENSG00000262412",13.1664961113823,-0.189114436972799,0.255993897796863,-0.738745878711787,0.460061321268801,NA,"ENSG00000262412","NA","grey87"
"LINC01569",13.2710876667614,-0.792872773169664,0.270551892272956,-2.93057559682394,0.00338334661066252,NA,"LINC01569","NA","grey87"
"ENSG00000262514",13.055282203539,0.326727077551281,0.280856316817491,1.16332465387844,0.244697806588524,NA,"ENSG00000262514","NA","grey87"
"ENSG00000262877",13.6812623711708,-0.246356890730649,0.242091534630548,-1.01761877426491,0.308859161686854,NA,"ENSG00000262877","NA","grey87"
"ENSG00000263120",9.90319258250501,-0.171226259643063,0.275339355928921,-0.621873538802295,0.534025025934718,NA,"ENSG00000263120","NA","grey87"
"ENSG00000263235",10.9894740359068,0.512227118522711,0.325667949372778,1.57285087313393,0.11575335271293,NA,"ENSG00000263235","NA","grey87"
"ENSG00000264596",12.5731910998508,-0.318151369809498,0.275063572813157,-1.15664668554861,0.247416740098605,NA,"ENSG00000264596","NA","grey87"
"ENSG00000265100",10.4020139976229,-0.714720879042778,0.306747294818377,-2.32999896369407,0.0198062058902419,NA,"ENSG00000265100","NA","grey87"
"ENSG00000265800",12.807766488858,0.286625411110973,0.289807280697454,0.989020739648697,0.322652994596618,NA,"ENSG00000265800","NA","grey87"
"ENSG00000265971",11.5659824500013,-0.0346739361957183,0.296103451889606,-0.11710074966855,0.90678021567499,NA,"ENSG00000265971","NA","grey87"
"LINC02933",10.9460110868545,0.281690276876955,0.3224339563099,0.873637132083618,0.382315897861345,NA,"LINC02933","NA","grey87"
"ENSG00000267457",12.1247277472471,-0.117941384946342,0.293244891791444,-0.40219416688159,0.68754113477238,NA,"ENSG00000267457","NA","grey87"
"ENSG00000267655",10.6293555257567,0.334971374194661,0.315283062803332,1.06244646070192,0.288033051286947,NA,"ENSG00000267655","NA","grey87"
"ENSG00000267672",13.8421294187851,-0.146508397846591,0.248314392839885,-0.590011703192174,0.555182803405032,NA,"ENSG00000267672","NA","grey87"
"ENSG00000267868",13.8309701132627,-0.111850406306264,0.26120624599007,-0.428207242450536,0.668500243883251,NA,"ENSG00000267868","NA","grey87"
"ENSG00000267940",13.8035210468234,-0.249237641075302,0.263981749635841,-0.944147242826906,0.345094410439288,NA,"ENSG00000267940","NA","grey87"
"ENSG00000268129",11.4803853782135,-0.322503095686791,0.279166161237328,-1.15523706117312,0.247993361796596,NA,"ENSG00000268129","NA","grey87"
"ENSG00000268392",10.8612291546671,0.0473139473053752,0.270690392094138,0.174789902734785,0.861244722649421,NA,"ENSG00000268392","NA","grey87"
"ENSG00000269653",11.2034626342216,0.157683473649683,0.288387273390008,0.546776810904675,0.584532076244004,NA,"ENSG00000269653","NA","grey87"
"ENSG00000269688",11.6932832523174,-0.0384212447916712,0.296716637575486,-0.12948800278143,0.896971517424728,NA,"ENSG00000269688","NA","grey87"
"ENSG00000269707",10.2302140754646,-0.808498371880286,0.316663862881971,-2.55317535926616,0.0106745737714137,NA,"ENSG00000269707","NA","grey87"
"ENSG00000269867",10.2578208466828,-0.905568932761247,0.318767778149549,-2.84084212657279,0.00449945808414775,NA,"ENSG00000269867","NA","grey87"
"FAM226B",10.3882320589536,-0.106045362894195,0.289709172156081,-0.366040750815658,0.714334667774996,NA,"FAM226B","NA","grey87"
"ENSG00000269921",11.0514574309706,0.376556209735751,0.302416583464573,1.24515727749389,0.213073943230243,NA,"ENSG00000269921","NA","grey87"
"ENSG00000269925",12.5806702042997,0.134511831618104,0.283385534371276,0.474660190106507,0.635029197340803,NA,"ENSG00000269925","NA","grey87"
"ENSG00000269967",9.33181551023898,-0.940624692823632,0.372129670057811,-2.52767991511535,0.0114818978020551,NA,"ENSG00000269967","NA","grey87"
"ENSG00000270036",10.691194571518,1.11448017611478,0.356551392007594,3.12572100711655,0.0017736973655701,NA,"ENSG00000270036","NA","grey87"
"ENSG00000270135",10.8304418074089,0.432810991371109,0.340631902166395,1.27061202611518,0.203866706465882,NA,"ENSG00000270135","NA","grey87"
"ENSG00000270175",12.034828951409,0.277929068527903,0.29726713857854,0.934947165222813,0.349815528641504,NA,"ENSG00000270175","NA","grey87"
"ENSG00000270823",12.8244761362185,0.237541356055482,0.268771281551001,0.88380482722968,0.376801580108167,NA,"ENSG00000270823","NA","grey87"
"ENSG00000271754",14.1364514975452,0.223806976474532,0.263668051522288,0.848820989810415,0.395980908684262,NA,"ENSG00000271754","NA","grey87"
"ENSG00000271964",11.2440850270415,0.0962652967249302,0.295182966107693,0.326120771785352,0.744332981797803,NA,"ENSG00000271964","NA","grey87"
"ENSG00000272004",13.845807280716,-0.269639231444473,0.266887303118563,-1.01031119987258,0.312346216931687,NA,"ENSG00000272004","NA","grey87"
"ENSG00000272010",11.4546687250756,0.530831182966649,0.295506689991168,1.79634235347604,0.0724400858602252,NA,"ENSG00000272010","NA","grey87"
"ENSG00000272056",13.7488023427283,-0.0344348524578962,0.280349704232048,-0.122828210403226,0.902243134729523,NA,"ENSG00000272056","NA","grey87"
"ENSG00000272076",13.1501285905215,0.530109324467692,0.25267486769182,2.09798991609348,0.0359060361659311,NA,"ENSG00000272076","NA","grey87"
"ENSG00000272092",10.1726422617049,0.0128373354348988,0.32195504827207,0.039873067696241,0.968194322886945,NA,"ENSG00000272092","NA","grey87"
"ENSG00000272121",13.0743118367288,-0.251361313852002,0.270229361092408,-0.930177656624243,0.352279108401355,NA,"ENSG00000272121","NA","grey87"
"LINC01607",13.2280529643579,-0.266789467972116,0.253953458407658,-1.0505447322708,0.293467735933856,NA,"LINC01607","NA","grey87"
"ENSG00000272156",9.64775119217994,0.740377350981371,0.312455720118625,2.3695432770451,0.0178100706224824,NA,"ENSG00000272156","NA","grey87"
"ENSG00000272159",10.4251845619097,0.19328798105856,0.32469578315697,0.595289471206708,0.551649992590066,NA,"ENSG00000272159","NA","grey87"
"ENSG00000272263",11.3671418173205,0.0694498924190571,0.289700563505231,0.239729918294767,0.810539639700634,NA,"ENSG00000272263","NA","grey87"
"ENSG00000272293",12.5087383289694,0.348386444000495,0.27403689868746,1.27131216879604,0.203617614921401,NA,"ENSG00000272293","NA","grey87"
"ENSG00000272312",9.54593871673176,0.511308868493366,0.305063806313866,1.67607188368752,0.093724113252749,NA,"ENSG00000272312","NA","grey87"
"ENSG00000272345",13.6592761497824,-0.0960562453544488,0.274688067185655,-0.349692093794256,0.726569787759774,NA,"ENSG00000272345","NA","grey87"
"ENSG00000272368",10.4854653003005,-0.245553931183761,0.304569321043223,-0.806233307881044,0.420108336809383,NA,"ENSG00000272368","NA","grey87"
"ENSG00000272371",10.2631210898279,-0.0526493406983471,0.304734915821431,-0.172770949323046,0.862831472695992,NA,"ENSG00000272371","NA","grey87"
"ENSG00000272405",10.8169581038652,0.499173980889437,0.291419648348398,1.71290434162032,0.0867301394249437,NA,"ENSG00000272405","NA","grey87"
"ENSG00000272438",11.6666172183953,-0.240937051212395,0.281290098380081,-0.856542951920189,0.391697525381739,NA,"ENSG00000272438","NA","grey87"
"ENSG00000272540",13.8134418543853,-0.0540680840037251,0.257935519705292,-0.209618605710068,0.833965356996506,NA,"ENSG00000272540","NA","grey87"
"ENSG00000272572",11.8663534512149,-0.358854279532348,0.27187778954745,-1.31991024397275,0.186864986973534,NA,"ENSG00000272572","NA","grey87"
"ENSG00000272574",11.1727665047402,0.645136621705655,0.349000487106077,1.84852642199771,0.0645262256999403,NA,"ENSG00000272574","NA","grey87"
"ENSG00000272588",11.3637474616618,-0.0181772357048933,0.281397307344963,-0.0645963384525566,0.948495400114489,NA,"ENSG00000272588","NA","grey87"
"ENSG00000272638",13.7754811491006,0.533138863906398,0.270826275217192,1.9685640304983,0.0490031764868215,NA,"ENSG00000272638","NA","grey87"
"ENSG00000272661",10.6988688733064,0.0291983565022922,0.308398808862165,0.0946772674318013,0.924571174814387,NA,"ENSG00000272661","NA","grey87"
"ENSG00000272692",12.860052852751,0.110643714901826,0.250619808297604,0.44148032692787,0.658865300771985,NA,"ENSG00000272692","NA","grey87"
"ENSG00000272699",11.3613242925234,0.38917458101419,0.283787136231084,1.37136089458717,0.170262481522101,NA,"ENSG00000272699","NA","grey87"
"ENSG00000272735",10.8958384411194,-0.0232924961765717,0.340394759651349,-0.0684278929570747,0.94544501849391,NA,"ENSG00000272735","NA","grey87"
"ENSG00000272754",10.5009907547009,0.389245084622382,0.278649117415044,1.39690047552746,0.162443501595832,NA,"ENSG00000272754","NA","grey87"
"ENSG00000272892",11.6448685771502,-0.481783041385657,0.287031473374236,-1.6785024851874,0.0932490457140334,NA,"ENSG00000272892","NA","grey87"
"ENSG00000273004",10.8999663317087,-0.261283367897625,0.301113959247507,-0.867722534520088,0.385546246493934,NA,"ENSG00000273004","NA","grey87"
"ENSG00000273064",13.6786285717238,-0.831887471540003,0.269312913977535,-3.08892529234375,0.00200881946285807,NA,"ENSG00000273064","NA","grey87"
"ENSG00000273080",10.1110748101979,-0.519541603974456,0.318441522935307,-1.63151337547146,0.102782039888974,NA,"ENSG00000273080","NA","grey87"
"LINC03073",13.0021845260622,-0.00504556477995999,0.25218589669249,-0.0200073233520765,0.98403753054559,NA,"LINC03073","NA","grey87"
"ENSG00000273108",13.2286143626322,0.353104805938502,0.294960772567838,1.19712463072455,0.231257980928597,NA,"ENSG00000273108","NA","grey87"
"ENSG00000273133",11.9511099024672,-0.0240386901694028,0.264587458785419,-0.0908534753678488,0.927609018511072,NA,"ENSG00000273133","NA","grey87"
"LINC02019",12.1486889745055,0.320681824587748,0.294870509839348,1.0875344053987,0.276800701915687,NA,"LINC02019","NA","grey87"
"ENSG00000273367",9.79491213294488,0.164725289933111,0.293312443544165,0.56160348310728,0.574386206751999,NA,"ENSG00000273367","NA","grey87"
"ENSG00000273437",9.83726238021219,0.121787885736785,0.315237048240855,0.386337476563775,0.699246748630981,NA,"ENSG00000273437","NA","grey87"
"ENSG00000273451",13.1248321907494,0.117996315436183,0.268761767663118,0.439036833483274,0.660634847438214,NA,"ENSG00000273451","NA","grey87"
"ENSG00000273456",11.5776139004502,-0.194583660618558,0.28835239927149,-0.674812004721185,0.499795212383362,NA,"ENSG00000273456","NA","grey87"
"ENSG00000273599",10.154582859247,0.889668397391126,0.337387012587541,2.63693729811335,0.00836582935625185,NA,"ENSG00000273599","NA","grey87"
"ENSG00000273711",11.1917513181936,0.00531029581516311,0.297527973414754,0.0178480556104234,0.985760068021159,NA,"ENSG00000273711","NA","grey87"
"ENSG00000273824",11.8034574292888,0.148551602804866,0.287717670265081,0.516310321392501,0.605637688594339,NA,"ENSG00000273824","NA","grey87"
"ENSG00000274001",12.892118961764,-0.495492360459116,0.271780549105033,-1.82313400311671,0.0682830977081459,NA,"ENSG00000274001","NA","grey87"
"ENSG00000274015",10.8596885331926,-0.872831236363772,0.318430524074016,-2.74104135871375,0.00612447977977142,NA,"ENSG00000274015","NA","grey87"
"ENSG00000274104",12.4907467822375,-0.302188454317066,0.276218118100995,-1.09402111778408,0.273945716445944,NA,"ENSG00000274104","NA","grey87"
"ENSG00000274281",10.2606582180901,-0.0264171988290865,0.326112007629642,-0.0810065198797829,0.935436767433635,NA,"ENSG00000274281","NA","grey87"
"ENSG00000274297",9.25912436423184,0.477166861971348,0.320924582825341,1.48685045492772,0.137054312230499,NA,"ENSG00000274297","NA","grey87"
"ENSG00000274315",11.2100740026662,0.739409992147265,0.292535333300873,2.52759208196837,0.0114847702819634,NA,"ENSG00000274315","NA","grey87"
"ENSG00000274340",13.4053388568884,-0.491760905078314,0.255981760824135,-1.92107790607849,0.0547218865443662,NA,"ENSG00000274340","NA","grey87"
"ENSG00000274565",12.4659296579579,0.0383464702246694,0.317031337793936,0.12095482576424,0.903726816222636,NA,"ENSG00000274565","NA","grey87"
"ENSG00000274598",10.7600538604442,0.0218595844319837,0.317426518401669,0.0688650228155254,0.945097060146514,NA,"ENSG00000274598","NA","grey87"
"ENSG00000274677",13.5410624171205,0.0869079603497593,0.266775058282736,0.325772435058947,0.744596535635634,NA,"ENSG00000274677","NA","grey87"
"ENSG00000274698",9.72798062513755,-0.327563415902541,0.301294541094814,-1.08718669350023,0.276954310303129,NA,"ENSG00000274698","NA","grey87"
"ENSG00000274776",12.4401721523559,-0.0886838060728843,0.268281683146569,-0.33056228450913,0.74097513862022,NA,"ENSG00000274776","NA","grey87"
"ENSG00000275097",12.7852557051594,-0.0491314862496437,0.296533683567337,-0.16568602142794,0.868404047286118,NA,"ENSG00000275097","NA","grey87"
"ENSG00000275155",8.37427128163228,0.0185983830024947,0.3171760923284,0.0586374050640556,0.953240916993343,NA,"ENSG00000275155","NA","grey87"
"ENSG00000275185",10.7604873291401,0.181965060235404,0.299431136435546,0.607702533549224,0.543384782398892,NA,"ENSG00000275185","NA","grey87"
"LINC02960",13.5025746474635,-0.229782067151744,0.268098155311429,-0.857081865724978,0.39139964245876,NA,"LINC02960","NA","grey87"
"ENSG00000275389",12.7123621466889,0.209770464726158,0.260877564455244,0.804095458205437,0.421341847393976,NA,"ENSG00000275389","NA","grey87"
"ENSG00000275532",10.8322569580431,-0.580567819373315,0.292468068499404,-1.98506395023599,0.0471373569773822,NA,"ENSG00000275532","NA","grey87"
"ENSG00000275601",13.1381454878797,-0.132704045676869,0.25381553805833,-0.522836571362198,0.601087987351999,NA,"ENSG00000275601","NA","grey87"
"ENSG00000275645",10.6008848395896,-0.544159991205319,0.300543762625258,-1.81058487606619,0.0702051350505475,NA,"ENSG00000275645","NA","grey87"
"ENSG00000275734",11.3265890831599,0.328544020475139,0.300635312002977,1.09283243637023,0.274467377219021,NA,"ENSG00000275734","NA","grey87"
"ENSG00000275759",12.4194441723271,0.654167367325194,0.297755823530861,2.19699268873374,0.0280209683731455,NA,"ENSG00000275759","NA","grey87"
"ENSG00000275846",12.8856030113126,-0.8813491747381,0.28771079934317,-3.06331627714419,0.00218898571689536,NA,"ENSG00000275846","NA","grey87"
"ENSG00000275850",10.3799199327519,0.00681004168936959,0.306401585890249,0.0222258695874012,0.982267781738765,NA,"ENSG00000275850","NA","grey87"
"ENSG00000275902",10.9496645564225,-0.312538229342897,0.298838973714722,-1.04584159642193,0.295634172693262,NA,"ENSG00000275902","NA","grey87"
"ENSG00000276571",10.5683206523157,0.841205910080948,0.301471945240928,2.79032899531888,0.00526545069496692,NA,"ENSG00000276571","NA","grey87"
"ENSG00000276603",12.5490116777798,-0.000589392676820578,0.280954524955804,-0.00209782233232689,0.998326181177436,NA,"ENSG00000276603","NA","grey87"
"ENSG00000276651",12.0404852269328,-0.23816446222899,0.279192637720735,-0.853047072348718,0.393633200692694,NA,"ENSG00000276651","NA","grey87"
"ENSG00000276863",12.527252144557,-0.0780720173334105,0.286625283967645,-0.272383567327659,0.785327106572956,NA,"ENSG00000276863","NA","grey87"
"ENSG00000276931",11.9175332427983,-0.0340642010189713,0.270876877354555,-0.125755292779694,0.899925631928524,NA,"ENSG00000276931","NA","grey87"
"ENSG00000277246",10.1809354677377,0.173673121372662,0.300922256835958,0.577136178622162,0.563847466220859,NA,"ENSG00000277246","NA","grey87"
"ENSG00000277287",10.3402686619081,-0.339793653045811,0.286009234936084,-1.18805133380307,0.234813185988002,NA,"ENSG00000277287","NA","grey87"
"ENSG00000277450",12.4706773621954,0.245834956505566,0.282001997931147,0.871748988691875,0.383345328670447,NA,"ENSG00000277450","NA","grey87"
"ENSG00000277589",12.4363730733464,0.102518325788945,0.284890761122075,0.359851352796294,0.718958298069803,NA,"ENSG00000277589","NA","grey87"
"ENSG00000277744",11.5985677536839,-0.101585933125519,0.276695445087355,-0.367139882239289,0.713514679611254,NA,"ENSG00000277744","NA","grey87"
"ENSG00000277782",12.850622340373,-0.334774352908643,0.281235582181464,-1.19036983269291,0.233901064620629,NA,"ENSG00000277782","NA","grey87"
"ENSG00000278012",10.5837892827572,0.0394084120964425,0.295518440046858,0.133353479025518,0.893913835083705,NA,"ENSG00000278012","NA","grey87"
"ENSG00000278177",11.2328303036848,-0.268556146256482,0.326229043061743,-0.823213481350448,0.410386603757399,NA,"ENSG00000278177","NA","grey87"
"ENSG00000278383",10.5494564449882,-0.196804159562483,0.3050066811346,-0.64524540521666,0.518768166058681,NA,"ENSG00000278383","NA","grey87"
"ENSG00000278396",11.3019583662862,-0.142307451044218,0.269770576460107,-0.52751287005261,0.597837481396723,NA,"ENSG00000278396","NA","grey87"
"ENSG00000278456",9.57145001087676,-0.0194307880799537,0.301806835577394,-0.0643815374253542,0.948666430524779,NA,"ENSG00000278456","NA","grey87"
"ENSG00000278472",9.50414799231213,-0.641319012471257,0.330903890900614,-1.93808241639527,0.052613168335161,NA,"ENSG00000278472","NA","grey87"
"ENSG00000278492",11.2035001333978,0.539144001606575,0.295919474839129,1.82192808330601,0.0684658984960883,NA,"ENSG00000278492","NA","grey87"
"ENSG00000278601",12.3198950300837,0.414141436213167,0.286096702338583,1.44755753151971,0.147740835594547,NA,"ENSG00000278601","NA","grey87"
"ENSG00000278716",12.5354109206519,-0.666300018860098,0.282728003867903,-2.35668207515591,0.0184390257629238,NA,"ENSG00000278716","NA","grey87"
"ENSG00000278769",13.1417837587185,-0.10171348071864,0.284240136971626,-0.357843483338856,0.720460447378152,NA,"ENSG00000278769","NA","grey87"
"ENSG00000279249",11.4554047492575,0.0300617068338542,0.311151903263678,0.0966142469916991,0.923032741963591,NA,"ENSG00000279249","NA","grey87"
"ENSG00000279583",13.7857408416389,-0.372774247231503,0.301385836375372,-1.23686717237507,0.216136399118824,NA,"ENSG00000279583","NA","grey87"
"ENSG00000279623",10.439221520658,0.261209299312569,0.316427181240244,0.8254957690068,0.409090183780388,NA,"ENSG00000279623","NA","grey87"
"ENSG00000279954",12.4753983420579,-0.0165392448641196,0.270306414923578,-0.061187023137411,0.951210264404823,NA,"ENSG00000279954","NA","grey87"
"ENSG00000280341",11.6163101691508,0.195181607975494,0.28241011166965,0.691128256072533,0.489484944753572,NA,"ENSG00000280341","NA","grey87"
"ENSG00000280384",13.4680544162482,-0.128382886028316,0.296102793416335,-0.433575396392168,0.664596804405253,NA,"ENSG00000280384","NA","grey87"
"ENSG00000281530",9.58555493150542,-0.0831275870270122,0.299059150400119,-0.277963696866636,0.78104022666016,NA,"ENSG00000281530","NA","grey87"
"ENSG00000283045",11.0200008398249,0.280144488830981,0.31396723943858,0.892272994252269,0.372246625618815,NA,"ENSG00000283045","NA","grey87"
"ENSG00000283667",9.81847360813168,-0.0374598486893477,0.320703898929935,-0.116805092842141,0.907014507876878,NA,"ENSG00000283667","NA","grey87"
"ENSG00000283828",10.7703677015801,-0.308181072980275,0.299535638894436,-1.02886278947557,0.30354415615804,NA,"ENSG00000283828","NA","grey87"
"ENSG00000284523",13.9802605339884,-0.623065408988497,0.260074881773855,-2.39571543679592,0.0165879628663253,NA,"ENSG00000284523","NA","grey87"
"ENSG00000284624",13.9414537652925,0.00141348480975359,0.264726177891181,0.00533942211916276,0.995739777770271,NA,"ENSG00000284624","NA","grey87"
"ENSG00000284722",11.4562669573505,0.138418420591107,0.284303480071982,0.486868541166155,0.626351493878369,NA,"ENSG00000284722","NA","grey87"
"ENSG00000285454",10.5394029236442,0.381244866103949,0.293526417364482,1.29884345513796,0.193997658149979,NA,"ENSG00000285454","NA","grey87"
"ENSG00000285664",11.2393041940523,-0.283069395380137,0.275726641162722,-1.02663055766556,0.304594459419782,NA,"ENSG00000285664","NA","grey87"
"ENSG00000285688",10.160529141875,0.0391255300745149,0.29778865309577,0.131386907015332,0.895469245564693,NA,"ENSG00000285688","NA","grey87"
"ENSG00000285693",14.1507884096316,-0.0482321045159033,0.272031740374722,-0.177303223695381,0.859270218769804,NA,"ENSG00000285693","NA","grey87"
"ENSG00000285696",12.1035386243789,0.0931740585714912,0.280564584118662,0.332094868153723,0.739817625067748,NA,"ENSG00000285696","NA","grey87"
"ENSG00000285994",12.2661947683246,0.52125254478759,0.286627827033447,1.81856922331119,0.0689771767974381,NA,"ENSG00000285994","NA","grey87"
