"X.1","baseMean","log2FoldChange","lfcSE","stat","pvalue","padj","X","expression","significant"
"ENSG00000257298",319.17971939241,2.83282875365649,0.0761286680100918,37.2110642114605,4.52001318016528e-303,6.32801845223138e-300,"ENSG00000257298","P.adj < 0.05 & |log2FC| > 1","red"
"CARMN",128.912331232972,2.82553924438462,0.117869515862958,23.9717557478539,5.48144991346948e-127,3.83701493942864e-124,"CARMN","P.adj < 0.05 & |log2FC| > 1","red"
"ENSG00000261026",164.532929184942,6.0370532474362,0.257271612391894,23.4656796811307,9.1447663036768e-122,4.2675576083825e-119,"ENSG00000261026","P.adj < 0.05 & |log2FC| > 1","red"
"MIR22HG",137.663840649693,2.80568484113733,0.137457958720805,20.4112214908999,1.32921023811272e-92,4.65223583339453e-90,"MIR22HG","P.adj < 0.05 & |log2FC| > 1","red"
"MIR23AHG",236.840278856895,1.67469718503158,0.0901742695025952,18.5717854357931,5.4364788320772e-77,1.52221407298161e-74,"MIR23AHG","P.adj < 0.05 & |log2FC| > 1","red"
"LINC00602",38.6138590113195,3.72984749139703,0.268381001292427,13.8975839326756,6.55157840933449e-44,1.52870162884471e-41,"LINC00602","P.adj < 0.05 & |log2FC| > 1","red"
"ENSG00000277223",120.835784253222,1.34620445637648,0.107578600460839,12.5136825596326,6.28418783312928e-36,1.25683756662586e-33,"ENSG00000277223","P.adj < 0.05 & |log2FC| > 1","red"
"ENSG00000270640",28.7332923092766,4.47487539983631,0.372051786739784,12.0275605690507,2.54571686714742e-33,4.45500451750798e-31,"ENSG00000270640","P.adj < 0.05 & |log2FC| > 1","red"
"ENSG00000269952",32.8704233617428,4.88046362614847,0.416253561153563,11.7247372313723,9.51959760291752e-32,1.48082629378717e-29,"ENSG00000269952","P.adj < 0.05 & |log2FC| > 1","red"
"ENSG00000250069",31.2142146676966,2.30442543159428,0.209049614735505,11.0233421597543,2.94902126719722e-28,4.1286297740761e-26,"ENSG00000250069","P.adj < 0.05 & |log2FC| > 1","red"
"ENSG00000274204",67.4668978983979,1.48487465286566,0.136821717790344,10.8526239609195,1.9378100584678e-27,2.4663037107772e-25,"ENSG00000274204","P.adj < 0.05 & |log2FC| > 1","red"
"SNHG15",463.024118659063,0.657586220766357,0.0620693787407258,10.5943741359682,3.16450643208463e-26,3.6919241707654e-24,"SNHG15","P.adj < 0.05","blue"
"ENSG00000279602",142.795778795423,0.958561822221475,0.0967575729028621,9.90684029645725,3.88746162077833e-23,4.18649713006897e-21,"ENSG00000279602","P.adj < 0.05","blue"
"CHASERR",757.039091157681,0.557655974549937,0.0573289544557492,9.72730062573141,2.3063188110829e-22,2.3063188110829e-20,"CHASERR","P.adj < 0.05","blue"
"ENSG00000254510",34.8953049449416,5.44410808523289,0.560288112400955,9.71662251034333,2.56136710930848e-22,2.39060930202125e-20,"ENSG00000254510","P.adj < 0.05 & |log2FC| > 1","red"
"DNM3OS",652.100109006684,0.73159903763556,0.0782348519355319,9.35131874779315,8.65616198332515e-21,7.57414173540951e-19,"DNM3OS","P.adj < 0.05","blue"
"ENSG00000251456",78.7403707182913,1.0541789600833,0.115151302120546,9.15472895807754,5.44944348959605e-20,4.48777699143204e-18,"ENSG00000251456","P.adj < 0.05 & |log2FC| > 1","red"
"MIR17HG",509.751022872072,0.600184744464139,0.0658365453611344,9.11628550939201,7.77432587770396e-20,6.04669790488085e-18,"MIR17HG","P.adj < 0.05","blue"
"ENSG00000255931",30.3150902036548,4.55384086809894,0.501962427569722,9.07207515539881,1.16771513355912e-19,8.60421677359349e-18,"ENSG00000255931","P.adj < 0.05 & |log2FC| > 1","red"
"LINC01679",27.049573506816,2.15729088766737,0.246501321270656,8.75164026118418,2.10273784948514e-18,1.4719164946396e-16,"LINC01679","P.adj < 0.05 & |log2FC| > 1","red"
"ENSG00000259735",13.0102457796447,3.39278343998253,0.390203409678239,8.69490977226522,3.47105502528747e-18,2.31403668352498e-16,"ENSG00000259735","P.adj < 0.05 & |log2FC| > 1","red"
"ENSG00000270953",17.3978539218795,2.99324209041457,0.345762861316247,8.65692191179794,4.84674492416784e-18,3.08429222447045e-16,"ENSG00000270953","P.adj < 0.05 & |log2FC| > 1","red"
"ENSG00000262202",57.9505908415834,1.3381366671548,0.159746904378812,8.37660468200148,5.44764416165975e-17,3.31595731579289e-15,"ENSG00000262202","P.adj < 0.05 & |log2FC| > 1","red"
"HCG18",2561.67554098776,0.238267480368585,0.0300567519964468,7.92725309763183,2.2404636919331e-15,1.30693715362764e-13,"HCG18","P.adj < 0.05","blue"
"ENSG00000261114",18.9997055325055,2.58862106003568,0.335313774569601,7.71999618374866,1.16333188655903e-14,6.51465856473058e-13,"ENSG00000261114","P.adj < 0.05 & |log2FC| > 1","red"
"ENSG00000226824",71.2265895349241,0.939562332081945,0.122933762361902,7.64283394594226,2.12491966409875e-14,1.14418751143779e-12,"ENSG00000226824","P.adj < 0.05","blue"
"ENSG00000250280",37.9443366122639,1.36123152495463,0.18315995309768,7.43192767814632,1.07026317551752e-13,5.5495127619427e-12,"ENSG00000250280","P.adj < 0.05 & |log2FC| > 1","red"
"ENSG00000205037",26.0958097417886,1.57935175670626,0.220488252214047,7.16297462947391,7.89449646681638e-13,3.94724823340819e-11,"ENSG00000205037","P.adj < 0.05 & |log2FC| > 1","red"
"ENSG00000232536",11.9298442957789,2.40721188650887,0.339632201460952,7.08770215590299,1.36357037421506e-12,6.58275353069337e-11,"ENSG00000232536","P.adj < 0.05 & |log2FC| > 1","red"
"ENSG00000260368",29.3426764241878,1.36919089376426,0.193913863781663,7.06082003144394,1.65522857690375e-12,7.72440002555084e-11,"ENSG00000260368","P.adj < 0.05 & |log2FC| > 1","red"
"ENSG00000279932",16.4101026383025,1.78411008885503,0.261771535425649,6.81552364337098,9.39210250017845e-12,4.24159467749994e-10,"ENSG00000279932","P.adj < 0.05 & |log2FC| > 1","red"
"ENSG00000248544",21.0282693879273,1.69980962658066,0.255872838042713,6.64318119728248,3.06984056841092e-11,1.34305524867978e-09,"ENSG00000248544","P.adj < 0.05 & |log2FC| > 1","red"
"GRASLND",228.07819776097,0.503145674474899,0.0761621432092246,6.60624364381016,3.94193945073187e-11,1.67233794879534e-09,"GRASLND","P.adj < 0.05","blue"
"SNHG17",281.744884768607,0.426700409466552,0.0661214402076012,6.45328365696274,1.0945221322825e-10,4.37808852913e-09,"SNHG17","P.adj < 0.05","blue"
"ENSG00000261136",36.643628313648,-1.04973767722005,0.16259225698119,-6.45625872172677,1.07323069835882e-10,4.37808852913e-09,"ENSG00000261136","P.adj < 0.05 & |log2FC| > 1","red"
"ENSG00000271327",69.8903263036078,-0.760117966325773,0.118902251694474,-6.39279707064706,1.62878365013168e-10,6.33415863940097e-09,"ENSG00000271327","P.adj < 0.05","blue"
"MIRLET7BHG",358.643687268375,0.409399055042727,0.0647610169860151,6.32168971545236,2.58718483770049e-10,9.78934803454239e-09,"MIRLET7BHG","P.adj < 0.05","blue"
"ENSG00000254325",33.3508656953324,1.18298828027492,0.190601515157312,6.20660480740958,5.41415181680651e-10,1.99468751145503e-08,"ENSG00000254325","P.adj < 0.05 & |log2FC| > 1","red"
"ENSG00000253284",228.869473283872,0.580571993513186,0.0948319543912389,6.12211355592207,9.23421728707251e-10,3.3148472312568e-08,"ENSG00000253284","P.adj < 0.05","blue"
"ENSG00000260257",214.41551760473,0.490473709817621,0.0820924556261961,5.97465024132021,2.30584346179049e-09,8.0704521162667e-08,"ENSG00000260257","P.adj < 0.05","blue"
"KCNQ1OT1",5988.64536211519,0.227957481894829,0.0384272772858449,5.93217885824037,2.98940708320339e-09,1.02077315036213e-07,"KCNQ1OT1","P.adj < 0.05","blue"
"LINC02728",50.9768036715434,0.873845925186726,0.147906672521241,5.90808994814776,3.46097042709551e-09,1.15365680903184e-07,"LINC02728","P.adj < 0.05","blue"
"ENSG00000262410",20.1735059609852,1.42120065904513,0.244232523135297,5.81904752405899,5.91839066924752e-09,1.92691789231314e-07,"ENSG00000262410","P.adj < 0.05 & |log2FC| > 1","red"
"ENSG00000276216",15.7867754721432,1.78568843516974,0.308461735363933,5.78901118176922,7.08019849872045e-09,2.25279043141105e-07,"ENSG00000276216","P.adj < 0.05 & |log2FC| > 1","red"
"ENSG00000272054",71.7338982128293,-0.683323168487618,0.118410334489165,-5.77080684245634,7.88928660660836e-09,2.45444472205594e-07,"ENSG00000272054","P.adj < 0.05","blue"
"ENSG00000275202",30.5169800712185,1.34197021414269,0.241681373267561,5.55264229095974,2.81383502840977e-08,8.56384573863842e-07,"ENSG00000275202","P.adj < 0.05 & |log2FC| > 1","red"
"MIRLET7A1HG",116.796354477524,0.584281610399234,0.106118565496369,5.50593204559694,3.67220170806654e-08,1.09384731729642e-06,"MIRLET7A1HG","P.adj < 0.05","blue"
"ENSG00000278022",41.9151838208433,-0.916409332109489,0.167371902857026,-5.47528776614501,4.36801193956717e-08,1.27400348237376e-06,"ENSG00000278022","P.adj < 0.05","blue"
"NEAT1",13675.229120149,0.317288436866927,0.0580582787427798,5.46499902748814,4.62909341611158e-08,1.32259811888902e-06,"NEAT1","P.adj < 0.05","blue"
"ENSG00000261101",23.8731839632292,1.22469298173655,0.224731766203031,5.44957663274946,5.04898646776607e-08,1.4137162109745e-06,"ENSG00000261101","P.adj < 0.05 & |log2FC| > 1","red"
"ENSG00000270133",23.8677683765792,1.07545400486628,0.200987394897269,5.35085299959223,8.7540612058161e-08,2.40307562512599e-06,"ENSG00000270133","P.adj < 0.05 & |log2FC| > 1","red"
"LINC00938",323.984900881304,-0.317686069555918,0.0594441025436294,-5.34428237557713,9.07759635286264e-08,2.44396824884763e-06,"LINC00938","P.adj < 0.05","blue"
"ENSG00000260495",20.4638320032886,-1.07773445524655,0.20352450913661,-5.29535464705707,1.18785647616053e-07,3.13773408797121e-06,"ENSG00000260495","P.adj < 0.05 & |log2FC| > 1","red"
"ENSG00000277159",29.2136399986501,1.05365628376836,0.199540388361612,5.28041612236867,1.28890819831707e-07,3.3416138474887e-06,"ENSG00000277159","P.adj < 0.05 & |log2FC| > 1","red"
"ENSG00000275764",100.059031679728,0.540550189800986,0.104139174785289,5.1906517495983,2.0955925091744e-07,5.33423547789848e-06,"ENSG00000275764","P.adj < 0.05","blue"
"ENSG00000270036",10.691194571518,1.72587233271883,0.340136354502981,5.07406018166077,3.89415806549095e-07,9.73539516372739e-06,"ENSG00000270036","P.adj < 0.05 & |log2FC| > 1","red"
"ENSG00000256982",23.32144942026,1.11404425747442,0.221843213839322,5.02176396651606,5.11990778857568e-07,1.25752121122911e-05,"ENSG00000256982","P.adj < 0.05 & |log2FC| > 1","red"
"ENSG00000264112",339.111950115915,0.344841522516319,0.0711084241082067,4.8495171541359,1.2376236678926e-06,2.98736747422353e-05,"ENSG00000264112","P.adj < 0.05","blue"
"ENSG00000261094",36.4122241785745,-0.767559760501677,0.160297176160962,-4.78835484744244,1.68154122874521e-06,3.99009783092085e-05,"ENSG00000261094","P.adj < 0.05","blue"
"ENSG00000236255",153.551204668553,0.388120238732878,0.0832183967705799,4.66387546257187,3.10309218235543e-06,7.240548425496e-05,"ENSG00000236255","P.adj < 0.05","blue"
"ENSG00000227627",65.7361928417816,-0.572205718493583,0.122885571069565,-4.65641094811416,3.21769361905785e-06,7.38487060111638e-05,"ENSG00000227627","P.adj < 0.05","blue"
"ENSG00000260400",210.28421208787,0.357853364603796,0.0779355077013326,4.5916601451443,4.39734025781353e-06,9.92947800151443e-05,"ENSG00000260400","P.adj < 0.05","blue"
"ENSG00000261596",42.4508771931535,0.69940214324621,0.160546025694049,4.35639649267342,1.3222117471176e-05,0.000293824832692801,"ENSG00000261596","P.adj < 0.05","blue"
"ENSG00000272477",17.6968093703955,-1.03172359523759,0.240941507934201,-4.28205004643427,1.85179318456099e-05,0.000405079759122716,"ENSG00000272477","P.adj < 0.05 & |log2FC| > 1","red"
"C1orf220",29.1174419412788,-0.744179572982027,0.176097577018216,-4.22595009870607,2.37934719182404e-05,0.000512474779777486,"C1orf220","P.adj < 0.05","blue"
"LINC02983",18.6496164705835,-1.00205633238076,0.239848517483599,-4.17787169540994,2.94249554784515e-05,0.000624165722270183,"LINC02983","P.adj < 0.05 & |log2FC| > 1","red"
"ENSG00000275927",18.866682611786,0.974001661244252,0.235720109586536,4.13202616846181,3.59579471559549e-05,0.000751360089825923,"ENSG00000275927","P.adj < 0.05","blue"
"ENSG00000236194",55.8021123418448,0.572133861512302,0.141910297457254,4.03165853193028,5.53846177442452e-05,0.00114027154179328,"ENSG00000236194","P.adj < 0.05","blue"
"ENSG00000263120",9.90319258250501,-1.32585791067249,0.329695801214028,-4.02145828303039,5.78389523666782e-05,0.00116876855981271,"ENSG00000263120","P.adj < 0.05 & |log2FC| > 1","red"
"ENSG00000282390",319.272411040418,-0.269241562276212,0.066991690933737,-4.01902920382358,5.84384279906354e-05,0.00116876855981271,"ENSG00000282390","P.adj < 0.05","blue"
"ENSG00000273329",466.44976461218,-0.200486284795302,0.0500241822074143,-4.00778735300518,6.12902667563518e-05,0.00120854047125201,"ENSG00000273329","P.adj < 0.05","blue"
"ENSG00000279088",108.158706227956,-0.387139412700663,0.0971925884705916,-3.98321949021661,6.79879094092888e-05,0.00132198712740284,"ENSG00000279088","P.adj < 0.05","blue"
"GSEC",67.0925313674151,-0.471239167437555,0.119483201103392,-3.94397842613689,8.01408709476533e-05,0.001536948209955,"GSEC","P.adj < 0.05","blue"
"LINC02980",53.7335550118917,-0.527082424915314,0.134349724134056,-3.92321181388795,8.73762677666079e-05,0.0016530645253142,"LINC02980","P.adj < 0.05","blue"
"ENSG00000248540",220.873762789233,-0.306704609258195,0.0794426782344223,-3.86070329040468,0.000113061129593721,0.00211047441908279,"ENSG00000248540","P.adj < 0.05","blue"
"LINC01011",23.1175521698131,-0.757707545003168,0.196929916436955,-3.84759999248637,0.000119280598691794,0.00219727418642779,"LINC01011","P.adj < 0.05","blue"
"ENSG00000261529",46.5508486165891,-0.588518497058649,0.153342449464624,-3.83793593433121,0.000124072840626322,0.00225586982956949,"ENSG00000261529","P.adj < 0.05","blue"
"ENSG00000283341",26.3430793504482,-0.748538459178053,0.195643724236558,-3.82602847139106,0.000130227234682719,0.00233741190456162,"ENSG00000283341","P.adj < 0.05","blue"
"SNHG10",113.902456740546,-0.355463485083523,0.0933322006713871,-3.8085835598699,0.000139765116275169,0.00247685016183844,"SNHG10","P.adj < 0.05","blue"
"LINC01833",238.257431716084,-0.264490265879548,0.0697906704536151,-3.78976536778417,0.000150789647429018,0.00263881883000781,"LINC01833","P.adj < 0.05","blue"
"ENSG00000268573",36.042387022057,-0.60427333494446,0.160766275259704,-3.75870706694118,0.000170793658046409,0.00295198915141942,"ENSG00000268573","P.adj < 0.05","blue"
"ENSG00000230898",17.0766556832147,0.953142271120057,0.257926861936747,3.69539746253262,0.000219543070588402,0.00374829632711906,"ENSG00000230898","P.adj < 0.05","blue"
"LINC01089",88.0479402258519,-0.382268724675681,0.103656036017755,-3.68785783598943,0.000226149934776743,0.0038145772131017,"LINC01089","P.adj < 0.05","blue"
"ENSG00000272425",27.0007291444065,-0.763844555988226,0.208038549098015,-3.67164912128064,0.000240990397386192,0.0040165066231032,"ENSG00000272425","P.adj < 0.05","blue"
"CYTOR",26.115859989057,0.790650339641405,0.215787484665158,3.66402315161269,0.000248284328320984,0.00408938893705151,"CYTOR","P.adj < 0.05","blue"
"ENSG00000254165",63.2456771473654,0.472726942885057,0.129155265844743,3.66014455386838,0.000252073003176326,0.004103514005196,"ENSG00000254165","P.adj < 0.05","blue"
"LINC01695",415.814553035501,0.238673233416822,0.065457790088065,3.64621587584484,0.000266130428695715,0.00428255862268966,"LINC01695","P.adj < 0.05","blue"
"ENSG00000205740",39.6608457659701,-0.548934113339444,0.150690254808454,-3.64279769808079,0.000269690792163093,0.00429053532986739,"ENSG00000205740","P.adj < 0.05","blue"
"SNHG8",752.071419496004,0.154485672227204,0.0426204199937484,3.62468676399398,0.000289311887072009,0.00455097350450351,"SNHG8","P.adj < 0.05","blue"
"ENSG00000253372",16.5597348709442,0.94032092716213,0.259700328378926,3.62079221474884,0.000293702324353908,0.00456870282328302,"ENSG00000253372","P.adj < 0.05","blue"
"ENSG00000275805",65.1691825468842,-0.486731007772937,0.134879553271744,-3.60863448881916,0.000307812931241856,0.00473558355756701,"ENSG00000275805","P.adj < 0.05","blue"
"ENSG00000272599",68.5983376960934,0.450063116514027,0.126939802555467,3.54548461123823,0.00039189186951729,0.00596357192743702,"ENSG00000272599","P.adj < 0.05","blue"
"ENSG00000273451",13.1248321907494,-1.07718477859849,0.305942389463915,-3.52087456885586,0.000430126026139655,0.00647501544726362,"ENSG00000273451","P.adj < 0.05 & |log2FC| > 1","red"
"ENSG00000271780",14.2412263861461,0.894833380554048,0.255952284284038,3.49609452815441,0.000472121416671616,0.0070315955674496,"ENSG00000271780","P.adj < 0.05","blue"
"ENSG00000260306",42.6865683929683,0.525530562692412,0.15178157033391,3.46241352976041,0.000535353908753006,0.00788942602372851,"ENSG00000260306","P.adj < 0.05","blue"
"LINC01409",123.759842440682,0.323242794312556,0.0935923155252282,3.45373220545468,0.000552886095694375,0.0080629222288763,"LINC01409","P.adj < 0.05","blue"
"ENSG00000272386",21.8982402337155,-0.759458363029729,0.221384078608517,-3.43050127092794,0.000602467150471525,0.00869540217175397,"ENSG00000272386","P.adj < 0.05","blue"
"ENSG00000271151",16.8418066982252,-0.7715400800722,0.228800516606557,-3.37210812071257,0.000745951581987729,0.0106564511712533,"ENSG00000271151","P.adj < 0.05","blue"
"ENSG00000266900",32.5814295310626,-0.597237870501667,0.178449252222625,-3.34682192871607,0.000817437021411249,0.0114441182997575,"ENSG00000266900","P.adj < 0.05","blue"
"ENSG00000268713",89.6483253290935,0.366287621753992,0.109437781945513,3.34699420293769,0.000816929187393564,0.0114441182997575,"ENSG00000268713","P.adj < 0.05","blue"
"ENSG00000272574",11.1727665047402,1.11386724512007,0.334373479199889,3.33120691205955,0.000864703031755252,0.0119446450331307,"ENSG00000272574","P.adj < 0.05 & |log2FC| > 1","red"
"ENSG00000274422",189.966965717162,-0.272772003168846,0.0819945774903802,-3.32670783261062,0.000878784598866041,0.0119446450331307,"ENSG00000274422","P.adj < 0.05","blue"
"ENSG00000285796",127.998597666874,-0.310782371204919,0.0933692013174719,-3.32853196578392,0.000873049854777678,0.0119446450331307,"ENSG00000285796","P.adj < 0.05","blue"
"ENSG00000272163",55.1119926872237,-0.432206741922952,0.131205291172669,-3.29412585468187,0.000987282827004836,0.013290345748142,"ENSG00000272163","P.adj < 0.05","blue"
"LINC01355",417.169505984628,-0.190067850520758,0.05776875780212,-3.2901495159687,0.00100134159999129,0.0133512213332172,"LINC01355","P.adj < 0.05","blue"
"ENSG00000236536",23.8161719768155,-0.662463593083716,0.202527553654324,-3.27098007718206,0.00107175460502621,0.0141552495003461,"ENSG00000236536","P.adj < 0.05","blue"
"ENSG00000271918",23.8723830586807,-0.627433670049884,0.191999712467917,-3.2678885920453,0.00108353007972037,0.0141770290804535,"ENSG00000271918","P.adj < 0.05","blue"
"SNHG14",2496.03555365707,0.128833518384549,0.0395972704874031,3.25359593726376,0.00113954239642093,0.0147718458795306,"SNHG14","P.adj < 0.05","blue"
"SNHG4",179.434634868628,-0.252375584371118,0.0777240446711868,-3.24707219546793,0.00116598808711144,0.014975993779413,"SNHG4","P.adj < 0.05","blue"
"FAM201A",21.6218697845091,-0.725696812339575,0.224264165384854,-3.23590178169671,0.00121259100064729,0.0154329763718745,"FAM201A","P.adj < 0.05","blue"
"PEG13",66.2345065861249,0.394430198780727,0.123120524632694,3.20361044559737,0.0013571597370344,0.01711733001665,"PEG13","P.adj < 0.05","blue"
"ERICD",36.5908716006546,0.522659346100514,0.165270010266503,3.16245727375288,0.00156443691089761,0.0195554613862201,"ERICD","P.adj < 0.05","blue"
"ENSG00000266371",60.507126183167,0.494327141452206,0.156660888859582,3.15539599609498,0.00160280399259239,0.0198577485807907,"ENSG00000266371","P.adj < 0.05","blue"
"LINC00472",38.1993911438615,-0.490897297851329,0.155903383990201,-3.14872766252581,0.00163982937108933,0.0201382554344303,"LINC00472","P.adj < 0.05","blue"
"ENSG00000277701",222.801143599767,0.228361438203366,0.0728446882473533,3.13490858012785,0.00171907675302505,0.0209278909063919,"ENSG00000277701","P.adj < 0.05","blue"
"LINC01128",261.751080596393,0.199949690939591,0.0644638936796813,3.10173152017677,0.00192392361439911,0.0232197677599893,"LINC01128","P.adj < 0.05","blue"
"ENSG00000275097",12.7852557051594,0.832332306737264,0.270000255670845,3.08270932806802,0.00205125407173586,0.0245449205164975,"ENSG00000275097","P.adj < 0.05","blue"
"ENSG00000255097",11.8858932187072,0.944128012987462,0.306801865252552,3.07732161996564,0.00208869807654662,0.0246153250553827,"ENSG00000255097","P.adj < 0.05","blue"
"LINC00662",335.955615087281,-0.180705549705614,0.0587791795451426,-3.0743122157197,0.00210988500474709,0.0246153250553827,"LINC00662","P.adj < 0.05","blue"
"ENSG00000279249",11.4554047492575,0.872218241043068,0.283665176371324,3.07481606378541,0.00210632411238223,0.0246153250553827,"ENSG00000279249","P.adj < 0.05","blue"
"ENSG00000272638",13.7754811491006,0.806933196942523,0.263655513633246,3.06055877922961,0.00220924391553085,0.0255614998491173,"ENSG00000272638","P.adj < 0.05","blue"
"ENSG00000232995",84.6006237696223,-0.332466854201875,0.108877449541249,-3.05358782376618,0.00226122524141896,0.0257375230730614,"ENSG00000232995","P.adj < 0.05","blue"
"ENSG00000251393",37.9736879134365,-0.502290241369956,0.164379376878712,-3.0556767576785,0.0022455320010279,0.0257375230730614,"ENSG00000251393","P.adj < 0.05","blue"
"LINC01484",25.5219970633618,-0.566179675976926,0.185946989519712,-3.04484454112071,0.002328006093923,0.0262839397700984,"LINC01484","P.adj < 0.05","blue"
"ENSG00000276900",17.2626002477372,-0.741627799708942,0.244371145284648,-3.03484193620765,0.00240661778048604,0.0269541191414437,"ENSG00000276900","P.adj < 0.05","blue"
"CARINH",72.3629641527822,-0.349025691968071,0.115349723956288,-3.02580431055331,0.00247972734133771,0.0271220177958812,"CARINH","P.adj < 0.05","blue"
"ENSG00000271551",37.7695420337294,-0.527628610675549,0.174363342550079,-3.02602945641517,0.00247788161913473,0.0271220177958812,"ENSG00000271551","P.adj < 0.05","blue"
"ENSG00000285886",28.427866851565,-0.557610352333009,0.184035731500959,-3.02990265958274,0.00244632568478976,0.0271220177958812,"ENSG00000285886","P.adj < 0.05","blue"
"ENSG00000279145",33.5727329437026,0.562691615771483,0.186859532145618,3.01130806285537,0.00260124797342849,0.0282305981612394,"ENSG00000279145","P.adj < 0.05","blue"
"LEISA1",192.477515761649,-0.240741720669436,0.0805194403731821,-2.9898583441921,0.00279106851298593,0.0300576609090792,"LEISA1","P.adj < 0.05","blue"
"ENSG00000272426",20.7705058360754,0.671304899097065,0.227288415045214,2.95353768454729,0.00314154249427416,0.0335737365800292,"ENSG00000272426","P.adj < 0.05","blue"
"LINC02693",89.6781993337852,0.339310859544693,0.115162316884089,2.94637055527642,0.00321526963202086,0.0338449434949564,"LINC02693","P.adj < 0.05","blue"
"LINC01415",53.3806730768737,0.427039403992617,0.144936247830673,2.94639477966562,0.00321501780599924,0.0338449434949564,"LINC01415","P.adj < 0.05","blue"
"ENSG00000274265",113.487897532789,-0.305054130274969,0.105466449318039,-2.89242818211377,0.00382276568398114,0.0396713900159545,"ENSG00000274265","P.adj < 0.05","blue"
"LINC00294",516.841145268007,0.139846199400694,0.0483527592875382,2.89220721756693,0.00382545546582418,0.0396713900159545,"LINC00294","P.adj < 0.05","blue"
"ENSG00000248783",48.5306025766951,-0.423158766749736,0.14660165920045,-2.88645277998626,0.00389611206096715,0.0401070359217206,"ENSG00000248783","P.adj < 0.05","blue"
"APTR",112.160744052582,0.278420478680256,0.0967952225959754,2.87638657377117,0.00402256737220629,0.0411065278911591,"APTR","P.adj < 0.05","blue"
"ENSG00000275038",23.8065763497284,-0.604267181129265,0.212344493800645,-2.84569272465603,0.00443149341097917,0.0449571795316728,"ENSG00000275038","P.adj < 0.05","blue"
"PURPL",18.5826086389105,-0.642589468108527,0.22689997615946,-2.83203849989358,0.00462522792943987,0.0465850295051497,"PURPL","P.adj < 0.05","blue"
"ENSG00000263276",17.7790480561673,0.648542132887746,0.229808151383114,2.82210238838117,0.00477099424918527,0.0477099424918527,"ENSG00000263276","P.adj < 0.05","blue"
"ENSG00000213062",19.8908765641696,0.628912960312973,0.224289180607486,2.80402718762254,0.00504686491633129,0.0489019047485956,"ENSG00000213062","P.adj < 0.05","blue"
"LINC01521",52.4741020592567,-0.410350576607823,0.146294451508529,-2.80496336242732,0.00503222994091258,0.0489019047485956,"LINC01521","P.adj < 0.05","blue"
"ENSG00000272688",17.7925896888828,0.658361770444118,0.234887546746694,2.80288069573183,0.00506484013467597,0.0489019047485956,"ENSG00000272688","P.adj < 0.05","blue"
"ENSG00000273891",23.6620418798652,0.621928319407441,0.221803394948022,2.80396212850207,0.0050478833970541,0.0489019047485956,"ENSG00000273891","P.adj < 0.05","blue"
"ENSG00000277534",120.368681907358,-0.266316996211698,0.0948166456579323,-2.80875783322354,0.00497330409535078,0.0489019047485956,"ENSG00000277534","P.adj < 0.05","blue"
"ENSG00000278002",15.7002149875907,0.695641132892552,0.248456907180725,2.79984622197099,0.00511269563011756,0.0490258485079766,"ENSG00000278002","P.adj < 0.05","blue"
"ENSG00000261476",18.162776947192,-0.602803712169431,0.217689671939426,-2.7690965161506,0.00562119805650041,0.0535352195857182,"ENSG00000261476","NS","grey80"
"LINC02897",19.2136555988783,-0.631535237295354,0.229524341635702,-2.7514956923293,0.00593238000395046,0.0561171081454773,"LINC02897","NS","grey80"
"MINCR",88.3201827822383,-0.323099200245299,0.117713087441207,-2.74480270009632,0.00605472870798545,0.0567107998911773,"MINCR","NS","grey80"
"ENSG00000272563",52.5602238045996,0.379936125962515,0.138478702031376,2.74364303238797,0.00607615713119757,0.0567107998911773,"ENSG00000272563","NS","grey80"
"ENSG00000270140",14.8933766190921,0.722383024713144,0.263555917698728,2.74090990261468,0.00612693056358323,0.0568059787352087,"ENSG00000270140","NS","grey80"
"ENSG00000266993",28.776125578119,0.518693328605796,0.189768432712172,2.73329616097169,0.00627039222453666,0.0573761380022962,"ENSG00000266993","NS","grey80"
"LINC01607",13.2280529643579,-0.741276633610337,0.271182740402282,-2.73349488433778,0.00626660968032985,0.0573761380022962,"LINC01607","NS","grey80"
"ST20",111.339418521913,0.304041286261569,0.11132674488907,2.73107137520751,0.00631287980519972,0.0573898164109065,"ST20","NS","grey80"
"MIR34AHG",176.18029173168,-0.225646150002658,0.0828430670137813,-2.72377832130624,0.00645398101308815,0.058162588288715,"MIR34AHG","NS","grey80"
"ENSG00000229422",70.8655481742865,-0.331477810011436,0.121881554949714,-2.71967165292729,0.00653467685613066,0.058162588288715,"ENSG00000229422","NS","grey80"
"LINC01424",10.3245012622645,-0.8270111025617,0.304025587404437,-2.72020230146468,0.00652419883270795,0.058162588288715,"LINC01424","NS","grey80"
"ENSG00000260350",13.8494405279783,0.720397891461899,0.265028773777167,2.71818746770342,0.00656406353544069,0.058162588288715,"ENSG00000260350","NS","grey80"
"ENSG00000277245",14.9102024073676,0.697195453451806,0.257083243373243,2.71194436597173,0.00668898183732667,0.0588966954230021,"ENSG00000277245","NS","grey80"
"LINC02482",24.9106374837937,-0.532267141961576,0.196621482333662,-2.70706504520361,0.00678809560566384,0.0590269183101203,"LINC02482","NS","grey80"
"HEIH",89.591814599834,-0.295969501258018,0.109308712742733,-2.70764785195675,0.00677618802856183,0.0590269183101203,"HEIH","NS","grey80"
"ENSG00000255449",14.6101411898959,0.678282920512008,0.251052069248327,2.70176191952071,0.00689731313563456,0.0596064098141259,"ENSG00000255449","NS","grey80"
"DUBR",150.602779691501,-0.237335353665557,0.0879130114321967,-2.69966128789255,0.0069410102285035,0.0596160387724227,"DUBR","NS","grey80"
"ENSG00000265800",12.807766488858,0.741454233798072,0.276369199901698,2.68283960029482,0.00729999933189763,0.0623170674674188,"ENSG00000265800","NS","grey80"
"LINC02035",241.285846517614,0.182402582081402,0.0681680481084495,2.67577827358669,0.00745559511744044,0.0632595949358583,"LINC02035","NS","grey80"
"ENSG00000262265",65.6025066348237,-0.327879611691867,0.122792350758622,-2.6701957383029,0.00758070409322247,0.0639336489789847,"ENSG00000262265","NS","grey80"
"ENSG00000254718",10.3615123827641,0.823527949149645,0.310512344776654,2.65215848259429,0.0079978991785015,0.0670482565862401,"ENSG00000254718","NS","grey80"
"ENSG00000270091",20.5372863298556,0.590313534832419,0.224148842527491,2.63357833204077,0.00844903440725102,0.0704086200604252,"ENSG00000270091","NS","grey80"
"FAM30A",698.972629716159,-0.140736144848298,0.053538676486342,-2.62868180695876,0.00857165229405946,0.0710077704833328,"FAM30A","NS","grey80"
"ENSG00000227782",16.7007827563883,0.617106759806532,0.238331872252711,2.58927500536812,0.0096178251197144,0.0791198036447089,"ENSG00000227782","NS","grey80"
"ENSG00000276791",22.286994016091,-0.517016415979485,0.199803197596958,-2.58762833727219,0.00966391887374659,0.0791198036447089,"ENSG00000276791","NS","grey80"
"ENSG00000248918",34.1492244672694,-0.423987361579978,0.163999869836767,-2.58529084201093,0.00972968852943194,0.0791951391930507,"ENSG00000248918","NS","grey80"
"LINC03060",48.9910877303372,-0.35712447372821,0.138455017933458,-2.57935377900023,0.00989853545899126,0.0801037551594669,"LINC03060","NS","grey80"
"LINC02106",22.7422576405343,-0.530175561686324,0.205861500356343,-2.57539928917548,0.0100124426840494,0.0805598836647656,"LINC02106","NS","grey80"
"ENSG00000279726",32.9969936311107,-0.432657555938488,0.168479063725674,-2.56801970743951,0.0102281340995062,0.0818250727960494,"ENSG00000279726","NS","grey80"
"ENSG00000266998",15.4278626691138,-0.687905425376904,0.268729385713893,-2.55984444555421,0.0104719024406246,0.083299223959514,"ENSG00000266998","NS","grey80"
"ENSG00000270096",18.1082459787823,0.628200537010427,0.245757392417804,2.55618165065181,0.0105827857230628,0.0837056497869372,"ENSG00000270096","NS","grey80"
"ENSG00000274718",19.7037649608297,0.579679917671729,0.227331404261966,2.54993329915709,0.0107743530523666,0.0847421026590631,"ENSG00000274718","NS","grey80"
"ENSG00000257225",10.6155225043981,0.781185888644014,0.306799631998104,2.5462412831344,0.0108889894409519,0.0851652805437578,"ENSG00000257225","NS","grey80"
"LINC00174",279.423089104571,0.167495347740987,0.0667916960851685,2.50772712115901,0.0121510464051501,0.0945081387067228,"LINC00174","NS","grey80"
"LINC00339",76.7608754646979,-0.312027545187635,0.12453211791324,-2.50559896046272,0.0122244184649944,0.094553512988907,"LINC00339","NS","grey80"
"SNHG11",70.0071694001947,-0.302392178904261,0.121558352779673,-2.48762978429259,0.0128597522597454,0.0971748535154038,"SNHG11","NS","grey80"
"FAM182B",21.0191459337104,-0.529552364739785,0.212444273075536,-2.49266481545256,0.0126788472026282,0.0971748535154038,"FAM182B","NS","grey80"
"ENSG00000265282",82.3387592022498,-0.279974858153219,0.112393763104216,-2.49101774351675,0.012737775839143,0.0971748535154038,"ENSG00000265282","NS","grey80"
"LINC03072",153.153872187237,-0.207327794001683,0.083390361702763,-2.48623209886873,0.0129103733956179,0.0971748535154038,"LINC03072","NS","grey80"
"ENSG00000274340",13.4053388568884,-0.651518523771802,0.262031260399438,-2.48641525739575,0.0129037297690511,0.0971748535154038,"ENSG00000274340","NS","grey80"
"ENSG00000278834",28.6762876605259,-0.463756276351229,0.186675856947356,-2.48428631283591,0.0129811390735529,0.0971849984116261,"ENSG00000278834","NS","grey80"
"MHENCR",10.5750068575593,-0.819570811551695,0.331289384134871,-2.47388190144372,0.0133653870129865,0.0992032780753972,"MHENCR","NS","grey80"
"ENSG00000278576",88.8628867333622,-0.271647134586932,0.109838105757693,-2.47315931673289,0.0133924425401786,0.0992032780753972,"ENSG00000278576","NS","grey80"
"ENSG00000285804",82.2284437596535,-0.267564785451522,0.108930664974421,-2.4562852481838,0.0140381678560325,0.103439131570766,"ENSG00000285804","NS","grey80"
"ENSG00000274460",14.3520273315813,-0.611613095855961,0.249467722489336,-2.45167226346128,0.0142194106625606,0.104226046741282,"ENSG00000274460","NS","grey80"
"ENSG00000225411",53.1498605332273,-0.329381686875125,0.134457134609456,-2.44971520352451,0.014296924630557,0.104248408764478,"ENSG00000225411","NS","grey80"
"ENSG00000261096",23.9662909394338,-0.498654874943027,0.203757601571263,-2.44729458482866,0.0143933144129667,0.104407462062971,"ENSG00000261096","NS","grey80"
"ENSG00000278462",17.2865786611493,0.657789537816246,0.269075679429023,2.44462650512329,0.0145002217994375,0.104640775872229,"ENSG00000278462","NS","grey80"
"ENSG00000224635",34.185445335564,0.42148613457661,0.173342885276962,2.43151678191563,0.0150357517649398,0.107948987030337,"ENSG00000224635","NS","grey80"
"ENSG00000273419",18.7310101422769,0.6155525189289,0.253451631849643,2.42867846001508,0.0151539651508651,0.108242608220465,"ENSG00000273419","NS","grey80"
"ENSG00000260563",29.1202821253246,-0.430933482518191,0.178429177315956,-2.41515142871005,0.0157286690936013,0.111777343812395,"ENSG00000260563","NS","grey80"
"ENSG00000263235",10.9894740359068,0.76685155821301,0.317907733379718,2.41218277410402,0.0158573299748966,0.112122535176037,"ENSG00000263235","NS","grey80"
"LCDR",18.8827118928096,-0.508889269875072,0.211902618138801,-2.40152422062921,0.0163269281806618,0.114862811321239,"LCDR","NS","grey80"
"SNHG3",510.578763157316,0.141073789413779,0.0588730524815722,2.396237046787,0.0165643739302768,0.115950617511937,"SNHG3","NS","grey80"
"ENSG00000277182",18.6015172194817,-0.539182077343689,0.225312025547715,-2.39304615913413,0.0167091388047158,0.116382061326379,"ENSG00000277182","NS","grey80"
"ZFAS1",425.302680333732,0.157947928289305,0.0663290379853831,2.38127874437305,0.017252651464943,0.118601281949786,"ZFAS1","NS","grey80"
"LINC00665",847.099381957838,-0.104984217255767,0.0441601022295227,-2.37735448867645,0.0174373213522414,0.118601281949786,"LINC00665","NS","grey80"
"ENSG00000240291",82.1210406577155,0.267895186620896,0.112680091166732,2.37748464566374,0.0174311686703422,0.118601281949786,"ENSG00000240291","NS","grey80"
"ENSG00000264207",46.6807973299081,-0.337210571912558,0.14184626019512,-2.37729617579414,0.0174400784919783,0.118601281949786,"ENSG00000264207","NS","grey80"
"LINC02809",17.524351640803,-0.536549607831273,0.225720007191482,-2.37705826128257,0.0174513314868971,0.118601281949786,"LINC02809","NS","grey80"
"SNHG12",136.013217444357,0.22526256950741,0.0949250892601405,2.37305617790975,0.0176415804780615,0.119315037049691,"SNHG12","NS","grey80"
"ENSG00000167046",19.424391206268,0.514996871237898,0.217542293115615,2.36734137469167,0.0179163984490355,0.119761671311106,"ENSG00000167046","NS","grey80"
"ENSG00000248975",79.626776122399,0.261891742853707,0.110726555293049,2.36521168892668,0.0180197676364576,0.119761671311106,"ENSG00000248975","NS","grey80"
"LINC01569",13.2710876667614,-0.626328662633007,0.264550334827911,-2.3675217158218,0.0179076690823937,0.119761671311106,"LINC01569","NS","grey80"
"ENSG00000275846",12.8856030113126,-0.659985675569104,0.279111501245255,-2.3645950547526,0.0180497947476024,0.119761671311106,"ENSG00000275846","NS","grey80"
"ENSG00000278467",72.0442480759683,0.289343222880419,0.122643780621371,2.35921643490171,0.0183135711753081,0.120938677572789,"ENSG00000278467","NS","grey80"
"ENSG00000232638",33.1511555374291,-0.400156536799058,0.169826441609308,-2.35626756944971,0.0184596158268721,0.121330808251741,"ENSG00000232638","NS","grey80"
"ENSG00000259326",27.3382867616649,0.460176365186731,0.195492259807559,2.35393649671718,0.0185757842108349,0.121523821940041,"ENSG00000259326","NS","grey80"
"ENSG00000223942",10.3426814878946,-0.69396708186466,0.29550591536502,-2.34840335093612,0.0188540915969393,0.122323193256837,"ENSG00000223942","NS","grey80"
"ENSG00000254676",16.8594437805808,0.564951824727273,0.240606165871128,2.34803552386878,0.0188727212453406,0.122323193256837,"ENSG00000254676","NS","grey80"
"ENSG00000226471",20.7008234261038,0.517803186145583,0.220886888114305,2.34420064751707,0.0190679103473622,0.123018776434595,"ENSG00000226471","NS","grey80"
"LINC01918",20.4089807427948,-0.501744699614601,0.215038736334971,-2.33327589329311,0.0196336698318957,0.125587407113116,"LINC01918","NS","grey80"
"ENSG00000260293",235.650896585423,-0.174913482211586,0.0749719863877967,-2.33305119203907,0.0196454586841232,0.125587407113116,"ENSG00000260293","NS","grey80"
"ENSG00000231856",35.610174967129,0.387763026372136,0.166644669566559,2.32688526660171,0.0199713725736649,0.125945592806896,"ENSG00000231856","NS","grey80"
"ENSG00000269887",47.9622833118155,0.340016559118838,0.146051202380139,2.32806408696211,0.0199087009206467,0.125945592806896,"ENSG00000269887","NS","grey80"
"ENSG00000274425",14.2756341630936,-0.603638053812808,0.259329903784088,-2.32768394621926,0.0199288922145267,0.125945592806896,"ENSG00000274425","NS","grey80"
"ENSG00000261544",18.8248138313796,0.562490577617619,0.241992899402245,2.32440943104962,0.0201035605790708,0.126210694218382,"ENSG00000261544","NS","grey80"
"ENSG00000260973",24.4823756123233,0.468330973945172,0.201967490709558,2.31884335592732,0.0204035313973174,0.127522071233234,"ENSG00000260973","NS","grey80"
"ENSG00000242593",410.774135720761,0.132662814596002,0.0572758086611394,2.31621024123595,0.0205467922906246,0.127823029087995,"ENSG00000242593","NS","grey80"
"ENSG00000273064",13.6786285717238,-0.602903477418675,0.260477357226596,-2.3146099293928,0.0206342889813477,0.127823029087995,"ENSG00000273064","NS","grey80"
"ENSG00000225213",18.4201692350328,0.7217612790576,0.313174849831265,2.30465913672978,0.0211856711630356,0.130660526996695,"ENSG00000225213","NS","grey80"
"ENSG00000262877",13.6812623711708,-0.585639059410848,0.254698040394492,-2.2993465458304,0.0214852687166427,0.131927088610964,"ENSG00000262877","NS","grey80"
"MAFTRR",11.2722268537451,-0.665098768187619,0.289653288795883,-2.29618925078496,0.0216650628889526,0.132450166133334,"MAFTRR","NS","grey80"
"MIR3667HG",22.7321086370575,-0.49722160927313,0.2172525125185,-2.2886805934214,0.0220979173944504,0.134509062401003,"MIR3667HG","NS","grey80"
"ENSG00000267784",35.3278766462759,0.392781628954146,0.171820033390857,2.28600600990831,0.0222539069681955,0.134872163443609,"ENSG00000267784","NS","grey80"
"ENSG00000269925",12.5806702042997,0.61218734129021,0.268531776908654,2.27975753312226,0.0226220729618432,0.136512509252502,"ENSG00000269925","NS","grey80"
"ENSG00000273680",16.3700638147221,0.568147767641622,0.249413037597442,2.27793932953347,0.0227301926018636,0.136576264560554,"ENSG00000273680","NS","grey80"
"PRANCR",48.5517491786761,-0.318885755734094,0.140465202438126,-2.27021176917152,0.0231947372662909,0.138172869128114,"PRANCR","NS","grey80"
"ENSG00000272489",32.0786862444878,0.412469784466835,0.18185255723919,2.26815498626348,0.0233197619420375,0.138172869128114,"ENSG00000272489","NS","grey80"
"ENSG00000283045",11.0200008398249,0.682559764999092,0.301086046454247,2.26699235330659,0.0233906928452593,0.138172869128114,"ENSG00000283045","NS","grey80"
"ENSG00000285664",11.2393041940523,-0.659928599369032,0.291036701383821,-2.26750989215863,0.0233590952990644,0.138172869128114,"ENSG00000285664","NS","grey80"
"ENSG00000268205",869.217253372829,0.1335833021879,0.0591585655622675,2.25805512554722,0.0239422228517036,0.140836605010021,"ENSG00000268205","NS","grey80"
"ENSG00000214248",15.5117336289257,-0.542351996440533,0.240519044751809,-2.25492329308136,0.024138143967595,0.141394985584239,"ENSG00000214248","NS","grey80"
"MIR130AHG",20.9877260762337,0.471898897378145,0.209687888618079,2.25048237400898,0.0244183411560611,0.142440323410357,"MIR130AHG","NS","grey80"
"GAS5",3967.71646584432,0.0935876884534909,0.0419691434403443,2.22991657160023,0.0257529820238092,0.149602385200552,"GAS5","NS","grey80"
"LINC00847",87.0379278534599,-0.242821459424042,0.109418375309264,-2.21920183641662,0.0264729962013417,0.152519319678512,"LINC00847","NS","grey80"
"ENSG00000261335",18.6313159417001,-0.491536575091323,0.221430256039325,-2.21982570893124,0.0264306010474163,0.152519319678512,"ENSG00000261335","NS","grey80"
"LINC01852",12.8895162616972,-0.594147170393162,0.268220826627702,-2.2151418212496,0.0267503316739529,0.153485509604648,"LINC01852","NS","grey80"
"LINC01535",118.46400605264,-0.212397225872575,0.0960060547689037,-2.21233156996021,0.0269437632886007,0.153964361649147,"LINC01535","NS","grey80"
"ENSG00000259363",30.7063012100324,-0.399900721862775,0.181068105520274,-2.20856522861228,0.0272048961240112,0.154824612087869,"ENSG00000259363","NS","grey80"
"LINC01270",120.441321971656,0.224954541244127,0.102143634005549,2.20233540185096,0.0276416252498743,0.156673179553943,"LINC01270","NS","grey80"
"LINC02851",14.9772901035505,-0.604552654383111,0.27573851359474,-2.19248536050222,0.0283444790224222,0.160009155771738,"LINC02851","NS","grey80"
"ENSG00000285730",15.8636329492799,-0.520644740226158,0.238142726277359,-2.18627185623035,0.0287957218951137,0.161903657241603,"ENSG00000285730","NS","grey80"
"LINC01144",16.5224964043087,-0.524349590058492,0.240117347111532,-2.18372223567395,0.0289826648375971,0.162302923090544,"LINC01144","NS","grey80"
"ENSG00000275759",12.4194441723271,0.649674069466019,0.298090466701398,2.17945268983328,0.0292980555774104,0.163415449435755,"ENSG00000275759","NS","grey80"
"MAILR",211.695639891101,-0.162705786299051,0.0747670378709337,-2.17617002000161,0.029542549761685,0.164125276453806,"MAILR","NS","grey80"
"ENSG00000267543",19.7671359255792,-0.460847195554799,0.21206907701803,-2.17309945436136,0.0297728327792166,0.164750853323728,"ENSG00000267543","NS","grey80"
"MIR181A1HG",51.2307911601038,-0.286668074379169,0.132325593425324,-2.1663841964249,0.0302818405788176,0.165841650977846,"MIR181A1HG","NS","grey80"
"LINC01828",50.1781824957027,0.3339362319193,0.154164024687774,2.16610997666684,0.0303027840144141,0.165841650977846,"LINC01828","NS","grey80"
"ENSG00000275532",10.8322569580431,-0.63966512096028,0.295346156398587,-2.16581495002432,0.0303253304645204,0.165841650977846,"ENSG00000275532","NS","grey80"
"ENSG00000247121",25.1066761067661,-0.419568585272358,0.194019705633203,-2.16250500897861,0.0305792714190917,0.166579688664313,"ENSG00000247121","NS","grey80"
"ENSG00000272335",147.715353443625,0.189033795897799,0.0876203161533767,2.15741969667058,0.030972977891676,0.168070422668009,"ENSG00000272335","NS","grey80"
"LINC01816",12.8000688544223,0.615169530697969,0.28598129020433,2.15108313644727,0.0314696382973595,0.1701061529587,"LINC01816","NS","grey80"
"ENSG00000253106",58.5940731508418,0.285249870289182,0.133360957237907,2.13893088499894,0.0324412662856554,0.174683741538145,"ENSG00000253106","NS","grey80"
"ENSG00000260698",14.312445110528,0.575396500788715,0.269251623974995,2.1370214682239,0.0325962455368925,0.174845761500573,"ENSG00000260698","NS","grey80"
"LINC01250",68.8629367256147,0.243988069342874,0.114626642844245,2.12854588853663,0.0332918495066804,0.177561064385159,"LINC01250","NS","grey80"
"ENSG00000272010",11.4546687250756,0.623073914338933,0.292829469519183,2.1277705258354,0.0333561142380691,0.177561064385159,"ENSG00000272010","NS","grey80"
"ENSG00000230815",15.6350166332479,-0.530387552762326,0.25040841644827,-2.11808995993509,0.0341674496701911,0.179678607782146,"ENSG00000230815","NS","grey80"
"ENSG00000272338",20.6414428582778,0.47271444442311,0.223303727311634,2.11691246766969,0.0342672773413093,0.179678607782146,"ENSG00000272338","NS","grey80"
"ENSG00000277728",14.2282851720534,-0.541273075161765,0.255141073310828,-2.12146585470522,0.0338826184476252,0.179678607782146,"ENSG00000277728","NS","grey80"
"ENSG00000285851",27.005524887901,-0.403549390441364,0.190577952808043,-2.1175030190813,0.0342171793416644,0.179678607782146,"ENSG00000285851","NS","grey80"
"ENSG00000282143",20.7887021687877,0.46813807129354,0.221552073572178,2.11299340938476,0.0346013319819538,0.180081281690466,"ENSG00000282143","NS","grey80"
"ENSG00000282740",20.7887021687877,0.46813807129354,0.221552073572178,2.11299340938476,0.0346013319819538,0.180081281690466,"ENSG00000282740","NS","grey80"
"ENSG00000232184",29.1494039499567,0.405010976356157,0.192159966405891,2.10767614051654,0.0350590124920455,0.181787472180977,"ENSG00000232184","NS","grey80"
"LINC00963",142.640028395976,0.190712520230221,0.0906408826164031,2.10404526881458,0.0353744983690082,0.182629855822441,"LINC00963","NS","grey80"
"ENSG00000260672",16.3185955832722,0.52868799001096,0.251775850330105,2.09983598235412,0.0357432717823921,0.182629855822441,"ENSG00000260672","NS","grey80"
"ENSG00000269973",134.078112168844,0.187333849933268,0.0892010386436049,2.10013081441511,0.0357173353293529,0.182629855822441,"ENSG00000269973","NS","grey80"
"HELLPAR",247.971161172276,0.143830348224763,0.0684287588739192,2.10189912241097,0.0355621134493407,0.182629855822441,"HELLPAR","NS","grey80"
"LINC00910",22.6605852087531,-0.438198390147932,0.208898612819632,-2.09766060307103,0.0359351374409208,0.182942517881052,"LINC00910","NS","grey80"
"LINC01285",13.0644669407743,-0.55344447730438,0.264252802202786,-2.09437505559419,0.0362265830445241,0.183758029935992,"LINC01285","NS","grey80"
"ENSG00000226904",49.6751469484121,0.295099803337912,0.141383781221083,2.08722528701126,0.0368677747081025,0.186181836371291,"ENSG00000226904","NS","grey80"
"ENSG00000262514",13.055282203539,0.572409480285216,0.274393359605402,2.08609086279779,0.0369703932222991,0.186181836371291,"ENSG00000262514","NS","grey80"
"ENSG00000257176",29.755225339385,0.372811995013155,0.179570352373178,2.07613333763688,0.0378816206058936,0.190086985119179,"ENSG00000257176","NS","grey80"
"MIR137HG",1400.88715035647,-0.090984505829973,0.0439132854284894,-2.07191297444908,0.0382735577728155,0.191367788864078,"MIR137HG","NS","grey80"
"ENSG00000260743",11.9703154733509,-0.60657860648948,0.293636548050349,-2.0657462789185,0.0388524430020353,0.19288446880443,"ENSG00000260743","NS","grey80"
"ENSG00000260816",55.3531497992037,0.272849150327895,0.132029531507356,2.06657667578479,0.0387740604889807,0.19288446880443,"ENSG00000260816","NS","grey80"
"ENSG00000272033",79.4996827597524,0.240086509244091,0.116373851880637,2.06306232340186,0.039106707229385,0.193460742477523,"ENSG00000272033","NS","grey80"
"ENSG00000251259",440.575906129632,-0.14033572812578,0.0681788866756674,-2.05834584529619,0.0395569462644895,0.194645662123694,"ENSG00000251259","NS","grey80"
"ENSG00000265218",18.5374222267565,0.480196160639276,0.233699590202781,2.0547582484959,0.0399023607353572,0.194645662123694,"ENSG00000265218","NS","grey80"
"ENSG00000273017",16.8984196415492,0.519398694466399,0.252733419498737,2.05512470608975,0.0398669611808067,0.194645662123694,"ENSG00000273017","NS","grey80"
"ENSG00000274253",55.7220234569349,-0.271669512806152,0.132192711857699,-2.05510204752131,0.0398691492100056,0.194645662123694,"ENSG00000274253","NS","grey80"
"ENSG00000249413",157.932099037446,-0.188130438481699,0.091637596197949,-2.05298312360041,0.0400742142982224,0.194805208394137,"ENSG00000249413","NS","grey80"
"ENSG00000273219",27.1383207070153,-0.398124109685626,0.194078918760126,-2.05135164720127,0.0402327142303102,0.194898961669323,"ENSG00000273219","NS","grey80"
"ENSG00000260244",95.0294422379603,0.223173572185133,0.10888556344418,2.04961580879858,0.0404019365066149,0.195043831411244,"ENSG00000260244","NS","grey80"
"ENSG00000254363",55.5765272411277,-0.264819498106134,0.129730184984364,-2.04130980109257,0.041220043484985,0.197630345475956,"ENSG00000254363","NS","grey80"
"ENSG00000267002",375.748377395551,-0.135779533350691,0.0665139007101324,-2.0413707796573,0.0412139865980449,0.197630345475956,"ENSG00000267002","NS","grey80"
"ENSG00000230325",21.0695020331701,0.474757140626046,0.232932229120567,2.03817712309922,0.0415322224879641,0.198447479464675,"ENSG00000230325","NS","grey80"
"ENSG00000260122",14.272584228921,0.531571583652862,0.261272860736018,2.03454573182764,0.0418966025935768,0.199507631397985,"ENSG00000260122","NS","grey80"
"LINC02918",12.1545569384095,-0.52876183643213,0.26007498536738,-2.03311301040816,0.0420411068503014,0.199517117255668,"LINC02918","NS","grey80"
"ENSG00000274598",10.7600538604442,0.604326718454774,0.2977098877489,2.02991819661861,0.0423648551097781,0.20037431470841,"ENSG00000274598","NS","grey80"
"PCAT6",47.9730239414499,-0.336092139252648,0.166012401833727,-2.02450019119215,0.0429187123237403,0.201631534406834,"PCAT6","NS","grey80"
"ENSG00000261659",40.1601077616923,-0.309131767314241,0.152630327907598,-2.02536266253316,0.0428301384423044,0.201631534406834,"ENSG00000261659","NS","grey80"
"ENSG00000260774",25.8384723951839,-0.380285207636262,0.188315643876473,-2.01940316698124,0.0434453326547861,0.203422962263212,"ENSG00000260774","NS","grey80"
"LINC01359",123.381566741019,-0.206224695270866,0.103070906121695,-2.00080413601272,0.0454135015320864,0.210913283547577,"LINC01359","NS","grey80"
"ENSG00000267672",13.8421294187851,-0.523676896340887,0.261696840383007,-2.0010822277199,0.0453835292570246,0.210913283547577,"ENSG00000267672","NS","grey80"
"ENSG00000272056",13.7488023427283,0.527849804981933,0.263920923845014,2.00003015028816,0.0454970083081203,0.210913283547577,"ENSG00000272056","NS","grey80"
"ENSG00000256571",11.9459528267085,-0.562624598906833,0.281777008755975,-1.99670158112182,0.0458576102779891,0.211883347819092,"ENSG00000256571","NS","grey80"
"HYMAI",26.2350922283477,-0.423882533103956,0.212505168362772,-1.99469281791931,0.0460763931929476,0.212193916020154,"HYMAI","NS","grey80"
"ENSG00000278601",12.3198950300837,0.562085510113507,0.282122662696797,1.99234441055022,0.0463332821095254,0.212677360502739,"ENSG00000278601","NS","grey80"
"ENSG00000276633",28.4716940736648,0.388548017498756,0.195219817264605,1.9903103227072,0.0465567615857882,0.213004791568966,"ENSG00000276633","NS","grey80"
"LINC00839",328.434696955297,0.114001625170168,0.0575272826928743,1.98169668083921,0.0475131989322555,0.215973728006724,"LINC00839","NS","grey80"
"ENSG00000285667",16.3593396298444,-0.467733252441029,0.236027747979367,-1.98168756192987,0.0475142201614792,0.215973728006724,"ENSG00000285667","NS","grey80"
"ENSG00000272631",78.7933170670374,-0.22096578386554,0.111834879819185,-1.97582171342963,0.0481749732921658,0.218268487407871,"ENSG00000272631","NS","grey80"
"FAM88B",257.658506256285,-0.126424372622456,0.064441553215232,-1.96184552225494,0.0497804719541154,0.224092156706629,"FAM88B","NS","grey80"
"LINC01772",42.462982692322,0.320446630049879,0.163330618179133,1.96195075744114,0.0497682175645207,0.224092156706629,"LINC01772","NS","grey80"
"LINC02848",16.3955769638904,-0.464913552397171,0.23740302918801,-1.95833032959738,0.0501912641106526,0.225217210752928,"LINC02848","NS","grey80"
"LINC01001",497.306941832388,-0.139475463263131,0.0713753844700905,-1.95411155118299,0.0506880263151002,0.226719606521215,"LINC01001","NS","grey80"
"ENSG00000275854",21.4038375136639,-0.414949342400595,0.21288413720661,-1.94917924766689,0.0512740223449901,0.228610290710147,"ENSG00000275854","NS","grey80"
"LINC01278",258.188200042854,-0.146298573331758,0.075589960912098,-1.93542332297123,0.0529383695600982,0.233244768764865,"LINC01278","NS","grey80"
"ENSG00000261584",90.4368080290609,0.207888970227801,0.107303273850833,1.93739634185624,0.0526969134660169,0.233244768764865,"ENSG00000261584","NS","grey80"
"ENSG00000261770",77.5631172128653,-0.221946045650276,0.114731980943963,-1.93447410063179,0.0530548634181494,0.233244768764865,"ENSG00000261770","NS","grey80"
"ENSG00000267682",32.8259662811633,0.334313215511645,0.172861949803196,1.93398961363251,0.0531144048755703,0.233244768764865,"ENSG00000267682","NS","grey80"
"ENSG00000269399",14.7269664114138,-0.478369575526449,0.2473819425821,-1.93372875373751,0.0531464865971372,0.233244768764865,"ENSG00000269399","NS","grey80"
"ENSG00000260686",41.0220119171288,-0.303005727802463,0.157022818397566,-1.92969232685203,0.0536449712694223,0.233965606782527,"ENSG00000260686","NS","grey80"
"ENSG00000278829",23.9079249625072,0.397358265202928,0.205851362096603,1.93031642421901,0.0535676432288486,0.233965606782527,"ENSG00000278829","NS","grey80"
"ENSG00000228172",11.803160518838,-0.539816543521127,0.281163939123046,-1.91993519938873,0.05486608508445,0.238548196019348,"ENSG00000228172","NS","grey80"
"ENSG00000253190",14.8279583223852,0.497128362001332,0.260225863112074,1.91037261268389,0.0560852545200066,0.242062919326089,"ENSG00000253190","NS","grey80"
"LINC02987",135.65910895709,-0.161475470735668,0.0845474672314473,-1.9098794561596,0.0561487357681615,0.242062919326089,"LINC02987","NS","grey80"
"ENSG00000284707",52.9553786867027,0.264055896511934,0.13828286359455,1.90953448350733,0.0561931777006992,0.242062919326089,"ENSG00000284707","NS","grey80"
"HOTAIR",15.0831903855061,-0.518185041568513,0.272287717833637,-1.90307901396094,0.0570302358595579,0.243412148125859,"HOTAIR","NS","grey80"
"DNM1P35",10.4896010842798,-0.575067094466291,0.30255834781986,-1.9006816325183,0.0573437257923539,0.243412148125859,"DNM1P35","NS","grey80"
"MIR4458HG",92.7769800607482,-0.21630863691309,0.113605668831212,-1.9040303106218,0.0569062367319401,0.243412148125859,"MIR4458HG","NS","grey80"
"ENSG00000256146",135.096441274731,0.165118731568034,0.0868793922705248,1.90055118081268,0.0573608251410169,0.243412148125859,"ENSG00000256146","NS","grey80"
"ENSG00000273149",38.6963392090161,0.347038915937217,0.182610006049778,1.9004375688078,0.0573757206296668,0.243412148125859,"ENSG00000273149","NS","grey80"
"ENSG00000272077",89.0551713537386,0.207247344244141,0.109473839399062,1.89312209548682,0.0583416344245919,0.246762199983168,"ENSG00000272077","NS","grey80"
"ENSG00000272379",15.3709374038502,-0.493853976113397,0.261161343242444,-1.89099186725708,0.0586254298733636,0.24721566814069,"ENSG00000272379","NS","grey80"
"SNHG7",184.123154682566,-0.153040525370776,0.0809939516161653,-1.88953029599103,0.058820807209069,0.247294684963053,"SNHG7","NS","grey80"
"ENSG00000258875",15.279795693937,0.489910062489835,0.260540768414171,1.88035855375633,0.0600592281264666,0.251745267595968,"ENSG00000258875","NS","grey80"
"APPAT",519.206580142536,0.123880756528952,0.0660250589469242,1.8762687758982,0.060618382296715,0.253330552881794,"APPAT","NS","grey80"
"ENSG00000254485",11.6372754958779,-0.517665956685404,0.276993704147594,-1.86887264560197,0.0616405348576731,0.256835561906971,"ENSG00000254485","NS","grey80"
"ENSG00000240207",73.1907449746617,-0.212475758646096,0.113852044771118,-1.86624455514387,0.0620071580513135,0.257110567095566,"ENSG00000240207","NS","grey80"
"ENSG00000268129",11.4803853782135,-0.537024951593355,0.287830514473616,-1.86576795922929,0.0620738369130723,0.257110567095566,"ENSG00000268129","NS","grey80"
"ENSG00000273192",35.4834859344036,0.320945028498217,0.172745432725358,1.85790746206574,0.0631821565453616,0.26092926006934,"ENSG00000273192","NS","grey80"
"ENSG00000259432",12.7601896040852,0.505426073639935,0.272240240180167,1.85654432755953,0.06337601086273,0.260960044728888,"ENSG00000259432","NS","grey80"
"ENSG00000224972",11.2234940652761,0.537024846674541,0.289569949998233,1.85456000071077,0.0636590845231262,0.261270270502777,"ENSG00000224972","NS","grey80"
"LINC01748",17.2326722342593,0.440684228129929,0.237770301400069,1.85340316067665,0.0638245946513928,0.261270270502777,"LINC01748","NS","grey80"
"ENSG00000275601",13.1381454878797,-0.495651454722462,0.267657958082349,-1.85180914579782,0.0640532338751019,0.261441770918783,"ENSG00000275601","NS","grey80"
"ENSG00000267248",22.0264364273577,-0.400303235626237,0.216410085364251,-1.84974390150286,0.0643504697482179,0.261891446649724,"ENSG00000267248","NS","grey80"
"ENSG00000274281",10.2606582180901,0.562646055667149,0.304620500304674,1.84703936571703,0.0647414351741835,0.262718867373498,"ENSG00000274281","NS","grey80"
"LINC01410",196.742579286675,-0.151232441256403,0.0820021120920959,-1.84425056133377,0.0651466328384576,0.263599092409944,"LINC01410","NS","grey80"
"ENSG00000261003",9.41566690830957,0.59994788700408,0.326588813241746,1.83701297374197,0.0662079801532702,0.265062505807129,"ENSG00000261003","NS","grey80"
"ENSG00000271855",15.2993820528716,-0.463817234861269,0.252204599788604,-1.83905144969615,0.065907619004509,0.265062505807129,"ENSG00000271855","NS","grey80"
"ENSG00000274023",17.6984678449621,0.444264448910739,0.241892071554608,1.83662261460457,0.0662656264517823,0.265062505807129,"ENSG00000274023","NS","grey80"
"ENSG00000285822",64.9911482756529,-0.226754797294405,0.123438336228864,-1.83698844477281,0.0662116012526582,0.265062505807129,"ENSG00000285822","NS","grey80"
"ENSG00000265401",23.5413370783739,0.392529086306523,0.214315352714975,1.83154907632101,0.0670186296521112,0.267310773541184,"ENSG00000265401","NS","grey80"
"LINC03011",41.4566055482833,0.282812285744534,0.154564589310563,1.82973530357776,0.0672895291510069,0.267628809123323,"LINC03011","NS","grey80"
"ENSG00000271795",15.8671001484799,-0.433000798151199,0.2371864184957,-1.82557163642592,0.0679148114502013,0.269350526997965,"ENSG00000271795","NS","grey80"
"PRNCR1",75.4275151334826,0.207210671059498,0.11364317833465,1.82334456054472,0.0682512212947192,0.269920084216404,"PRNCR1","NS","grey80"
"ENSG00000274964",197.535768483862,0.13232846633328,0.0727034904175469,1.82011160087773,0.068742011305333,0.27077245021515,"ENSG00000274964","NS","grey80"
"ENSG00000278000",19.2797011045915,0.437523466682433,0.240479508823691,1.81937940917538,0.0688535659118524,0.27077245021515,"ENSG00000278000","NS","grey80"
"LINC01134",11.17833378389,-0.521017552758958,0.286873256558536,-1.81619422810381,0.0693405831797717,0.271923855606948,"LINC01134","NS","grey80"
"ENSG00000260578",41.6521697622161,0.307334230192702,0.169447491057145,1.81374317362454,0.0697172749018829,0.272637387884458,"ENSG00000260578","NS","grey80"
"ENSG00000259891",50.9465134745563,-0.243750119322826,0.134491025427838,-1.81238947764296,0.0699260375530178,0.27269206845188,"ENSG00000259891","NS","grey80"
"ENSG00000250764",23.4741543519697,0.360046181623343,0.199042814868698,1.80888811214238,0.0704683876361846,0.274043729696273,"ENSG00000250764","NS","grey80"
"WASIR2",12.4678718159987,-0.492907307245114,0.273393839205693,-1.80292031699466,0.0714007297321079,0.276900336911222,"WASIR2","NS","grey80"
"CYP4F26P",23.6464307392489,0.361668945396804,0.201757616890246,1.79259128339897,0.0730383012064378,0.281515083077719,"CYP4F26P","NS","grey80"
"LINC01694",100.658745447464,-0.17866713798566,0.0997238131162663,-1.79161959819321,0.073193921600207,0.281515083077719,"LINC01694","NS","grey80"
"PARAIL",588.500664643994,0.0989996661699406,0.055230036451318,1.7924968464796,0.0730534138788967,0.281515083077719,"PARAIL","NS","grey80"
"ENSG00000228251",13.3360352348093,-0.459611037841377,0.257354002747612,-1.78590980880184,0.0741138625389444,0.284272349464444,"ENSG00000228251","NS","grey80"
"ENSG00000276863",12.527252144557,0.477201452214065,0.267452905787121,1.78424478436549,0.07438389805771,0.284528571805448,"ENSG00000276863","NS","grey80"
"ENSG00000261668",25.9491496122378,-0.347464027124019,0.195604666076914,-1.77635858127941,0.0756738332984106,0.288674023481675,"ENSG00000261668","NS","grey80"
"LINC00526",18.5728078214809,-0.396214763886982,0.223238957964062,-1.77484596550915,0.0759233243041102,0.288838733765637,"LINC00526","NS","grey80"
"LINC01798",14.1839780263468,0.453784530084949,0.256983368488303,1.76581283354765,0.0774272547199227,0.292459903752534,"LINC01798","NS","grey80"
"ENSG00000254556",109.729543721827,0.187355117264812,0.106128057855022,1.76536837714256,0.0775018744944215,0.292459903752534,"ENSG00000254556","NS","grey80"
"ENSG00000270135",10.8304418074089,0.592568349320481,0.335278570932026,1.76739106132917,0.0771627588897185,0.292459903752534,"ENSG00000270135","NS","grey80"
"ENSG00000262119",36.7519887541677,-0.311231105792597,0.17658190976692,-1.76253108941572,0.0779796083901183,0.29347164447894,"ENSG00000262119","NS","grey80"
"LINC03022",27.1339922011575,-0.329287740865567,0.187706129965791,-1.75427270769249,0.0793837899659195,0.297955243839912,"LINC03022","NS","grey80"
"LINC00240",20.580404118547,-0.389009338956714,0.222460466059248,-1.74866728388993,0.0803485483833808,0.299967913964622,"LINC00240","NS","grey80"
"ENSG00000285994",12.2661947683246,0.502625376633176,0.287393938713762,1.74890736694965,0.0803070329584535,0.299967913964622,"ENSG00000285994","NS","grey80"
"ENSG00000244332",9.7391831641424,0.534705666192538,0.306348332731314,1.74541725566206,0.0809122641503116,0.300469946446781,"ENSG00000244332","NS","grey80"
"ENSG00000255672",10.1149616522737,-0.561295673919471,0.321582050222243,-1.74541978798743,0.0809118236729644,0.300469946446781,"ENSG00000255672","NS","grey80"
"ENSG00000262412",13.1664961113823,-0.463598799324983,0.266224362801948,-1.74138382545352,0.0816163214670534,0.300691710668091,"ENSG00000262412","NS","grey80"
"ENSG00000272630",46.6889355434996,0.265331097937642,0.152200270982032,1.74330240166895,0.0812808060753179,0.300691710668091,"ENSG00000272630","NS","grey80"
"ENSG00000280384",13.4680544162482,0.481247548147814,0.276332732104784,1.74155100802654,0.0815870404116168,0.300691710668091,"ENSG00000280384","NS","grey80"
"LINC00951",11.3890920705227,0.506030757286829,0.291828007810538,1.73400339838305,0.0829174801890835,0.304683654238102,"LINC00951","NS","grey80"
"ENSG00000275734",11.3265890831599,0.511079325929823,0.295279347063005,1.7308332973954,0.083481501221863,0.305953145839288,"ENSG00000275734","NS","grey80"
"ENSG00000255455",197.443830221996,-0.13572395220811,0.078621383263892,-1.72629819743254,0.0842937794965037,0.308123475966332,"ENSG00000255455","NS","grey80"
"LINC00276",11.0436553542136,-0.54795210353306,0.317953642026282,-1.72337105510421,0.0848214457667775,0.3084416209701,"LINC00276","NS","grey80"
"ENSG00000269189",28.6776454227129,0.313484884460485,0.181793000968754,1.72440568553223,0.0846346319018926,0.3084416209701,"ENSG00000269189","NS","grey80"
"ENSG00000231236",29.1481182065804,0.304969257966216,0.177192815604479,1.72111525473445,0.0852299116697723,0.309124031962905,"ENSG00000231236","NS","grey80"
"ENSG00000230922",34.0217549356067,-0.299190437945436,0.175210353918271,-1.70760706347866,0.0877092768675137,0.316622356164649,"ENSG00000230922","NS","grey80"
"ENSG00000271993",14.8668444449666,-0.438696515560305,0.256939870920725,-1.70738980286815,0.0877496244227741,0.316622356164649,"ENSG00000271993","NS","grey80"
"ENSG00000253475",10.4530698239134,-0.505679853143724,0.296409536486537,-1.70601748897068,0.0880048234399617,0.31672687099215,"ENSG00000253475","NS","grey80"
"ENSG00000275481",60.6772089791391,-0.215795441419526,0.126613128289058,-1.70436860960314,0.0883122445066997,0.317018313613794,"ENSG00000275481","NS","grey80"
"SPATA13",88.7253089087203,0.182000630317369,0.107226111812036,1.69735363188782,0.0896298232797327,0.318521900282653,"SPATA13","NS","grey80"
"LINC02731",19.0079204149816,-0.373149585472352,0.219849754742343,-1.6972936172236,0.089641163365261,0.318521900282653,"LINC02731","NS","grey80"
"LINC02981",65.2889860842271,-0.214821448287059,0.126478106869639,-1.69848722125859,0.0894158425051712,0.318521900282653,"LINC02981","NS","grey80"
"ENSG00000280145",173.503022984941,-0.135390609157706,0.0797010302114201,-1.69873097999562,0.0893698834374997,0.318521900282653,"ENSG00000280145","NS","grey80"
"TYMSOS",12.8502833665133,-0.452892271017629,0.267147455949077,-1.69528947752345,0.0900205199521062,0.319060070716326,"TYMSOS","NS","grey80"
"ENSG00000247970",9.92869231695677,-0.528495918433219,0.312117415271365,-1.69325994825931,0.0904059981833725,0.319617165294751,"ENSG00000247970","NS","grey80"
"ENSG00000187951",120.54880789269,0.158529521227493,0.0939066351142987,1.68816102328167,0.0913803229607894,0.320378009937698,"ENSG00000187951","NS","grey80"
"LINC00682",481.564115944304,-0.101217222888395,0.0600706190387867,-1.68497053148462,0.0919942571392534,0.320378009937698,"LINC00682","NS","grey80"
"LINC02691",45.3238621964558,0.255963118608405,0.151823172963795,1.68592918730163,0.0918094393870613,0.320378009937698,"LINC02691","NS","grey80"
"LINC01003",61.4292422306486,-0.214683889103839,0.127303098571469,-1.68639955753563,0.0917188666152983,0.320378009937698,"LINC01003","NS","grey80"
"SNHG25",310.536747394386,-0.141475121556643,0.0837160881124673,-1.68993946977767,0.091039535489699,0.320378009937698,"SNHG25","NS","grey80"
"ENSG00000270048",22.7191781153766,-0.357940105593933,0.212013427026744,-1.68828979661171,0.0913556129153581,0.320378009937698,"ENSG00000270048","NS","grey80"
"ARNILA",16.580382699643,0.440033182379395,0.262577602083001,1.67582146721067,0.0937731679262471,0.325762866245027,"ARNILA","NS","grey80"
"ENSG00000271265",18.1719731688574,-0.398579485440165,0.238054621963267,-1.67431945724485,0.0940678325254697,0.325977637464499,"ENSG00000271265","NS","grey80"
"ENSG00000259865",106.548770158129,0.259601094059671,0.155345229214192,1.67112369895654,0.0946972472306303,0.327348508945389,"ENSG00000259865","NS","grey80"
"LINC00304",23.5556266113602,0.333292474122979,0.199873361750483,1.66751822856241,0.0954114028551213,0.329004837431453,"LINC00304","NS","grey80"
"ENSG00000261762",940.017912710413,0.0901868870607224,0.0542975870019499,1.66097412501008,0.096718643529009,0.33106626146849,"ENSG00000261762","NS","grey80"
"ENSG00000277287",10.3402686619081,-0.485573227476055,0.292338753500773,-1.66099506706274,0.0967144374411758,0.33106626146849,"ENSG00000277287","NS","grey80"
"LINC01902",26.7013565756222,0.31616613615986,0.19019271161778,1.66234622489237,0.0964433744404389,0.33106626146849,"LINC01902","NS","grey80"
"ENSG00000279583",13.7857408416389,0.452563892574483,0.273496196549384,1.65473559882858,0.0979781425969316,0.334559511306596,"ENSG00000279583","NS","grey80"
"ENSG00000261578",126.179298446062,0.156194897301785,0.0944794017760127,1.6532164087161,0.0982868281573104,0.334796981557748,"ENSG00000261578","NS","grey80"
"MILIP",41.6959838309289,-0.247986749995632,0.150268849798853,-1.6502871375377,0.0988842217806736,0.336014345856658,"MILIP","NS","grey80"
"LINC01560",25.5403537843384,-0.324501087130116,0.197162366412725,-1.64585713305363,0.0997931762864997,0.337418578937476,"LINC01560","NS","grey80"
"PVT1",519.079702814623,0.082389472700524,0.0501278409607539,1.64358709893427,0.100261520598564,0.337418578937476,"PVT1","NS","grey80"
"ENSG00000260966",212.783433510686,0.135195239869229,0.0821540332441696,1.64563119460509,0.0998397126647727,0.337418578937476,"ENSG00000260966","NS","grey80"
"LINC00235",30.751011749091,-0.297851264172531,0.181205021996888,-1.64372521738193,0.100232974579217,0.337418578937476,"LINC00235","NS","grey80"
"CAST",1278.46287776176,-0.0720273478060738,0.0440189173623838,-1.63628167437904,0.101780649637215,0.341709615088972,"CAST","NS","grey80"
"ENSG00000226332",17.5075202727856,0.374462738894696,0.229935543604088,1.62855525955335,0.103407202093857,0.34583745305336,"ENSG00000226332","NS","grey80"
"ENSG00000233288",11.9677263541002,-0.464079814865244,0.285129290422866,-1.62761186048961,0.10360721263038,0.34583745305336,"ENSG00000233288","NS","grey80"
"ENSG00000275910",39.3755071854889,-0.246388770404737,0.151443670086798,-1.62693343514141,0.103751235916008,0.34583745305336,"ENSG00000275910","NS","grey80"
"ENSG00000260000",28.9678848857214,-0.290246092779326,0.17868916643226,-1.62430716184104,0.104310269509043,0.346875005493254,"ENSG00000260000","NS","grey80"
"ENSG00000278903",206.947476759256,-0.120998562312884,0.07458881776158,-1.62220780465579,0.104758861152439,0.347541245529418,"ENSG00000278903","NS","grey80"
"ENSG00000270605",26.5329666744401,-0.30143257765465,0.18668713848053,-1.61464030199427,0.106388612436345,0.352113610900431,"ENSG00000270605","NS","grey80"
"ENSG00000256588",14.8360248314705,0.390522132074467,0.242326684486001,1.6115523261617,0.10705939196355,0.352666232350517,"ENSG00000256588","NS","grey80"
"ENSG00000271141",74.6236135083835,-0.185208340502053,0.114912610430625,-1.61173207890763,0.107020253894439,0.352666232350517,"ENSG00000271141","NS","grey80"
"COSMOC",12.2816577583926,0.456637151423273,0.284014980605089,1.60779248492603,0.107880634900059,0.354344280587972,"COSMOC","NS","grey80"
"ENSG00000271936",25.19789454983,0.324057663489475,0.201665609429884,1.60690592910511,0.108075005579332,0.354344280587972,"ENSG00000271936","NS","grey80"
"ENSG00000259554",14.0882369328335,0.401328191463237,0.250091738942201,1.60472390315934,0.108554579116733,0.355085071877163,"ENSG00000259554","NS","grey80"
"LINC02609",45.4847278063572,-0.241646531976237,0.151194802359131,-1.59824629025446,0.109988175426534,0.35893577062272,"LINC02609","NS","grey80"
"ENSG00000262580",53.706406545376,-0.234890349520802,0.147152369544564,-1.59623898852453,0.110435445927656,0.359557265810973,"ENSG00000262580","NS","grey80"
"ENSG00000277991",1364.2513109083,-0.0584269489183153,0.0366336361307679,-1.59489898053673,0.110734827650683,0.359695495849086,"ENSG00000277991","NS","grey80"
"LINC00907",27.8303810182036,0.293935783853533,0.18498799714677,1.58894516610353,0.112072772931984,0.362360004860918,"LINC00907","NS","grey80"
"ENSG00000272121",13.0743118367288,-0.441096270733429,0.27755408896001,-1.5892263464257,0.112009300348188,0.362360004860918,"ENSG00000272121","NS","grey80"
"ENSG00000270638",18.2655416815135,0.384179136356919,0.242049682919416,1.58719123992747,0.112469338191653,0.362804316747267,"ENSG00000270638","NS","grey80"
"ENSG00000262049",45.0230723985118,-0.262228729254506,0.165961349222797,-1.58005903472425,0.114093347587396,0.367196980741045,"ENSG00000262049","NS","grey80"
"CRNDE",190.040369829141,0.140561046854707,0.0892835652621426,1.57432161722049,0.115413114609086,0.37056929285119,"CRNDE","NS","grey80"
"ENSG00000260671",11.8125208461993,0.45287898384787,0.28806148891669,1.57216081035687,0.115913261558886,0.37056929285119,"ENSG00000260671","NS","grey80"
"ENSG00000261098",141.970356964253,0.143871105676526,0.0915172184162433,1.57206598021985,0.115935250192015,0.37056929285119,"ENSG00000261098","NS","grey80"
"ENSG00000222017",16.0553638133344,0.370651626420394,0.236569573002195,1.56677641049365,0.117166963106718,0.371958613037201,"ENSG00000222017","NS","grey80"
"ENSG00000274270",14.5359323195648,-0.407949027367433,0.260346801034647,-1.56694465131201,0.117127629507992,0.371958613037201,"ENSG00000274270","NS","grey80"
"ENSG00000274492",149.339046094854,-0.130720842184317,0.0833830008194778,-1.5677157322189,0.116947488481601,0.371958613037201,"ENSG00000274492","NS","grey80"
"ENSG00000262899",33.7341851968426,0.293637412466845,0.187561529326496,1.56555245375345,0.117453428387067,0.37202443380519,"ENSG00000262899","NS","grey80"
"SNHG22",19.0382880356253,-0.36315741431453,0.232474115044933,-1.56214129149105,0.1182547073697,0.373716908166096,"SNHG22","NS","grey80"
"LINC02067",24.4968048227,-0.321543033409216,0.206654626478176,-1.55594403517103,0.119721400930094,0.37749991284264,"LINC02067","NS","grey80"
"RN7SL832P",12.7843237547268,-0.428515008819559,0.276077907662354,-1.55215247916047,0.120625743531879,0.379496721223889,"RN7SL832P","NS","grey80"
"ENSG00000277476",160.851847428733,-0.135020888601605,0.0871988612864259,-1.54842490612458,0.121520028593148,0.381453004552483,"ENSG00000277476","NS","grey80"
"ENSG00000276744",16.3044026056786,0.386646918417726,0.250031331007679,1.54639387335762,0.122009472896211,0.382132577303568,"ENSG00000276744","NS","grey80"
"ENSG00000265971",11.5659824500013,-0.480653089320958,0.311532704381121,-1.54286558862513,0.122863391590611,0.383092980460704,"ENSG00000265971","NS","grey80"
"ENSG00000275645",10.6008848395896,-0.458284210555622,0.297018487128551,-1.54294843727109,0.122843287103633,0.383092980460704,"ENSG00000275645","NS","grey80"
"SNHG1",604.905502415671,0.0762660459274893,0.0494890253113067,1.54106987251707,0.123299781337426,0.383599319716436,"SNHG1","NS","grey80"
"SNHG6",692.617071304353,-0.0809003336910613,0.052554964200881,-1.53934713725302,0.123719572046035,0.384051886617405,"SNHG6","NS","grey80"
"MIR663AHG",266.305368306661,-0.370978351838086,0.241585731083051,-1.53559711566968,0.12463722204315,0.385192297705098,"MIR663AHG","NS","grey80"
"ENSG00000273156",28.1266423412708,-0.288387187471353,0.187751716342645,-1.53600293562722,0.124537660357913,0.385192297705098,"ENSG00000273156","NS","grey80"
"LINC00622",29.9878779495926,0.279086088975481,0.182018776337608,1.53328186570067,0.125206420760771,0.386099094857003,"LINC00622","NS","grey80"
"ENSG00000241860",422.622668774248,-0.0833320943468247,0.0544100816575554,-1.531556134602,0.12563200413955,0.386560012737077,"ENSG00000241860","NS","grey80"
"ENSG00000214999",14.6292416324263,-0.387142892748302,0.253252713542573,-1.52868211097458,0.126343269179993,0.38725465213003,"ENSG00000214999","NS","grey80"
"LINC02591",41.42585493669,-0.234203646609751,0.153233606093208,-1.52840915632626,0.126410982873874,0.38725465213003,"LINC02591","NS","grey80"
"ENSG00000267904",42.0593751672076,-0.224750010551307,0.147707063733561,-1.52159283970819,0.128111132788612,0.389057670073875,"ENSG00000267904","NS","grey80"
"ENSG00000271533",1438.14025114207,0.0922184850035085,0.0605883484671935,1.52204982206177,0.127996597456387,0.389057670073875,"ENSG00000271533","NS","grey80"
"ENSG00000272103",17.2412490486722,-0.341059702193116,0.22383486980821,-1.52371121838768,0.127580865819858,0.389057670073875,"ENSG00000272103","NS","grey80"
"ENSG00000279738",136.998998737491,0.138676350551209,0.0910713252300652,1.52272243981169,0.127828161416022,0.389057670073875,"ENSG00000279738","NS","grey80"
"ENSG00000249258",37.1057639077521,-0.246614532978286,0.162496812354572,-1.51765766604804,0.129100721416714,0.390369352015983,"ENSG00000249258","NS","grey80"
"ENSG00000260583",12.7593419890098,-0.420269182781526,0.276859771241155,-1.51798573298486,0.12901799533244,0.390369352015983,"ENSG00000260583","NS","grey80"
"ENSG00000261795",38.948144589199,-0.244177832516808,0.161333725177985,-1.51349528592009,0.130153897682604,0.392705725766478,"ENSG00000261795","NS","grey80"
"CASC9",194.323340700981,-0.132499727885104,0.0878347673275598,-1.50851117292741,0.131423749288782,0.395684406460849,"CASC9","NS","grey80"
"ENSG00000242540",39.752395532733,0.251154978934726,0.166904803991398,1.50477980818138,0.132380696659941,0.397710247476216,"ENSG00000242540","NS","grey80"
"ENSG00000265967",18.0245389282551,0.342361038732012,0.228116965100949,1.50081357859775,0.133403785614433,0.399925695632133,"ENSG00000265967","NS","grey80"
"ENSG00000271401",16.2200222010301,0.368240718326171,0.246056107888071,1.49657214968905,0.134504621349077,0.402364251898949,"ENSG00000271401","NS","grey80"
"ENSG00000271971",48.0006066802494,-0.219429886912307,0.147019489452065,-1.49252243855635,0.135562239377488,0.40466340112683,"ENSG00000271971","NS","grey80"
"LINC00632",2007.84840163785,-0.0741586896108654,0.0500745800731178,-1.48096478298132,0.138615958217951,0.411943517432583,"LINC00632","NS","grey80"
"ENSG00000232693",36.7181491821816,0.248324204712567,0.167875326820259,1.4792179971655,0.139082061031037,0.411943517432583,"ENSG00000232693","NS","grey80"
"LINC01376",19.6899631700312,-0.341825760813425,0.231149214436631,-1.47880996111772,0.139191112831533,0.411943517432583,"LINC01376","NS","grey80"
"ENSG00000258620",11.8669491875075,0.402696920774449,0.272707778104518,1.47666092831467,0.139766550557483,0.411943517432583,"ENSG00000258620","NS","grey80"
"ENSG00000273792",24.7056554079886,-0.297045857285441,0.200545855039584,-1.48118672024814,0.138556823942163,0.411943517432583,"ENSG00000273792","NS","grey80"
"ENSG00000285571",127.414880160471,0.13068636883389,0.0884656582033806,1.47725537217442,0.139607195902157,0.411943517432583,"ENSG00000285571","NS","grey80"
"ENSG00000260645",57.1819178738438,0.200563537673612,0.136590507431389,1.46835634075345,0.142007454309993,0.417668983264686,"ENSG00000260645","NS","grey80"
"LINC01002",664.172775974012,-0.0856211516358825,0.0586289041752178,-1.46039147141478,0.14418251538082,0.42317719398983,"LINC01002","NS","grey80"
"ENSG00000189229",45.0293446588119,0.209282756010796,0.143598266304467,1.45741840341624,0.145000920074246,0.42380227161575,"ENSG00000189229","NS","grey80"
"LINC01301",11.3531726543841,-0.431894158325735,0.296150066918437,-1.45836252147356,0.144740645375229,0.42380227161575,"LINC01301","NS","grey80"
"SNHG21",13.0239282525128,-0.446893820360531,0.308581093943176,-1.44822164783311,0.147555072190922,0.42774649062305,"SNHG21","NS","grey80"
"LNCOC1",13.2890620744322,-0.391483642787414,0.270269416978973,-1.4484940514667,0.147478928415593,0.42774649062305,"LNCOC1","NS","grey80"
"ENSG00000280164",213.665757688113,0.123357047567609,0.0851819673716354,1.44815917469271,0.147572539264952,0.42774649062305,"ENSG00000280164","NS","grey80"
"ENSG00000284523",13.9802605339884,-0.363343534060455,0.250829361554493,-1.44856858785856,0.147458098824112,0.42774649062305,"ENSG00000284523","NS","grey80"
"ENSG00000232611",69.2963763860472,-0.181114955484034,0.125657129739759,-1.44134245194945,0.149487959641694,0.430623752054263,"ENSG00000232611","NS","grey80"
"LINC01404",14.3870279670139,-0.368735492297897,0.25582247383987,-1.44137255325231,0.149479460022367,0.430623752054263,"LINC01404","NS","grey80"
"ENSG00000268392",10.8612291546671,-0.415633612640444,0.288300727348721,-1.44166688881678,0.149396368756673,0.430623752054263,"ENSG00000268392","NS","grey80"
"ENSG00000276517",220.113482688097,0.11277030034398,0.078465030319005,1.43720457234904,0.150659874184988,0.433108467882921,"ENSG00000276517","NS","grey80"
"ENSG00000262879",291.838627446392,-0.102348253458521,0.0714293756887914,-1.43285941493369,0.151898017655454,0.435773001470563,"ENSG00000262879","NS","grey80"
"LINC00641",1083.40496554967,0.0603920375789422,0.0422868587724186,1.42815142415669,0.153248278735559,0.438747628281763,"LINC00641","NS","grey80"
"ENSG00000224376",14.3549802923304,0.387874909120885,0.272570087879713,1.4230281544762,0.154727993729162,0.442079982083319,"ENSG00000224376","NS","grey80"
"ENSG00000272140",71.5198981329548,0.165584925694646,0.116472527091338,1.42166508986959,0.155123499192407,0.442272030238013,"ENSG00000272140","NS","grey80"
"ENSG00000272692",12.860052852751,-0.378291156000411,0.266389491038014,-1.42006786576438,0.155587924363192,0.442272030238013,"ENSG00000272692","NS","grey80"
"ENSG00000284052",50.9244328586858,-0.213242550525492,0.150219942405662,-1.41953556305886,0.155742936362386,0.442272030238013,"ENSG00000284052","NS","grey80"
"LINC03053",22.5248963138652,-0.299866809217968,0.211486583046223,-1.41789992016859,0.156219985717877,0.44272870446362,"LINC03053","NS","grey80"
"FAM85B",30.2026416143725,-0.253448651708088,0.179398475855795,-1.41276925848477,0.157723579927735,0.445187523989575,"FAM85B","NS","grey80"
"ENSG00000264895",166.071596346015,-0.120283047453838,0.0850908718217319,-1.41358344178016,0.157484245824825,0.445187523989575,"ENSG00000264895","NS","grey80"
"ENSG00000225300",40.3916821176203,-0.228711011107013,0.162178679946022,-1.41024092182237,0.158468556314098,0.446390299476333,"ENSG00000225300","NS","grey80"
"ENSG00000275401",23.908541617937,0.28147411945701,0.199859702822356,1.40835854092706,0.159024929137248,0.447058033719171,"ENSG00000275401","NS","grey80"
"ENSG00000268575",125.125163153722,-0.134345575184758,0.0955815974761717,-1.40555900646304,0.159855116066403,0.447594324985928,"ENSG00000268575","NS","grey80"
"ENSG00000272148",21.6471474676077,0.298209741553973,0.212132826273063,1.4057689552022,0.15979274344389,0.447594324985928,"ENSG00000272148","NS","grey80"
"ENSG00000184441",18.1791355547357,0.324511060102015,0.231122419277717,1.40406569434565,0.160299287987612,0.447942122121073,"ENSG00000184441","NS","grey80"
"ENSG00000225339",14.2812007828889,0.396613937048549,0.283206348989564,1.40044154540887,0.161381136381056,0.448280934391821,"ENSG00000225339","NS","grey80"
"ENSG00000243107",76.9299272818185,0.171665862093813,0.122501572053902,1.4013359928008,0.161113622863994,0.448280934391821,"ENSG00000243107","NS","grey80"
"ENSG00000260398",42.1197165684082,-0.209074590393336,0.149210478555088,-1.40120581622655,0.161152535551967,0.448280934391821,"ENSG00000260398","NS","grey80"
"ENSG00000246465",60.1795986041144,-0.180402332408575,0.129399826061485,-1.39414663759174,0.163273328208839,0.451804032865051,"ENSG00000246465","NS","grey80"
"ENSG00000278932",371.474279186518,-0.0803919574102352,0.0576668714054172,-1.3940752368037,0.163294886164083,0.451804032865051,"ENSG00000278932","NS","grey80"
"ENSG00000213963",119.669788374512,0.127302152695346,0.0921036909251377,1.38216125126645,0.16692219485069,0.46002179683261,"ENSG00000213963","NS","grey80"
"MIR3936HG",102.031689133889,-0.133806230445161,0.0967609238703574,-1.38285399821562,0.166709637937529,0.46002179683261,"MIR3936HG","NS","grey80"
"LINC02933",10.9460110868545,0.436460089205367,0.317378090758127,1.37520547862263,0.169067750287839,0.464107549809755,"LINC02933","NS","grey80"
"ENSG00000272936",21.277910955094,-0.30953034866767,0.22493291311198,-1.37610074215139,0.1687904458219,0.464107549809755,"ENSG00000272936","NS","grey80"
"ENSG00000264577",31.1674677049346,-0.253028893715484,0.18430033403435,-1.37291608852063,0.169778434406046,0.464276199031116,"ENSG00000264577","NS","grey80"
"ENSG00000282393",128.127748467866,0.129517473220581,0.0943405962249174,1.37287104813074,0.169792438502808,0.464276199031116,"ENSG00000282393","NS","grey80"
"ENSG00000272735",10.8958384411194,0.441155643994605,0.324385811612501,1.35997207091657,0.173838762208765,0.472571392412177,"ENSG00000272735","NS","grey80"
"ENSG00000276248",45.103075408084,-0.193010344682997,0.141901913927074,-1.36016731093697,0.173776984441787,0.472571392412177,"ENSG00000276248","NS","grey80"
"ENSG00000279463",17.154008896373,-0.325291936966289,0.239017204488732,-1.36095616071698,0.173527543929076,0.472571392412177,"ENSG00000279463","NS","grey80"
"CHROMR",222.507569653151,0.0972574492748207,0.0720511988781445,1.34983804279657,0.177067939024622,0.478180430733682,"CHROMR","NS","grey80"
"ENSG00000225096",36.2944449816038,-0.232553249682011,0.172362050290359,-1.34921375842451,0.177268316821987,0.478180430733682,"ENSG00000225096","NS","grey80"
"GHRLOS",29.1663559090766,0.251396576041953,0.186098721175787,1.35087750444285,0.176734675401987,0.478180430733682,"GHRLOS","NS","grey80"
"ENSG00000272768",14.3696793274944,0.348284679242575,0.258071341296918,1.34956743934563,0.177154774424722,0.478180430733682,"ENSG00000272768","NS","grey80"
"LINC01801",54.2986964999473,0.188607966467861,0.140107169384236,1.34616927382648,0.178247931839657,0.479898278029846,"LINC01801","NS","grey80"
"ENSG00000260971",55.938503562001,0.181549386761941,0.134985569773013,1.34495403521448,0.178640078670895,0.480030921572463,"ENSG00000260971","NS","grey80"
"FAM88C",253.725331468181,-0.0884956990557906,0.0658510795617129,-1.34387620741823,0.178988420990116,0.48004557353671,"FAM88C","NS","grey80"
"ENSG00000248790",10.6368145496445,0.407995795067208,0.304563598387661,1.33960787575111,0.180372861982265,0.482599273933418,"ENSG00000248790","NS","grey80"
"ENSG00000273702",26.5949813678081,-0.255348793212774,0.190727076193458,-1.33881774055913,0.180630013957936,0.482599273933418,"ENSG00000273702","NS","grey80"
"LINC01060",112.339838686675,0.133495487059733,0.0998807992553744,1.33654804582023,0.181370207489101,0.483653886637604,"LINC01060","NS","grey80"
"ENSG00000248206",36.7115619391198,0.260664440285286,0.19526016931898,1.33495961411086,0.181889564767915,0.48411671231004,"ENSG00000248206","NS","grey80"
"ENSG00000224356",12.4888472859547,-0.359962880234818,0.269910712345705,-1.33363687979073,0.18232289024554,0.484349234048873,"ENSG00000224356","NS","grey80"
"ENSG00000256139",37.197252531,0.214564921380353,0.161061342422841,1.33219379742314,0.182796514219385,0.484687727096855,"ENSG00000256139","NS","grey80"
"ENSG00000266538",19.9822683066618,-0.295799967204513,0.222798298109507,-1.32765810921556,0.184291078349209,0.486806622054513,"ENSG00000266538","NS","grey80"
"ENSG00000272754",10.5009907547009,-0.409831478901278,0.308468778324906,-1.32859954620629,0.183980121857119,0.486806622054513,"ENSG00000272754","NS","grey80"
"ENSG00000224738",22.7914199777211,-0.287111208728269,0.217084323821621,-1.32257918800341,0.185975359106869,0.488969506708509,"ENSG00000224738","NS","grey80"
"LINC01670",106.876177373225,-0.134231366106285,0.101512236151274,-1.32231710378494,0.186062579659361,0.488969506708509,"LINC01670","NS","grey80"
"LINC00997",68.7808092349623,-0.158278069691806,0.119723376449577,-1.32203145605793,0.186157676482597,0.488969506708509,"LINC00997","NS","grey80"
"ENSG00000253636",60.7756016670347,-0.178183108334018,0.135070402058738,-1.31918692487886,0.187106628396005,0.49054172238653,"ENSG00000253636","NS","grey80"
"NKILA",22.7317484907019,0.273365579588363,0.207982902476653,1.31436563454561,0.18872318942133,0.493855075121237,"NKILA","NS","grey80"
"ENSG00000261673",30.5571114886205,0.226968964699133,0.17400702599435,1.3043666679672,0.192108594303888,0.500863472278831,"ENSG00000261673","NS","grey80"
"ENSG00000272008",15.4186333258745,-0.304257598599231,0.233265157001499,-1.3043422451527,0.192116917581237,0.500863472278831,"ENSG00000272008","NS","grey80"
"ENSG00000272750",85.5894700858851,-0.14725847981876,0.113052738490869,-1.30256446490815,0.192723496126914,0.501510956464088,"ENSG00000272750","NS","grey80"
"ENSG00000259280",16.7076435029669,0.3259254505048,0.25061201706187,1.30051804508775,0.193423475638535,0.502398638022168,"ENSG00000259280","NS","grey80"
"LINC03104",1504.82552222722,-0.0454380603063955,0.0350760033939423,-1.29541726279576,0.195176326091086,0.506012697273185,"LINC03104","NS","grey80"
"ENSG00000227960",33.5333860955034,-0.23167378226157,0.179112479041524,-1.29345416635019,0.195854026402083,0.506831121927757,"ENSG00000227960","NS","grey80"
"ENSG00000230333",18.2068485787611,0.294979878457973,0.228577520663493,1.29050257261403,0.196876219188784,0.508536359528226,"ENSG00000230333","NS","grey80"
"NBR2",67.871592115688,-0.171035573784408,0.1327779627785,-1.28813223373316,0.197699936441375,0.509284442818729,"NBR2","NS","grey80"
"ENSG00000261542",42.4173291676696,0.198250424350859,0.153971749577491,1.2875766164564,0.197893383495278,0.509284442818729,"ENSG00000261542","NS","grey80"
"ENSG00000275576",15.2359028901691,0.332620695660908,0.258712146017127,1.28567870036874,0.198555217745508,0.510050100630663,"ENSG00000275576","NS","grey80"
"ENSG00000254531",20.0773305359132,-0.295909435434518,0.230835569598343,-1.2819057130121,0.19987572362705,0.512501855453975,"ENSG00000254531","NS","grey80"
"ENSG00000250132",53.8242762467337,-0.176125187399449,0.137589630295142,-1.28007602768934,0.200518398662302,0.513209795479384,"ENSG00000250132","NS","grey80"
"ENSG00000272195",21.6214183508035,-0.261175071186891,0.204489699869728,-1.27720404183328,0.201530220416078,0.514526737581244,"ENSG00000272195","NS","grey80"
"ENSG00000273951",19.4246704018596,0.290961837370969,0.227931721147375,1.27653069044673,0.201767984951502,0.514526737581244,"ENSG00000273951","NS","grey80"
"FAM41C",27.413981717171,-0.239050248337953,0.188413386386206,-1.26875405682669,0.204528795879294,0.519673891526336,"FAM41C","NS","grey80"
"ENSG00000268403",38.4381359472446,0.209340584242606,0.16489939782308,1.26950484359687,0.204261064124426,0.519673891526336,"ENSG00000268403","NS","grey80"
"ENSG00000277744",11.5985677536839,-0.362546460288536,0.286529160347057,-1.26530388686932,0.205762413777557,0.52186119436337,"ENSG00000277744","NS","grey80"
"ENSG00000261020",38.3896316805792,0.196803901756478,0.155880610355415,1.26252970980648,0.206758242652644,0.523438588994036,"ENSG00000261020","NS","grey80"
"ENSG00000273387",14.6144329145417,0.329365944559164,0.261166674910016,1.26113312379018,0.207260888283682,0.523763977612193,"ENSG00000273387","NS","grey80"
"LINC01012",47.2595578612321,0.187252597525317,0.148806948670932,1.25835923119022,0.208261868988421,0.525345255105926,"LINC01012","NS","grey80"
"ENSG00000272092",10.1726422617049,0.387298171988254,0.308908879721046,1.25376186122586,0.209928575451515,0.528597132431873,"ENSG00000272092","NS","grey80"
"LINC01224",70.2680459502704,-0.151653050355961,0.121256045507902,-1.25068444810925,0.211049626637262,0.530465847921306,"LINC01224","NS","grey80"
"ENSG00000231401",14.9205358467687,-0.299434983597122,0.239835479649579,-1.24850161466778,0.21184741746497,0.530861600203009,"ENSG00000231401","NS","grey80"
"ENSG00000277806",36.1055045670392,0.220291117871228,0.176489982005742,1.24817916216945,0.211965453223916,0.530861600203009,"ENSG00000277806","NS","grey80"
"ENSG00000254539",31.4783054588238,0.218024031108402,0.17485307377286,1.24689847541155,0.212434725842482,0.531085596015714,"ENSG00000254539","NS","grey80"
"LINC02352",9.35203113222841,-0.39282400258881,0.315563470348469,-1.24483357390836,0.21319293211488,0.531085596015714,"LINC02352","NS","grey80"
"ENSG00000272076",13.1501285905215,-0.350864843491167,0.281626382678042,-1.24585218243661,0.212818667895841,0.531085596015714,"ENSG00000272076","NS","grey80"
"ENSG00000197585",16.161725987314,0.305822423571077,0.246592904161438,1.24019149947179,0.214904571775418,0.533928708455375,"ENSG00000197585","NS","grey80"
"ENSG00000259623",276.495947332975,0.103904643503895,0.0840092967908825,1.23682315497219,0.216152743770737,0.533928708455375,"ENSG00000259623","NS","grey80"
"LINC02256",15.716964913252,-0.307127382625557,0.248367349956151,-1.2365851738555,0.216241126924427,0.533928708455375,"LINC02256","NS","grey80"
"ENSG00000271155",20.8459856007029,-0.281690146846623,0.227632991008633,-1.23747504963347,0.21591077160728,0.533928708455375,"ENSG00000271155","NS","grey80"
"EBLN3P",1162.24066973016,0.0508931695980639,0.0410668192112486,1.23927712385681,0.215242887490784,0.533928708455375,"EBLN3P","NS","grey80"
"ENSG00000267260",25.3989345256923,-0.236821498566924,0.192120289998976,-1.23267302255366,0.21769778074913,0.536579037057714,"ENSG00000267260","NS","grey80"
"ENSG00000280604",88.3443497539526,0.138211617688887,0.112339559312931,1.23030229541748,0.218583925078047,0.537816335868657,"ENSG00000280604","NS","grey80"
"LINC01515",823.638252932569,-0.0601715606722546,0.0490280676606773,-1.22728803200447,0.219714352212166,0.538704191063105,"LINC01515","NS","grey80"
"ENSG00000269867",10.2578208466828,-0.361959991884873,0.294705359923351,-1.22820973456002,0.219368245353048,0.538704191063105,"ENSG00000269867","NS","grey80"
"ENSG00000258559",39.1485124048815,0.188957919606553,0.1541487869892,1.22581515753213,0.220268241862296,0.539118074488138,"ENSG00000258559","NS","grey80"
"ENSG00000253553",29.5317376974973,-0.218808527099905,0.178793238997379,-1.22380761334668,0.221024811606438,0.540025717712066,"ENSG00000253553","NS","grey80"
"ENSG00000269938",48.1893907958196,0.187739546084275,0.153593582160086,1.22231374152469,0.221589004695807,0.540460987062943,"ENSG00000269938","NS","grey80"
"LINC02977",149.656917025185,0.106599950725621,0.0873535487662589,1.22032764817445,0.222340692779796,0.540635419468175,"LINC02977","NS","grey80"
"ENSG00000260267",208.658758084216,-0.0993702969893445,0.081445424570229,-1.2200844616343,0.222432858295478,0.540635419468175,"ENSG00000260267","NS","grey80"
"LINC00623",21.6683972082061,0.246685539409614,0.203380891372838,1.21292387767831,0.225158925567591,0.540758977967376,"LINC00623","NS","grey80"
"ENSG00000250874",28.6199816547625,-0.218004426608768,0.179497177595687,-1.21452843732071,0.224545997406191,0.540758977967376,"ENSG00000250874","NS","grey80"
"ENSG00000255389",117.275215653542,0.112913093850868,0.0930672544536566,1.21324191321335,0.225037343837088,0.540758977967376,"ENSG00000255389","NS","grey80"
"ENSG00000270127",37.3582468077043,0.200707230321823,0.165373491631684,1.21366023261354,0.224877496030511,0.540758977967376,"ENSG00000270127","NS","grey80"
"ENSG00000274895",131.20227379364,-0.10894719224805,0.0898274856270432,-1.21284917959732,0.225187488682129,0.540758977967376,"ENSG00000274895","NS","grey80"
"ENSG00000276071",22.5635131188905,-0.250463549003455,0.206329692708438,-1.21389968508984,0.224786033194811,0.540758977967376,"ENSG00000276071","NS","grey80"
"FAM247B",33.9726351181339,0.224354584614,0.184599620961529,1.21535777508859,0.224229665247182,0.540758977967376,"FAM247B","NS","grey80"
"ENSG00000224945",36.1535839176172,0.195740506950678,0.161619794697801,1.21111716121578,0.225850505134725,0.540876929942297,"ENSG00000224945","NS","grey80"
"ENSG00000273108",13.2286143626322,0.357219411739849,0.295051255110009,1.21070290518392,0.226009288583031,0.540876929942297,"ENSG00000273108","NS","grey80"
"ENSG00000268119",59.4712649868232,0.15851347840281,0.131469952163922,1.20570119478836,0.227932724184624,0.544549170406952,"ENSG00000268119","NS","grey80"
"ENSG00000204584",17.6241868427407,0.276295477561119,0.230178747414326,1.20035181642457,0.230002733597452,0.544845731026113,"ENSG00000204584","NS","grey80"
"ENSG00000251867",34.2438981214453,-0.206463195938655,0.171980800579824,-1.20050142366227,0.229944660062156,0.544845731026113,"ENSG00000251867","NS","grey80"
"ENSG00000253347",17.9775348131203,0.290275532212928,0.241412123870937,1.20240660476569,0.229206031486404,0.544845731026113,"ENSG00000253347","NS","grey80"
"ENSG00000259985",34.2526777428094,-0.19865537193506,0.165188081758465,-1.20260111879942,0.229130714537649,0.544845731026113,"ENSG00000259985","NS","grey80"
"ENSG00000274943",26.2125696642753,0.228215218910427,0.190048736326155,1.20082471118762,0.229819204093813,0.544845731026113,"ENSG00000274943","NS","grey80"
"ENSG00000274421",32.1084814651536,0.207867557914408,0.173681135086792,1.19683440467229,0.231371105405268,0.547161397917863,"ENSG00000274421","NS","grey80"
"DANCR",543.163636614432,-0.0635127959325051,0.0531845505974834,-1.19419634497223,0.232401172510626,0.548670559047009,"DANCR","NS","grey80"
"ENSG00000272871",48.3202581088875,0.167171048898323,0.140191292129161,1.19244959055164,0.233085005401884,0.549358598590299,"ENSG00000272871","NS","grey80"
"ENSG00000244701",31.3476600293845,-0.208941779887268,0.175602810613931,-1.18985441723159,0.234103616999346,0.550832039998461,"ENSG00000244701","NS","grey80"
"ENSG00000269921",11.0514574309706,0.360428274007068,0.303197721423086,1.18875653918296,0.234535484770888,0.55092227966316,"ENSG00000269921","NS","grey80"
"ENSG00000232821",10.0496256638809,-0.358946262688298,0.303196406504118,-1.18387373658871,0.236463047954384,0.552668225602901,"ENSG00000232821","NS","grey80"
"ENSG00000247934",53.5008240771682,-0.156546886116469,0.132122916053268,-1.18485793980928,0.236073619623715,0.552668225602901,"ENSG00000247934","NS","grey80"
"LINC02895",11.6846630806288,-0.347743099180006,0.293652705691859,-1.18419851899783,0.236334488262997,0.552668225602901,"LINC02895","NS","grey80"
"ENSG00000266896",16.2809202776655,0.294135924810688,0.249237633337968,1.18014250445011,0.237943541916707,0.55520159780565,"ENSG00000266896","NS","grey80"
"ENSG00000276997",179.290891472857,-0.0887495051100458,0.0752729539450059,-1.17903576860934,0.238383933229893,0.555303671417388,"ENSG00000276997","NS","grey80"
"ENSG00000239415",17.0760075062767,-0.270716209271569,0.230027625926436,-1.17688563789354,0.239241155231531,0.556374779608211,"ENSG00000239415","NS","grey80"
"ENSG00000229591",18.3980726175396,0.258803642995516,0.220628109873593,1.17303113888704,0.240783318753449,0.558210574696616,"ENSG00000229591","NS","grey80"
"ENSG00000272072",32.88539435476,0.22093286190584,0.188361448342838,1.17291974472249,0.240827990797683,0.558210574696616,"ENSG00000272072","NS","grey80"
"LINC02960",13.5025746474635,0.293859355860318,0.251098701853409,1.17029420578953,0.241882592840242,0.559243217198625,"LINC02960","NS","grey80"
"ENSG00000284830",24.0412565860598,-0.229270324380843,0.195987281183518,-1.16982246499027,0.242072421158833,0.559243217198625,"ENSG00000284830","NS","grey80"
"ENSG00000254048",41.86951926948,0.17931195174359,0.15407249428366,1.16381546607185,0.244498803058149,0.563918161913357,"ENSG00000254048","NS","grey80"
"LINC00562",16.6291484009974,0.291265705963776,0.250681531389111,1.16189535124416,0.245277975683568,0.564784812429268,"LINC00562","NS","grey80"
"LINC01547",28.218460383275,-0.226304267536443,0.195671440044753,-1.15655236903599,0.247455291933468,0.56793017820796,"LINC01547","NS","grey80"
"ENSG00000226465",16.7805795613058,0.291964050493298,0.252361429980057,1.15692818239448,0.247301703387141,0.56793017820796,"ENSG00000226465","NS","grey80"
"ENSG00000230751",9.47214028070952,-0.359336769675563,0.311947662269486,-1.15191364814633,0.249356559271986,0.571357091621571,"ENSG00000230751","NS","grey80"
"ENSG00000277450",12.4706773621954,0.321337545851927,0.279733123259911,1.14872898177796,0.250667751410459,0.573422960742881,"ENSG00000277450","NS","grey80"
"ENSG00000263786",73.0152329064346,0.14390921961305,0.125592123585336,1.14584589785416,0.251858920258417,0.575207974489043,"ENSG00000263786","NS","grey80"
"SNHG30",27.0631544147026,-0.219147842652605,0.191619849109181,-1.14365940517852,0.252764914919931,0.576336939556846,"SNHG30","NS","grey80"
"SNHG32",102.713985477399,-0.118857490563192,0.104999342473394,-1.13198318925958,0.257641502038251,0.581300464019279,"SNHG32","NS","grey80"
"ENSG00000215022",28.9468703117046,0.206048708552387,0.181361510695411,1.13612148334184,0.255905725047833,0.581300464019279,"ENSG00000215022","NS","grey80"
"LINC02593",10.651587427581,0.342992742115762,0.303927351388183,1.12853529157263,0.259093921105736,0.581300464019279,"LINC02593","NS","grey80"
"LINC02886",12.6988246878737,-0.308663969140846,0.272503253609611,-1.13269828911121,0.257340976401454,0.581300464019279,"LINC02886","NS","grey80"
"ENSG00000254238",25.2079709106024,-0.225706531318435,0.199801865004045,-1.12965177434087,0.258622985580299,0.581300464019279,"ENSG00000254238","NS","grey80"
"ENSG00000262663",21.3719314987716,0.231983924500716,0.205145262535561,1.13082759812941,0.258127661593762,0.581300464019279,"ENSG00000262663","NS","grey80"
"ENSG00000267868",13.8309701132627,-0.302961080509211,0.267523761942281,-1.13246419050647,0.257439331160251,0.581300464019279,"ENSG00000267868","NS","grey80"
"ENSG00000272506",14.435956510533,-0.281089431655884,0.24896746319033,-1.12902074855057,0.258889081059844,0.581300464019279,"ENSG00000272506","NS","grey80"
"ENSG00000277938",26.8477740030729,0.215679362017372,0.190048372708003,1.13486560786684,0.256431631878123,0.581300464019279,"ENSG00000277938","NS","grey80"
"ENSG00000283674",25.9406273071188,0.216317932079931,0.191003932555588,1.13253130019705,0.25741113286485,0.581300464019279,"ENSG00000283674","NS","grey80"
"ENSG00000272438",11.6666172183953,-0.320661248426949,0.284678629415585,-1.1263973312125,0.259997375930139,0.581463780035456,"ENSG00000272438","NS","grey80"
"ENSG00000277969",18.0833364986854,-0.262294705635214,0.23279135434731,-1.12673731535531,0.259853560511921,0.581463780035456,"ENSG00000277969","NS","grey80"
"LINC01588",22.4415320267629,0.233610148537013,0.207591744254354,1.12533448464492,0.260447321971506,0.581541069792836,"LINC01588","NS","grey80"
"ENSG00000260412",222.127369115863,0.0812166980647113,0.0723777685503759,1.12212216114653,0.261810502502392,0.58237021384579,"ENSG00000260412","NS","grey80"
"ENSG00000267058",37.4996578327899,0.18156497002677,0.161800003198307,1.12215677650042,0.261795786912166,0.58237021384579,"ENSG00000267058","NS","grey80"
"ENSG00000270175",12.034828951409,0.331722165402791,0.295779098444942,1.1215199692839,0.262066596230605,0.58237021384579,"ENSG00000270175","NS","grey80"
"ENSG00000257027",154.466829915567,-0.0940244981448651,0.0839383650986421,-1.12016118058018,0.262645083067599,0.582730770672962,"ENSG00000257027","NS","grey80"
"FTX",5167.49616562817,0.0418852909308494,0.0375041148711224,1.11681854310607,0.264071918684495,0.584969440123881,"FTX","NS","grey80"
"MIR497HG",16.9602870733077,-0.269067375016397,0.241364508338497,-1.11477605746015,0.264946398909502,0.585192253959501,"MIR497HG","NS","grey80"
"ENSG00000269940",34.401851316597,0.191003689305731,0.171360435919727,1.1146312057423,0.265008492150231,0.585192253959501,"ENSG00000269940","NS","grey80"
"LINC03105",1035.32423637175,-0.0433682380370632,0.0390178754600917,-1.11149665443525,0.266354629311661,0.587238552813111,"LINC03105","NS","grey80"
"ENSG00000260855",130.124875269429,0.103381359742562,0.093285267230494,1.108228156619,0.267763293634809,0.589416055170963,"ENSG00000260855","NS","grey80"
"LINC00324",22.7841422237145,-0.238868723698071,0.215757491924408,-1.10711670573998,0.268243473662203,0.589546095960885,"LINC00324","NS","grey80"
"ENSG00000238004",14.2806493650187,0.29144809242385,0.263790570333329,1.10484651538367,0.269226101055964,0.589947372822589,"ENSG00000238004","NS","grey80"
"VESTAR",34.6395047115075,-0.183216104953506,0.165844264602554,-1.10474791149747,0.269268836595453,0.589947372822589,"VESTAR","NS","grey80"
"LINC02228",17.6308309915216,0.257671296266559,0.234078510912432,1.100790052287,0.270988042241342,0.59186155871744,"LINC02228","NS","grey80"
"ENSG00000261537",9.86751108359486,0.353158323060921,0.320768203604666,1.10097671493704,0.270906791535157,0.59186155871744,"ENSG00000261537","NS","grey80"
"ENSG00000258768",38.4915053973117,0.181475484981864,0.165395782407033,1.09721954417955,0.272545431546702,0.592404287668069,"ENSG00000258768","NS","grey80"
"ENSG00000259932",19.5962583488605,-0.270731686365043,0.246319347085458,-1.0991084929724,0.271720745857307,0.592404287668069,"ENSG00000259932","NS","grey80"
"ENSG00000272156",9.64775119217994,0.356999180728214,0.325627557557443,1.09634203998609,0.272929118247075,0.592404287668069,"ENSG00000272156","NS","grey80"
"ENSG00000272368",10.4854653003005,-0.338240138844322,0.308173013520186,-1.09756573095316,0.272394163745266,0.592404287668069,"ENSG00000272368","NS","grey80"
"ENSG00000260585",48.0529533859586,-0.153104875241946,0.140050218338167,-1.09321411318516,0.274299801898454,0.593538984015202,"ENSG00000260585","NS","grey80"
"ENSG00000269514",32.6624905861005,-0.192746637642081,0.176219604108018,-1.09378657736589,0.274048592382833,0.593538984015202,"ENSG00000269514","NS","grey80"
"ENSG00000263731",179.8621663134,0.095012610759191,0.0872558619979803,1.08889659197213,0.276199489302289,0.596727291702476,"ENSG00000263731","NS","grey80"
"ENSG00000285184",120.437084167002,-0.0972490405634202,0.0893994827930425,-1.08780316759269,0.276682010864958,0.596848713730263,"ENSG00000285184","NS","grey80"
"BMS1P4",30.2825313458164,0.193441635554628,0.178185863172976,1.08561718707641,0.277648392607111,0.598011922538394,"BMS1P4","NS","grey80"
"ENSG00000229587",16.0815660739595,-0.289427054520372,0.267908523773306,-1.08032044088778,0.279999510299112,0.602149484514219,"ENSG00000229587","NS","grey80"
"ENSG00000269983",168.698391169962,0.0932890771348605,0.0865458714586614,1.0779148162997,0.281071772724692,0.603528346341363,"ENSG00000269983","NS","grey80"
"ENSG00000227374",17.4376259325149,-0.241545236601375,0.224449248984923,-1.07616861136211,0.281851854961561,0.603807870698698,"ENSG00000227374","NS","grey80"
"ENSG00000267655",10.6293555257567,0.339233757225474,0.315362957050899,1.07569310104713,0.282064533883535,0.603807870698698,"ENSG00000267655","NS","grey80"
"EPIC1",99.9314759928371,0.10535511167781,0.0982252035265367,1.07258735940768,0.283456298753252,0.604937222949013,"EPIC1","NS","grey80"
"SNHG20",142.871997471421,-0.094106419212565,0.0877299195579727,-1.07268329535374,0.283413237822156,0.604937222949013,"SNHG20","NS","grey80"
"LINC01341",74.7715429553351,0.119981482299835,0.112021246317414,1.07106005551719,0.284142427253787,0.605273300116959,"LINC01341","NS","grey80"
"ENSG00000230074",24.3247664100357,0.211958866978305,0.198034471914324,1.07031298606439,0.284478451054971,0.605273300116959,"ENSG00000230074","NS","grey80"
"ENSG00000270062",16.8538883761195,-0.247841957076886,0.23214555551048,-1.06761448235306,0.285694448152359,0.606938129610475,"ENSG00000270062","NS","grey80"
"ARIH2OS",13.4717846761138,-0.295547635413823,0.277169153223748,-1.06630781952579,0.286284515874852,0.60727018518908,"ARIH2OS","NS","grey80"
"DGCR11",27.3637009372924,-0.211685420312171,0.199168896873757,-1.06284376544169,0.287852808470384,0.609673119301873,"DGCR11","NS","grey80"
"ENSG00000271011",32.2208231170004,-0.184451612887686,0.17376546894058,-1.06149751163023,0.288463863172494,0.61004442362763,"ENSG00000271011","NS","grey80"
"ENSG00000258634",270.713384267965,0.0726934783526422,0.0687329418229058,1.05762210120354,0.290227762360321,0.612848970293286,"ENSG00000258634","NS","grey80"
"LINC00222",11.6575317347332,0.295084099338651,0.280553233615147,1.05179361341255,0.292894249843636,0.613879201200406,"LINC00222","NS","grey80"
"ENSG00000227885",20.6087966969217,-0.225699823628179,0.214180004467458,-1.05378568923539,0.291981046896969,0.613879201200406,"ENSG00000227885","NS","grey80"
"ENSG00000233178",49.263670737582,0.143340847136237,0.136176285703861,1.05261240160388,0.292518670970442,0.613879201200406,"ENSG00000233178","NS","grey80"
"ENSG00000267397",27.4409707959433,0.224857924192481,0.213791339426881,1.0517634848786,0.292908076001337,0.613879201200406,"ENSG00000267397","NS","grey80"
"ENSG00000278396",11.3019583662862,-0.290297294225063,0.275656576230805,-1.05311216657498,0.292289587351766,0.613879201200406,"ENSG00000278396","NS","grey80"
"ENSG00000285454",10.5394029236442,0.311014367237644,0.296094749802026,1.05038798373019,0.29353976802514,0.614283520530935,"ENSG00000285454","NS","grey80"
"LINC00342",165.75965216108,0.0872233180668558,0.0834256263277197,1.04552188465709,0.295781831366969,0.615449664935032,"LINC00342","NS","grey80"
"LINC02966",17.6161913357566,0.251190981932738,0.240675409494276,1.04369192706708,0.29662794607314,0.615449664935032,"LINC02966","NS","grey80"
"MIR600HG",188.976543584117,0.0836556402419305,0.0799403322699521,1.04647601362767,0.295341313677747,0.615449664935032,"MIR600HG","NS","grey80"
"ENSG00000254468",62.9745874502414,-0.134376701546307,0.128609422956911,-1.04484335950507,0.296095371334787,0.615449664935032,"ENSG00000254468","NS","grey80"
"ENSG00000269997",45.4461199720299,-0.157233215113044,0.150684269276662,-1.04346137700915,0.29673465987939,0.615449664935032,"ENSG00000269997","NS","grey80"
"ENSG00000273568",17.62978745786,0.240273295032954,0.229783321314128,1.0456515888918,0.295721921598216,0.615449664935032,"ENSG00000273568","NS","grey80"
"ENSG00000276704",15.0467628861164,-0.260807186040733,0.250932124393834,-1.03935351709453,0.298640353718476,0.618485939653649,"ENSG00000276704","NS","grey80"
"LINC00115",34.3813879235174,-0.184866284113356,0.178914177264212,-1.03326794410682,0.301478524297336,0.623441556892571,"LINC00115","NS","grey80"
"FAM157C",305.87541390209,-0.077934237504092,0.0755828657715606,-1.0311098515322,0.302489308496013,0.624609191584687,"FAM157C","NS","grey80"
"ENSG00000250043",15.7924600864389,0.250494757208309,0.243263297982694,1.02972688147198,0.303138232965606,0.624730413101838,"ENSG00000250043","NS","grey80"
"LINC01572",469.35055171872,0.0650500662939956,0.0635624625227659,1.02340380961006,0.306116958919592,0.624730413101838,"LINC01572","NS","grey80"
"ENSG00000261553",20.684566913536,-0.219655130655406,0.213682417458979,-1.02795135541544,0.303972710412716,0.624730413101838,"ENSG00000261553","NS","grey80"
"ENSG00000267143",47.0131093781423,0.149521108535782,0.146102055512532,1.0234018132822,0.306117902419901,0.624730413101838,"ENSG00000267143","NS","grey80"
"ENSG00000267886",53.7988547414492,0.132086947103946,0.128839722122032,1.02520360125302,0.305267129372292,0.624730413101838,"ENSG00000267886","NS","grey80"
"ENSG00000271978",15.1311183806629,0.252079499568385,0.245662350807386,1.02612182428406,0.30483416434199,0.624730413101838,"ENSG00000271978","NS","grey80"
"ENSG00000275297",34.4615005499161,-0.172480823009766,0.168440285854905,-1.02398794999874,0.305840966509304,0.624730413101838,"ENSG00000275297","NS","grey80"
"LINC01176",41.6539984889146,0.169753177524828,0.165442126692055,1.02605775759155,0.304864360150661,0.624730413101838,"LINC01176","NS","grey80"
"ENSG00000259366",143.395662143886,0.0947653838841509,0.0927740579059693,1.02146425437378,0.307034536328457,0.625689011440815,"ENSG00000259366","NS","grey80"
"LINC01068",10.3997948876511,-0.314406785304755,0.308371827921296,-1.01957039144639,0.307932253216787,0.626606329220206,"LINC01068","NS","grey80"
"LINC01117",15.4691227580497,-0.238643849785831,0.234370149434921,-1.01823483221397,0.308566369765172,0.626985366721685,"LINC01117","NS","grey80"
"ENSG00000258337",14.3864882819535,0.271606187392286,0.268072013327489,1.01318367412147,0.310972437043224,0.630958567913787,"ENSG00000258337","NS","grey80"
"LINC00957",22.1446983563652,-0.20981936654558,0.207572988301695,-1.01082211256033,0.31210157763326,0.632110564465239,"LINC00957","NS","grey80"
"ENSG00000271553",44.8474889838071,0.151299524388567,0.149785391110349,1.01010868461199,0.312443221864246,0.632110564465239,"ENSG00000271553","NS","grey80"
"ENSG00000226310",24.5752208144392,-0.198522646977571,0.197181055082043,-1.00680385798204,0.314029040311486,0.633268186078957,"ENSG00000226310","NS","grey80"
"ENSG00000250950",58.6600659626433,0.141313053332243,0.140852121600033,1.00327245146877,0.315729424202223,0.633268186078957,"ENSG00000250950","NS","grey80"
"ENSG00000261351",16.1443920968478,0.246722924509043,0.245518793312657,1.00490443595025,0.314942868240007,0.633268186078957,"ENSG00000261351","NS","grey80"
"ENSG00000269984",20.7103120297827,-0.214007988988138,0.213130844701325,-1.00411552015403,0.3153229354451,0.633268186078957,"ENSG00000269984","NS","grey80"
"ENSG00000274383",23.1222902837156,-0.209246593738596,0.208024567964738,-1.00587443005321,0.314475977773141,0.633268186078957,"ENSG00000274383","NS","grey80"
"ENSG00000285887",15.6271883573339,-0.249504336021198,0.247785495898069,-1.00693680684133,0.313965142874431,0.633268186078957,"ENSG00000285887","NS","grey80"
"LINC01977",16.6874194084611,0.237061162752152,0.236688563919651,1.00157421561199,0.316549279319213,0.63400427903705,"LINC01977","NS","grey80"
"ENSG00000276337",47.3775568398717,0.158396386468835,0.158323641859179,1.00045946776364,0.317088203450182,0.634176406900363,"ENSG00000276337","NS","grey80"
"FAM66E",29.930444057793,0.176996493369245,0.17741276844962,0.997653635169483,0.318447343210126,0.634317292835995,"FAM66E","NS","grey80"
"LINC03047",9.9615381721006,-0.310648159328563,0.311191318298392,-0.998254581866874,0.318155925203114,0.634317292835995,"LINC03047","NS","grey80"
"ENSG00000274565",12.4659296579579,0.305829831852472,0.306593803672169,0.997508195499887,0.318517897759789,0.634317292835995,"ENSG00000274565","NS","grey80"
"ENSG00000214719",12.2919444497518,-0.283789092724358,0.284988968747847,-0.995789745726789,0.319352313635417,0.635075623706796,"ENSG00000214719","NS","grey80"
"ENSG00000231754",28.7717608175139,-0.173803921380216,0.175377839904359,-0.991025556449995,0.321673101293042,0.635620423599522,"ENSG00000231754","NS","grey80"
"LINC02503",9.09903642098444,0.302862667913741,0.305669077212388,0.990818798799536,0.321774068179165,0.635620423599522,"LINC02503","NS","grey80"
"ENSG00000259017",81.9827972877377,-0.110621867129597,0.111488043896677,-0.992230765409401,0.321084967957829,0.635620423599522,"ENSG00000259017","NS","grey80"
"ENSG00000261646",20.6757157545933,-0.214028177738156,0.216066012163299,-0.990568463754483,0.321896343094329,0.635620423599522,"ENSG00000261646","NS","grey80"
"ENSG00000262766",21.1025058458228,0.210381204621288,0.211767364620805,0.993454326628658,0.320488597883962,0.635620423599522,"ENSG00000262766","NS","grey80"
"ENSG00000225806",16.0567773913385,-0.231967642152549,0.234526202892331,-0.989090512240304,0.322618859216245,0.6361498632433,"ENSG00000225806","NS","grey80"
"ENSG00000282381",23.8783524656252,0.201465040574724,0.204555308184524,0.984892752785407,0.324676753580721,0.639307250369915,"ENSG00000282381","NS","grey80"
"FAM66C",151.076856352078,-0.083433811636056,0.0852618774506082,-0.97855939994271,0.327797728144529,0.643642102948584,"FAM66C","NS","grey80"
"ENSG00000260160",14.6090093497887,0.256072505078418,0.261636075821355,0.97873546021713,0.327710706258044,0.643642102948584,"ENSG00000260160","NS","grey80"
"ENSG00000233251",14.3824646727828,-0.25117710722986,0.257826547267696,-0.974209637803777,0.329952460263556,0.645233836886111,"ENSG00000233251","NS","grey80"
"ENSG00000251213",10.2860946171171,0.275371519848546,0.28268399909192,0.974131966199487,0.32999101943604,0.645233836886111,"ENSG00000251213","NS","grey80"
"ENSG00000259049",15.9091291850897,-0.247189569984486,0.253484236458909,-0.975167424363906,0.329477217984618,0.645233836886111,"ENSG00000259049","NS","grey80"
"ENSG00000277130",24.099824573455,-0.202298053510814,0.209029522075441,-0.967796565299529,0.333145979519491,0.650494241739592,"ENSG00000277130","NS","grey80"
"ENSG00000268858",56.8145652709862,-0.127336281159579,0.131913511539798,-0.965301277126272,0.334393932314322,0.651114749986161,"ENSG00000268858","NS","grey80"
"ENSG00000285728",19.2568093460055,0.217128213056844,0.224923726570627,0.965341524290746,0.334373779871809,0.651114749986161,"ENSG00000285728","NS","grey80"
"ENSG00000275056",21.236813178622,0.203151592355314,0.210671379237555,0.964305607579653,0.334892730324879,0.651180308965043,"ENSG00000275056","NS","grey80"
"RBFADN",51.0229736402684,0.130359733637944,0.136024786193528,0.958352792060091,0.337884891491032,0.656087167943752,"RBFADN","NS","grey80"
"LINC01311",18.3776651883024,0.216605646361682,0.226365964994336,0.956882570076743,0.338626529678139,0.656594121687842,"LINC01311","NS","grey80"
"ENSG00000275632",23.9883086679136,-0.189888366015467,0.198632821808885,-0.955976783122824,0.33908396427165,0.656594121687842,"ENSG00000275632","NS","grey80"
"LINC01088",25.5370557286297,0.19204935405793,0.201441969835206,0.953373094072898,0.340401068826004,0.65823411098951,"LINC01088","NS","grey80"
"LINC01473",73.1153457484605,-0.112066084505893,0.118408982017098,-0.946432294213213,0.343928140274164,0.658650738979995,"LINC01473","NS","grey80"
"DNAH10OS",191.044432305365,-0.0750748100450651,0.0788666868858137,-0.95192042432011,0.341137340421742,0.658650738979995,"DNAH10OS","NS","grey80"
"ENSG00000251023",48.1737822216493,-0.134973091241077,0.142866063877166,-0.944752641586912,0.3447851749316,0.658650738979995,"ENSG00000251023","NS","grey80"
"LINC02615",37.9553781266999,0.153911229227982,0.162617881399356,0.946459441628118,0.343914299614904,0.658650738979995,"LINC02615","NS","grey80"
"ENSG00000267651",24.1014196409895,0.192145914108278,0.202975023681949,0.946648068431124,0.343818141187438,0.658650738979995,"ENSG00000267651","NS","grey80"
"ENSG00000270137",15.6756823105226,0.243043186531687,0.256188565965794,0.948688656792505,0.342778984875252,0.658650738979995,"ENSG00000270137","NS","grey80"
"ENSG00000272661",10.6988688733064,-0.304811291649046,0.322166547390944,-0.946129553541644,0.344082511679702,0.658650738979995,"ENSG00000272661","NS","grey80"
"ENSG00000273073",28.1586641701165,0.171672739503105,0.18142162759948,0.946263914477181,0.344013993833133,0.658650738979995,"ENSG00000273073","NS","grey80"
"ENSG00000273759",22.0920259475196,-0.191715786659901,0.202954532699234,-0.944624316146769,0.344850708337383,0.658650738979995,"ENSG00000273759","NS","grey80"
"XIST",31270.568342912,0.0279535965939366,0.0296516368216427,0.942733676460427,0.345817143407718,0.658741149042763,"XIST","NS","grey80"
"ENSG00000238035",499.340244015462,-0.0697245226378392,0.0739633036916644,-0.942690755519849,0.345839103247451,0.658741149042763,"ENSG00000238035","NS","grey80"
"LINC03085",16.4020679371517,0.216846780417029,0.230792336147975,0.939575308419232,0.347435446557829,0.660769762618206,"LINC03085","NS","grey80"
"ENSG00000277589",12.4363730733464,0.262382063849953,0.279495135975875,0.938771484998584,0.347848082178299,0.660769762618206,"ENSG00000277589","NS","grey80"
"ENSG00000273295",152.006055494224,0.0812094334491554,0.0867567741887739,0.936058702141829,0.349242964526858,0.662520528912739,"ENSG00000273295","NS","grey80"
"ENSG00000223356",17.078339200151,-0.219873236309849,0.235296990294219,-0.934449845851897,0.350071895744935,0.663038858733105,"ENSG00000223356","NS","grey80"
"ENSG00000235279",11.6035363904895,-0.281516218145739,0.301509031913057,-0.933690829623031,0.350463396758927,0.663038858733105,"ENSG00000235279","NS","grey80"
"ENSG00000230896",16.5479124979841,-0.219855713119377,0.237393882477635,-0.926122066941172,0.354382547282148,0.668578403161616,"ENSG00000230896","NS","grey80"
"ENSG00000237481",10.4761618936811,0.286087772660211,0.308793344337768,0.926470009493723,0.354201775772041,0.668578403161616,"ENSG00000237481","NS","grey80"
"LINC02605",35.0121127567838,-0.152849612291837,0.16519413479154,-0.925272634435349,0.354824109677915,0.668578403161616,"LINC02605","NS","grey80"
"ENSG00000275850",10.3799199327519,-0.292827946557766,0.318120334925722,-0.920494273420587,0.357314524209772,0.672366040179678,"ENSG00000275850","NS","grey80"
"ENSG00000274292",14.7795127045187,-0.231371448926668,0.252202940863275,-0.917401867459188,0.358932094533935,0.67359910502347,"ENSG00000274292","NS","grey80"
"ENSG00000277067",989.217720514731,-0.0364191510534599,0.0396895359430195,-0.917600828232037,0.358827884130081,0.67359910502347,"ENSG00000277067","NS","grey80"
"ENSG00000251417",12.9742318682131,-0.253153349336141,0.276238341233878,-0.916430891545966,0.359440939039294,0.673651023634553,"ENSG00000251417","NS","grey80"
"LINC00504",32.028498942094,-0.151839539446112,0.166064907434397,-0.914338506502919,0.360539003038484,0.674805620660264,"LINC00504","NS","grey80"
"LINC02623",14.6472639974886,-0.235500231304499,0.258835636951141,-0.909844695570082,0.362904419413265,0.678326017594887,"LINC02623","NS","grey80"
"ENSG00000272518",29.1911040489415,-0.164783254078023,0.181510199552891,-0.907845699491979,0.363959749836671,0.679391533028453,"ENSG00000272518","NS","grey80"
"ENSG00000276931",11.9175332427983,-0.252669656135976,0.279068521208332,-0.905403644387939,0.36525158575073,0.680895099934784,"ENSG00000276931","NS","grey80"
"LINC01719",118.912097499663,0.08409339805224,0.0938801910069533,0.895752311006819,0.370385065007667,0.685898268532716,"LINC01719","NS","grey80"
"ENSG00000234160",21.7476888307764,-0.183944745920036,0.205275820989476,-0.896085788542362,0.37020694657556,0.685898268532716,"ENSG00000234160","NS","grey80"
"ENSG00000259539",33.2728026035974,-0.146923872500032,0.16387325141858,-0.896570192073299,0.369948309710293,0.685898268532716,"ENSG00000259539","NS","grey80"
"ENSG00000272807",55.6190161547102,0.126870982132496,0.141233687944241,0.898305382937993,0.369022763531775,0.685898268532716,"ENSG00000272807","NS","grey80"
"ENSG00000278492",11.2035001333978,-0.292855488452141,0.326037108887431,-0.898227473098021,0.369064289526905,0.685898268532716,"ENSG00000278492","NS","grey80"
"LINC02600",17.8725363239738,-0.21711428362633,0.244376943317252,-0.88844013137717,0.374304046351812,0.691326734686725,"LINC02600","NS","grey80"
"ENSG00000281195",237.042611665728,0.0609513383462263,0.0685571874397737,0.889058326667367,0.373971733962208,0.691326734686725,"ENSG00000281195","NS","grey80"
"MIR29B2CHG",161.191843849705,-0.0680107263467411,0.0768203806171697,-0.8853213925829,0.375983315227015,0.692747797850219,"MIR29B2CHG","NS","grey80"
"ENSG00000228010",18.2650870301707,-0.199820960493357,0.225742153473948,-0.885173448637352,0.376063090261548,0.692747797850219,"ENSG00000228010","NS","grey80"
"ENSG00000283667",9.81847360813168,0.272247205746383,0.308623888216101,0.882132641513976,0.377705082349005,0.694858232967946,"ENSG00000283667","NS","grey80"
"LINC02985",16.9151300129337,0.204240130070126,0.232864678025212,0.877076471202786,0.380445103554945,0.695770964427037,"LINC02985","NS","grey80"
"NBAT1",35.7384040671411,-0.144356185384121,0.165533080822993,-0.872068499338104,0.383171009695175,0.695770964427037,"NBAT1","NS","grey80"
"ENSG00000265100",10.4020139976229,-0.25087366904208,0.287270954227461,-0.873299807551858,0.382499685422484,0.695770964427037,"ENSG00000265100","NS","grey80"
"ENSG00000267940",13.8035210468234,-0.230088453805829,0.263543827555617,-0.873055749170495,0.382632691709116,0.695770964427037,"ENSG00000267940","NS","grey80"
"ENSG00000268584",15.1353973413977,-0.221964971166568,0.253241032251279,-0.876496866220014,0.38075997927461,0.695770964427037,"ENSG00000268584","NS","grey80"
"ENSG00000269397",28.9781332902155,-0.15818024794697,0.18015558512042,-0.878020228133579,0.379932741389051,0.695770964427037,"ENSG00000269397","NS","grey80"
"ENSG00000272572",11.8663534512149,-0.234123018358652,0.267457935929625,-0.875363886829124,0.381375942765445,0.695770964427037,"ENSG00000272572","NS","grey80"
"LINC02018",21.9625472647094,-0.187671066004636,0.214733158835368,-0.873973386422913,0.382132747279428,0.695770964427037,"LINC02018","NS","grey80"
"ENSG00000275496",984.826129125558,-0.0349856760076314,0.039918340874051,-0.87643111516125,0.380795709245511,0.695770964427037,"ENSG00000275496","NS","grey80"
"GLIDR",348.690351884492,-0.0512848324582127,0.0587563571442838,-0.872838871413969,0.382750908955691,0.695770964427037,"GLIDR","NS","grey80"
"ENSG00000224090",50.7839343970456,-0.122885447012916,0.141279622028194,-0.869803056157611,0.384408041043997,0.696333800282021,"ENSG00000224090","NS","grey80"
"LINC01122",17.5878756008338,0.208772596428612,0.240057015035112,0.869679215156767,0.384475734012859,0.696333800282021,"LINC01122","NS","grey80"
"ENSG00000266965",59.6520044477196,0.119031984623315,0.137375602559183,0.866471064773193,0.386231887474159,0.698610649178065,"ENSG00000266965","NS","grey80"
"LINC00467",133.879096243679,0.0805651110669956,0.0936506257478786,0.860273067303243,0.3896385355156,0.703584821624784,"LINC00467","NS","grey80"
"FAM66B",36.7369748958772,0.136902074279983,0.159967532797988,0.855811625555711,0.392101983701448,0.703584821624784,"FAM66B","NS","grey80"
"ENSG00000249664",12.777861777651,0.235697523466973,0.274648704933117,0.858178171728031,0.390794087310329,0.703584821624784,"ENSG00000249664","NS","grey80"
"ENSG00000269967",9.33181551023898,0.267772463739749,0.31291808320429,0.855727035643807,0.392148782292117,0.703584821624784,"ENSG00000269967","NS","grey80"
"ENSG00000270100",24.0164803939098,0.17530638243126,0.204484652857265,0.857308262413355,0.391274543427119,0.703584821624784,"ENSG00000270100","NS","grey80"
"ENSG00000270574",111.139084140632,0.0882478460282453,0.103202662991179,0.855092722130517,0.392499818349254,0.703584821624784,"ENSG00000270574","NS","grey80"
"ENSG00000272977",15.6740794370925,0.213231186327868,0.248880691443397,0.856760663477839,0.391577169438779,0.703584821624784,"ENSG00000272977","NS","grey80"
"LINC02236",20.0195631580407,-0.203328513470388,0.238950124823823,-0.85092449154526,0.394811298862788,0.705409644941526,"LINC02236","NS","grey80"
"ENSG00000270074",66.0300336475463,-0.107315299398763,0.126308926306094,-0.849625616630595,0.395533265199356,0.705409644941526,"ENSG00000270074","NS","grey80"
"ENSG00000273437",9.83726238021219,0.263800609281048,0.310170189982891,0.850502781378184,0.395045614731144,0.705409644941526,"ENSG00000273437","NS","grey80"
"ENSG00000278915",16.9533332493184,-0.195190587980611,0.229325307674318,-0.851151536479417,0.394685180135691,0.705409644941526,"ENSG00000278915","NS","grey80"
"LINC00863",134.478749670984,-0.072223760806059,0.0856554358702612,-0.843189461033779,0.399122491635283,0.707666577292772,"LINC00863","NS","grey80"
"LINC00645",14.9857042168743,-0.212691791052804,0.251675908836493,-0.845101909181876,0.39805394246907,0.707666577292772,"LINC00645","NS","grey80"
"ENSG00000272831",58.2143144639033,-0.112115791535985,0.132804174170221,-0.844218882700791,0.398547104723244,0.707666577292772,"ENSG00000272831","NS","grey80"
"LINC00538",53.8590119733158,-0.113305931087888,0.134435840045869,-0.842825328790508,0.399326140043779,0.707666577292772,"LINC00538","NS","grey80"
"ENSG00000285669",56.6115264866628,0.112265047967584,0.132669315980133,0.846202056128755,0.397440035111675,0.707666577292772,"ENSG00000285669","NS","grey80"
"MIRLET7IHG",227.184767350903,0.0600689971864387,0.0718848863683784,0.835627629410326,0.403364420258321,0.713919327890833,"MIRLET7IHG","NS","grey80"
"ENSG00000276740",96.494303297509,0.0880197936239271,0.105461106287025,0.83461853116134,0.403932524964246,0.714022140088314,"ENSG00000276740","NS","grey80"
"LINC01189",73.7581441350528,-0.100444767505849,0.121016087388994,-0.830011692437052,0.406532172913342,0.714863727001464,"LINC01189","NS","grey80"
"ENSG00000233967",39.6357332369317,0.136009927773906,0.163772178798194,0.830482495696067,0.406266040541491,0.714863727001464,"ENSG00000233967","NS","grey80"
"ENSG00000251216",212.333027739148,0.063808807256306,0.0769667889291535,0.829043385388479,0.407079857693185,0.714863727001464,"ENSG00000251216","NS","grey80"
"MIR4307HG",62.4872099172635,0.109091899359429,0.131155688994688,0.831774055670948,0.405536490786294,0.714863727001464,"MIR4307HG","NS","grey80"
"ENSG00000259994",63.4781735066568,-0.108453656897283,0.130788039827335,-0.82923222215473,0.406973015077595,0.714863727001464,"ENSG00000259994","NS","grey80"
"ENSG00000261512",40.5140694973834,-0.131933035059359,0.159445628961739,-0.82744842814737,0.407982941338693,0.714863727001464,"ENSG00000261512","NS","grey80"
"ENSG00000273133",11.9511099024672,-0.225173917818475,0.272011335492596,-0.827810787409647,0.407777664516845,0.714863727001464,"ENSG00000273133","NS","grey80"
"SILC1",23.1915310648798,-0.172064685813528,0.208498128074967,-0.825257700882864,0.409225300924596,0.716144276618044,"SILC1","NS","grey80"
"LINC00663",60.558643478427,-0.103591888148846,0.126276543529738,-0.820357330452669,0.412012432674837,0.719223697936125,"LINC00663","NS","grey80"
"ENSG00000267160",36.8911983785929,-0.141112579925079,0.171884120534355,-0.820975081853907,0.411660461865422,0.719223697936125,"ENSG00000267160","NS","grey80"
"ENSG00000269906",15.4338932862535,0.202485286462014,0.247845031077698,0.816983441554396,0.413937890836111,0.72078737210268,"ENSG00000269906","NS","grey80"
"ENSG00000275580",21.3430909379855,0.173249669187233,0.211999436746419,0.817217591924376,0.413804090918076,0.72078737210268,"ENSG00000275580","NS","grey80"
"LINC01703",12.6136007721851,-0.216191572186536,0.2652640760481,-0.815005090049713,0.415069396505384,0.721859820009363,"LINC01703","NS","grey80"
"LERFS",14.3210929550802,-0.207015434934331,0.25508514468438,-0.81155425648355,0.417047448226659,0.724400034140599,"LERFS","NS","grey80"
"ENSG00000269982",34.0098022740192,0.137943162311162,0.170232463338575,0.810322306367659,0.417754958273917,0.724729791305433,"ENSG00000269982","NS","grey80"
"DGCR5",39.7550634831046,0.127176939547017,0.157749680115962,0.806194595472579,0.420130654470876,0.727177709365943,"DGCR5","NS","grey80"
"ENSG00000282057",30.4807570216114,0.166350171203851,0.206372908811478,0.80606593259686,0.420204833483606,0.727177709365943,"ENSG00000282057","NS","grey80"
"ENSG00000261837",17.7759688985088,0.181125992019025,0.225452834635343,0.803387512567701,0.421750790385044,0.728053152329299,"ENSG00000261837","NS","grey80"
"ENSG00000277767",16.4697696806875,-0.19056085688278,0.237011707616167,-0.804014530756377,0.421388583148483,0.728053152329299,"ENSG00000277767","NS","grey80"
"LINC02019",12.1486889745055,0.238827293560736,0.29769064333068,0.802266711807405,0.422398693788235,0.728273609979716,"LINC02019","NS","grey80"
"SNHG29",3146.06354697827,-0.0325434183847301,0.0406192225551086,-0.801182699658469,0.423025885194638,0.728457858883755,"SNHG29","NS","grey80"
"ENSG00000233461",31.7210385982699,-0.142744861912044,0.178810341692206,-0.798303166143249,0.424694581140454,0.728870652415204,"ENSG00000233461","NS","grey80"
"ENSG00000258561",11.4683173095823,-0.234490572196193,0.2945691135409,-0.796046025930804,0.426005283991657,0.728870652415204,"ENSG00000258561","NS","grey80"
"ENSG00000260136",16.7703610531959,-0.192010001837684,0.241383114975993,-0.795457469578104,0.426347441403134,0.728870652415204,"ENSG00000260136","NS","grey80"
"ENSG00000272909",26.0953360899359,0.15587561151037,0.195828641443432,0.795979639961895,0.426043869476087,0.728870652415204,"ENSG00000272909","NS","grey80"
"ENSG00000273314",41.3460873255743,-0.120439733178025,0.151373603656591,-0.79564554366597,0.426238087054259,0.728870652415204,"ENSG00000273314","NS","grey80"
"ENSG00000274578",82.2228419946834,-0.103763955396843,0.130457450267298,-0.79538543168089,0.426389331662894,0.728870652415204,"ENSG00000274578","NS","grey80"
"LINC00667",391.946379436704,-0.0481908388806871,0.060750389868466,-0.793259746728009,0.42762650408526,0.73001972656085,"LINC00667","NS","grey80"
"ENSG00000265625",52.3589363146255,0.110476692587728,0.139581158527075,0.79148714449378,0.428659774999811,0.73001972656085,"ENSG00000265625","NS","grey80"
"LINC02973",15.4174302223937,-0.192604339994391,0.243602028003405,-0.790651627874376,0.429147310685414,0.73001972656085,"LINC02973","NS","grey80"
"ENSG00000284624",13.9414537652925,0.204543419984077,0.258533583744414,0.79116769675188,0.428846139195532,0.73001972656085,"ENSG00000284624","NS","grey80"
"MIR1915HG",129.70575700011,0.0762832207341153,0.0968088538350569,0.787977728401647,0.430709733320908,0.731788381855911,"MIR1915HG","NS","grey80"
"ENSG00000261783",14.6880369764158,-0.1989844168917,0.253814323971645,-0.783976309051531,0.433054011615603,0.734879534862842,"ENSG00000261783","NS","grey80"
"ENSG00000253263",16.6356848989628,-0.178171043804737,0.228019198442618,-0.781386150910336,0.434575413979587,0.735677847123848,"ENSG00000253263","NS","grey80"
"ENSG00000277007",29.4187870898061,-0.141525333135831,0.180942547138946,-0.782156189208246,0.434122788146914,0.735677847123848,"ENSG00000277007","NS","grey80"
"ENSG00000262691",18.7788045140063,-0.172082724984043,0.220706446978821,-0.77969052259065,0.435573058672883,0.73647618616188,"ENSG00000262691","NS","grey80"
"ENSG00000093100",10.6328124845487,-0.231320415118173,0.298204215367991,-0.775711419212228,0.437919395931005,0.736706796854557,"ENSG00000093100","NS","grey80"
"SNHG16",4314.66711194703,-0.0267224113343022,0.0345202501158657,-0.774108276869651,0.438866763269072,0.736706796854557,"SNHG16","NS","grey80"
"ENSG00000231125",21.5153492398022,-0.167951546362717,0.216018488631577,-0.777486905989614,0.436871556780623,0.736706796854557,"ENSG00000231125","NS","grey80"
"ENSG00000260035",34.8933093950985,-0.135192623082867,0.174630356639986,-0.774164502003376,0.438833517452267,0.736706796854557,"ENSG00000260035","NS","grey80"
"ENSG00000269930",25.9721168154745,0.146230746495159,0.188441882399922,0.775999181460203,0.437749469168779,0.736706796854557,"ENSG00000269930","NS","grey80"
"ENSG00000284618",59.9748554267933,-0.101565098320179,0.130484035434073,-0.77837183669488,0.436349836844075,0.736706796854557,"ENSG00000284618","NS","grey80"
"LINC02021",27.4069341025851,-0.13925639365085,0.180731048565629,-0.770517267265682,0.44099311628105,0.738643344669268,"LINC02021","NS","grey80"
"ENSG00000274104",12.4907467822375,-0.210159347076059,0.272800235666138,-0.770378172741971,0.441075597245363,0.738643344669268,"ENSG00000274104","NS","grey80"
"LINC01641",74.8503576652456,0.0992100205428319,0.130074227081499,0.762718509030012,0.445631289703441,0.743604059099902,"LINC01641","NS","grey80"
"ENSG00000269688",11.6932832523174,0.219612894667484,0.28780343974967,0.763065566063083,0.445424294495768,0.743604059099902,"ENSG00000269688","NS","grey80"
"ENSG00000276334",208.703828093143,0.0709802156064033,0.0929490649961514,0.763646364913324,0.445078011287811,0.743604059099902,"ENSG00000276334","NS","grey80"
"ENSG00000278133",95.312936668081,-0.0810938501087343,0.106568481832287,-0.760955291043333,0.446683771933579,0.744472953222631,"ENSG00000278133","NS","grey80"
"ENSG00000203392",36.6398118293203,0.124588315887431,0.164826102316524,0.755877340642186,0.449722740749885,0.744510071371615,"ENSG00000203392","NS","grey80"
"ENSG00000233030",13.7328481812942,0.195014290910828,0.258545837161609,0.754273567316926,0.450684970830117,0.744510071371615,"ENSG00000233030","NS","grey80"
"ENSG00000259336",28.9689111040727,-0.135373962376845,0.17928902870269,-0.755059935102509,0.450213021189091,0.744510071371615,"ENSG00000259336","NS","grey80"
"ENSG00000260464",12.5573961666585,-0.214349677730709,0.284353204781783,-0.753814882780042,0.45096038608795,0.744510071371615,"ENSG00000260464","NS","grey80"
"ENSG00000271452",31.7764083756761,-0.131373696018645,0.173508767374047,-0.757158834143707,0.448954709605729,0.744510071371615,"ENSG00000271452","NS","grey80"
"ENSG00000272927",14.3270557741821,-0.188678720703364,0.2500800824687,-0.754473202506956,0.4505651304495,0.744510071371615,"ENSG00000272927","NS","grey80"
"ENSG00000276742",21.5085299679053,0.160007249069822,0.210975872960593,0.758414916475825,0.44820263085431,0.744510071371615,"ENSG00000276742","NS","grey80"
"ENSG00000279168",90.723718973668,-0.0797302312365882,0.105353004253942,-0.756791244836334,0.449174938920231,0.744510071371615,"ENSG00000279168","NS","grey80"
"LINC01666",47.8288924943758,-0.104487084016372,0.138885100586151,-0.75232752523773,0.451854118889909,0.745106909830238,"LINC01666","NS","grey80"
"ENSG00000270696",167.863881141295,-0.0649516148014938,0.0870806960786254,-0.745878452129606,0.455740842951781,0.748869929732973,"ENSG00000270696","NS","grey80"
"ENSG00000273402",22.5579569607991,-0.156560381198641,0.209747143107539,-0.746424379751245,0.455411096483926,0.748869929732973,"ENSG00000273402","NS","grey80"
"ENSG00000276007",17.7566421939806,0.172275616665256,0.230930244565525,0.746007163285944,0.455663087854675,0.748869929732973,"ENSG00000276007","NS","grey80"
"LINC02816",111.997526600649,0.0749792353454383,0.101207923670871,0.740843529102239,0.458788318723481,0.749378135659268,"LINC02816","NS","grey80"
"HCG11",53.2434905196716,-0.115139121706585,0.155796346156428,-0.739036084909069,0.459885085904346,0.749378135659268,"HCG11","NS","grey80"
"LINC01036",152.262988399672,-0.0681563280714012,0.0920299172074126,-0.740588823064936,0.458942786962832,0.749378135659268,"LINC01036","NS","grey80"
"LNMICC",12.4186401021056,-0.213219468885593,0.287330489515893,-0.742070461247723,0.458044645648216,0.749378135659268,"LNMICC","NS","grey80"
"ENSG00000267632",41.770655509424,0.119339870077278,0.161818827000033,0.737490638695914,0.460824033965858,0.749378135659268,"ENSG00000267632","NS","grey80"
"ENSG00000269707",10.2302140754646,-0.214714885070317,0.291170786408677,-0.737419051267566,0.46086755343045,0.749378135659268,"ENSG00000269707","NS","grey80"
"ENSG00000277246",10.1809354677377,0.221286902678171,0.299503047336459,0.738846915402429,0.45999995978654,0.749378135659268,"ENSG00000277246","NS","grey80"
"ENSG00000279342",349.58959360231,0.044422922428275,0.0597439236200946,0.743555490442102,0.457145439102874,0.749378135659268,"ENSG00000279342","NS","grey80"
"ENSG00000280195",20.0765651605356,0.158297446546258,0.214068350160972,0.739471511913011,0.459620732272222,0.749378135659268,"ENSG00000280195","NS","grey80"
"LINC02249",430.016623577716,0.0367674297957384,0.0505015376718242,0.728045748520875,0.466585581953733,0.753071959856379,"LINC02249","NS","grey80"
"PANTR1",96.3635535307346,-0.0775303875275134,0.106063903675874,-0.730978069263251,0.46479254852423,0.753071959856379,"PANTR1","NS","grey80"
"LINC00882",21.181449837566,0.156662712900639,0.21460486666837,0.730005406367279,0.465386879940258,0.753071959856379,"LINC00882","NS","grey80"
"ENSG00000248015",17.2574074820459,-0.176604110162028,0.242746562610726,-0.727524658897989,0.466904615110955,0.753071959856379,"ENSG00000248015","NS","grey80"
"ENSG00000261799",273.611063583147,0.0577677666950786,0.0788873790458055,0.732281480178675,0.463996780720629,0.753071959856379,"ENSG00000261799","NS","grey80"
"ENSG00000269653",11.2034626342216,0.209059159883656,0.286824207106065,0.728875578504946,0.466077774673446,0.753071959856379,"ENSG00000269653","NS","grey80"
"ENSG00000280341",11.6163101691508,-0.216613146833962,0.296737665990291,-0.729981972834717,0.465401203865971,0.753071959856379,"ENSG00000280341","NS","grey80"
"ENSG00000272447",49.7627396537942,-0.0979530518357078,0.135524870532414,-0.722768090099597,0.469822374927635,0.754543453122545,"ENSG00000272447","NS","grey80"
"ENSG00000272848",18.8841553100548,-0.159955359426367,0.22138434847982,-0.722523342434694,0.469972779373471,0.754543453122545,"ENSG00000272848","NS","grey80"
"ENSG00000273599",10.154582859247,0.260191330813458,0.359978955435057,0.722795949277091,0.469805256351998,0.754543453122545,"ENSG00000273599","NS","grey80"
"ENSG00000285601",29.040162026313,0.136368276623699,0.188077275392846,0.725065143244231,0.468412067141297,0.754543453122545,"ENSG00000285601","NS","grey80"
"ENSG00000272540",13.8134418543853,-0.189529323529716,0.262785851819733,-0.721231079288582,0.470767352956589,0.754953372438974,"ENSG00000272540","NS","grey80"
"ENSG00000267838",20.1384314444721,0.157433600483219,0.219836604344601,0.716139156864145,0.473905427538426,0.758248684061481,"ENSG00000267838","NS","grey80"
"ENSG00000277152",15.1550789505937,-0.176113205700734,0.245748502345821,-0.71663999584789,0.473596259083659,0.758248684061481,"ENSG00000277152","NS","grey80"
"ENSG00000267731",26.2510239695246,0.134197831141307,0.188655695357385,0.711337290332453,0.476875248751005,0.761986641781493,"ENSG00000267731","NS","grey80"
"ENSG00000285280",14.6064701191314,-0.18467427483491,0.259883846905121,-0.71060312918306,0.477330203458835,0.761986641781493,"ENSG00000285280","NS","grey80"
"ENSG00000230471",13.8552727894768,0.192254768228347,0.271312406846693,0.708610308178725,0.478566337675443,0.763089832284306,"ENSG00000230471","NS","grey80"
"MEG8",79.1533489858361,-0.0797011809772201,0.113096165058184,-0.704720455695527,0.480984218793481,0.765202166262357,"MEG8","NS","grey80"
"ENSG00000270012",56.7134892069285,-0.092782769979262,0.131594419777417,-0.705066142897225,0.480769075198681,0.765202166262357,"ENSG00000270012","NS","grey80"
"ENSG00000274001",12.892118961764,-0.183339896067964,0.260967145240038,-0.702540145041353,0.482342375090588,0.766491855989584,"ENSG00000274001","NS","grey80"
"ENSG00000285725",68.11350926184,-0.087735514080563,0.12504117247719,-0.701653002306641,0.482895588986826,0.766500934899724,"ENSG00000285725","NS","grey80"
"MALINC1",11.9594387714247,0.201866397595081,0.28820396293932,0.700428944613725,0.483659465381551,0.766843999472449,"MALINC1","NS","grey80"
"ENSG00000264546",33.4298223559497,-0.115424893851085,0.165055096296475,-0.699311299323691,0.484357507092289,0.767082024806792,"ENSG00000264546","NS","grey80"
"LINC02820",76.8941778468927,-0.0784809509833144,0.113541518434993,-0.691209278025004,0.489434034128233,0.773372062956576,"LINC02820","NS","grey80"
"ENSG00000260597",38.1255241588133,-0.108977584421125,0.157636139620346,-0.691323605637571,0.489362200543427,0.773372062956576,"ENSG00000260597","NS","grey80"
"ENSG00000267199",28.0141694753114,0.125922242891456,0.18253506185589,0.689852358287585,0.490287038534267,0.77384650952421,"ENSG00000267199","NS","grey80"
"HSALR1",10.4226481170154,0.211521913031713,0.30753643762639,0.687794638789048,0.491582112718466,0.77501684437596,"HSALR1","NS","grey80"
"ENSG00000229727",28.4393250801952,-0.133441206578124,0.194532834540287,-0.68595724158067,0.492740072102123,0.775096742632553,"ENSG00000229727","NS","grey80"
"ENSG00000269176",35.1014226514595,-0.11164288884941,0.162617067362076,-0.686538569785121,0.492373551021281,0.775096742632553,"ENSG00000269176","NS","grey80"
"ENSG00000262652",14.4204600517718,0.180671304314449,0.263765603029101,0.684969162921956,0.493363380261058,0.775206209164401,"ENSG00000262652","NS","grey80"
"NHEG1",10.1149955842233,-0.212265421021223,0.311348758950841,-0.681760935025079,0.495390129706652,0.777518140795194,"NHEG1","NS","grey80"
"LINC01315",12.6213457274132,-0.190817332723152,0.282919289798626,-0.674458545611967,0.500019832380288,0.779540941350114,"LINC01315","NS","grey80"
"ENSG00000255182",20.2217343115647,-0.149469445535433,0.220344339561281,-0.678344838959948,0.497553074923111,0.779540941350114,"ENSG00000255182","NS","grey80"
"ENSG00000260198",11.413964492596,0.202471145876534,0.299320702869486,0.67643548854293,0.498764191756365,0.779540941350114,"ENSG00000260198","NS","grey80"
"ENSG00000264596",12.5731910998508,-0.182641044355283,0.270534849045275,-0.675110969990848,0.499605264534978,0.779540941350114,"ENSG00000264596","NS","grey80"
"ENSG00000270061",26.2594258754365,0.130830078008142,0.193139678275721,0.677385813086904,0.498161197203157,0.779540941350114,"ENSG00000270061","NS","grey80"
"ENSG00000285650",18.0257429721251,0.162785573379551,0.240844784293949,0.675894119346477,0.499107871655757,0.779540941350114,"ENSG00000285650","NS","grey80"
"ENSG00000228137",14.9157972850704,0.168126967319167,0.249739900648544,0.673208273417912,0.500814798456047,0.779911810721319,"ENSG00000228137","NS","grey80"
"LINC03014",21.6079632225338,0.139412791742885,0.208893895444596,0.667385666996957,0.504525818767734,0.783186409091574,"LINC03014","NS","grey80"
"LINC01194",119.573574883842,-0.0636083250992002,0.0954506166660291,-0.666400357807625,0.505155233864065,0.783186409091574,"LINC01194","NS","grey80"
"ENSG00000270589",20.1405732677771,0.150368427095698,0.225193718548726,0.667729224708202,0.504306451514683,0.783186409091574,"ENSG00000270589","NS","grey80"
"ENSG00000273558",15.412488831631,0.165330219224889,0.24799446416167,0.666668991115496,0.504983590013911,0.783186409091574,"ENSG00000273558","NS","grey80"
"ENSG00000262528",46.7480846358384,0.0950897665180737,0.143791741731369,0.661302000887645,0.508418658555159,0.786499579142151,"ENSG00000262528","NS","grey80"
"ENSG00000266805",22.1991430942148,-0.137690696852579,0.208486268168462,-0.66043053128718,0.508977584787707,0.786499579142151,"ENSG00000266805","NS","grey80"
"LINC03073",13.0021845260622,-0.170857109102083,0.258056260540142,-0.662092478378393,0.507911955979439,0.786499579142151,"LINC03073","NS","grey80"
"LINC02887",209.494950118021,-0.0535879684024042,0.081655060543312,-0.656272471612212,0.511648826514843,0.789755630783661,"LINC02887","NS","grey80"
"ENSG00000273989",31.212705128816,0.12608150563885,0.192768021754628,0.654058201620899,0.513074309218472,0.791083736680463,"ENSG00000273989","NS","grey80"
"FAM226B",10.3882320589536,-0.191158467457546,0.293193797931738,-0.651986736438578,0.514409728814644,0.792270209395491,"FAM226B","NS","grey80"
"ENSG00000228933",56.4864471314986,0.0884151056380558,0.135897324892386,0.650602252164049,0.515303276164187,0.792774271021826,"ENSG00000228933","NS","grey80"
"ENSG00000226180",23.9639762644777,-0.138351194861472,0.213552516972602,-0.647855603964723,0.517078347651533,0.794431936355123,"ENSG00000226180","NS","grey80"
"ENSG00000276724",18.0179784563835,-0.144781970430687,0.223712170032579,-0.647179679181524,0.517515661397052,0.794431936355123,"ENSG00000276724","NS","grey80"
"LINC00205",502.06075293103,0.0360993937771508,0.0566372838549024,0.637378619173068,0.523878251778933,0.796602261350897,"LINC00205","NS","grey80"
"ENSG00000228423",16.2447091694203,-0.15408756262515,0.240725189114551,-0.640097379056689,0.522109292845274,0.796602261350897,"ENSG00000228423","NS","grey80"
"LINC02802",73.0142229864604,-0.0776590369111424,0.121891871402595,-0.63711415714214,0.52405048764584,0.796602261350897,"LINC02802","NS","grey80"
"ENSG00000257891",32.6261951953648,0.111817285539739,0.173667017003613,0.643860230163407,0.519666072822205,0.796602261350897,"ENSG00000257891","NS","grey80"
"ENSG00000261079",10.6527010453483,-0.198399388158027,0.30981805286595,-0.640373878548224,0.521929560855195,0.796602261350897,"ENSG00000261079","NS","grey80"
"ENSG00000261168",20.3081621751437,0.134128516258858,0.209267127576773,0.640944030780234,0.521559047277821,0.796602261350897,"ENSG00000261168","NS","grey80"
"ENSG00000261474",29.7801023720072,0.116628387240055,0.182196701105493,0.64012348485128,0.522092322027467,0.796602261350897,"ENSG00000261474","NS","grey80"
"HCP5B",14.8928624440321,-0.178059198662135,0.2785860339679,-0.639153356419338,0.522723172229359,0.796602261350897,"HCP5B","NS","grey80"
"ENSG00000285570",16.9814804145707,-0.146261905694639,0.229395882360229,-0.637596037861561,0.523736675515824,0.796602261350897,"ENSG00000285570","NS","grey80"
"ENSG00000232545",28.2837878620983,-0.114920144456273,0.18064115477285,-0.6361791951606,0.524659631831394,0.796663215362204,"ENSG00000232545","NS","grey80"
"ENSG00000262312",10.8729873504765,0.176555034916534,0.279817699649823,0.630964499877895,0.528063736578346,0.799231601307766,"ENSG00000262312","NS","grey80"
"ENSG00000268362",146.7280264777,-0.051464286661933,0.0814663208631539,-0.631724694532138,0.527566788695477,0.799231601307766,"ENSG00000268362","NS","grey80"
"ENSG00000283213",55.2559987836417,-0.0867193076658408,0.137294017999381,-0.63163209096431,0.527627311941413,0.799231601307766,"ENSG00000283213","NS","grey80"
"ENSG00000276282",21.8723540501325,-0.13417987599667,0.213727847171085,-0.627807175212232,0.530130265136597,0.801492841459218,"ENSG00000276282","NS","grey80"
"LINC02803",36.6256215469839,0.107924880059203,0.17278701928611,0.624612198908851,0.532225611301881,0.80292656877439,"LINC02803","NS","grey80"
"ENSG00000272777",19.3658823506747,-0.141170807244735,0.225955279228582,-0.624773219402953,0.532119909725583,0.80292656877439,"ENSG00000272777","NS","grey80"
"ENSG00000232855",21.4044998738295,-0.13166599851455,0.214228434099354,-0.614605615114034,0.538815205274543,0.804201798917228,"ENSG00000232855","NS","grey80"
"LINC02614",131.227706034675,-0.0600073787942484,0.0969400043350416,-0.619015639682173,0.535906055890036,0.804201798917228,"LINC02614","NS","grey80"
"ENSG00000248927",47.6091797761806,0.0976361323776962,0.15866554483668,0.615358126291354,0.538318238519732,0.804201798917228,"ENSG00000248927","NS","grey80"
"ENSG00000260077",14.3783999370666,-0.159992636409893,0.257935308810284,-0.620282027876884,0.535072125065945,0.804201798917228,"ENSG00000260077","NS","grey80"
"ENSG00000261061",14.6331513394001,0.159244962130349,0.257723488625179,0.617890759510659,0.536647350573337,0.804201798917228,"ENSG00000261061","NS","grey80"
"ENSG00000272106",73.2989722638363,-0.0732472422962636,0.118208640360499,-0.619643725474574,0.535492372559686,0.804201798917228,"ENSG00000272106","NS","grey80"
"ENSG00000272491",17.2967301319247,0.140855806178715,0.227392109974897,0.619440165247006,0.535626428134974,0.804201798917228,"ENSG00000272491","NS","grey80"
"ENSG00000280614",93.5892201748117,0.140909902959337,0.229105712103036,0.615043167915277,0.538526212549983,0.804201798917228,"ENSG00000280614","NS","grey80"
"ENSG00000280800",93.5892201748117,0.140909902959337,0.229105712103036,0.615043167915277,0.538526212549983,0.804201798917228,"ENSG00000280800","NS","grey80"
"ENSG00000281181",93.5892201748117,0.140909902959337,0.229105712103036,0.615043167915277,0.538526212549983,0.804201798917228,"ENSG00000281181","NS","grey80"
"ENSG00000273066",39.5774018820305,0.093666499192312,0.153157218910675,0.611570906409188,0.540821691892571,0.806336920819594,"ENSG00000273066","NS","grey80"
"ENSG00000273058",26.7123028927672,0.120391846886249,0.197866476389097,0.608449946061113,0.542889093984051,0.808558225082629,"ENSG00000273058","NS","grey80"
"LINC02898",39.5489233135583,-0.0923418047062765,0.153560645567898,-0.601337695376168,0.547615087418187,0.808714264119686,"LINC02898","NS","grey80"
"LINC00511",18.8808381880801,-0.140583409524173,0.233655930607053,-0.601668483906779,0.547394832641556,0.808714264119686,"LINC00511","NS","grey80"
"ENSG00000247679",20.4826546479716,0.133707405353721,0.220293289848918,0.606951784348132,0.543882910430842,0.808714264119686,"ENSG00000247679","NS","grey80"
"ENSG00000256341",12.9834353675462,-0.157674907502192,0.262119294183005,-0.601538730651804,0.547481223322021,0.808714264119686,"ENSG00000256341","NS","grey80"
"ENSG00000260920",84.204038929144,0.0668675359635619,0.110686025710354,0.604119043342854,0.545764499487829,0.808714264119686,"ENSG00000260920","NS","grey80"
"ENSG00000261654",60.4231455768484,0.0792598381533251,0.131340120577614,0.603470118686903,0.546195988180559,0.808714264119686,"ENSG00000261654","NS","grey80"
"ENSG00000272173",15.1378898085846,-0.159156161040932,0.263971337239114,-0.60292970708696,0.546555452399985,0.808714264119686,"ENSG00000272173","NS","grey80"
"ENSG00000277782",12.850622340373,-0.16617214030704,0.275614772785783,-0.602914490495018,0.546565575678005,0.808714264119686,"ENSG00000277782","NS","grey80"
"LINC02812",13.4783284312372,0.150910455044699,0.251446954016157,0.600168157276633,0.548394172870556,0.809011424677322,"LINC02812","NS","grey80"
"JPX",963.516425507217,-0.0246627178678901,0.0414315941199708,-0.595263551686567,0.551667315466116,0.809645062649109,"JPX","NS","grey80"
"ENSG00000259287",21.1206076900166,-0.127710948922987,0.214571086722025,-0.595191788763395,0.551715278405179,0.809645062649109,"ENSG00000259287","NS","grey80"
"ENSG00000273080",10.1110748101979,-0.181164414154766,0.303838268480702,-0.596252786262413,0.551006366776477,0.809645062649109,"ENSG00000273080","NS","grey80"
"ENSG00000274698",9.72798062513755,-0.176200369339957,0.295242501776027,-0.596798795159997,0.550641722460602,0.809645062649109,"ENSG00000274698","NS","grey80"
"ENSG00000276571",10.5683206523157,0.192444124429505,0.322152341564223,0.597369938380969,0.550260419675482,0.809645062649109,"ENSG00000276571","NS","grey80"
"LINC01116",173.657720254481,0.047333015899254,0.0798969523298851,0.592425799970712,0.55356549401892,0.810856825872906,"LINC01116","NS","grey80"
"ENSG00000269924",23.7498253476683,-0.122069607453002,0.206120032931143,-0.592225829372835,0.553699375381784,0.810856825872906,"ENSG00000269924","NS","grey80"
"HULC",76.633113219243,0.0674918546702636,0.114633788417701,0.588760570525135,0.556021899428034,0.813407167397333,"HULC","NS","grey80"
"DLEU2",274.334650690081,0.044438474779847,0.0758810765732813,0.585633161608232,0.55812205860461,0.813575052388789,"DLEU2","NS","grey80"
"ENSG00000244327",17.7208182781767,-0.138043278512757,0.235256029896437,-0.586778917307775,0.557352197935712,0.813575052388789,"ENSG00000244327","NS","grey80"
"ENSG00000273711",11.1917513181936,0.170927334039038,0.291560021018708,0.586250931941285,0.557706899697829,0.813575052388789,"ENSG00000273711","NS","grey80"
"LINC02666",24.1277930182913,0.11846670284346,0.202462631578158,0.585128731756739,0.558461160961162,0.813575052388789,"LINC02666","NS","grey80"
"FAM27C",38.0311072802008,-0.0935499038180237,0.160480340224102,-0.582936848759084,0.55993581344239,0.814875404178114,"FAM27C","NS","grey80"
"ENSG00000230551",698.93739185046,-0.0380618289969796,0.0654826867766856,-0.581250264314615,0.561071795538621,0.815165793226397,"ENSG00000230551","NS","grey80"
"LINC01102",279.825769188814,-0.0405509514997356,0.0698900671743253,-0.580210509722222,0.561772667151505,0.815165793226397,"LINC01102","NS","grey80"
"CASC15",1336.0181261971,0.0223387068722806,0.0385118135446428,0.580048167463878,0.561882136045338,0.815165793226397,"CASC15","NS","grey80"
"ENSG00000261229",15.9691387389304,-0.140663327106404,0.243494241157778,-0.577686463702681,0.563475819698362,0.816002743136332,"ENSG00000261229","NS","grey80"
"ENSG00000276449",70.7314394957816,0.0689069120693518,0.119326369315118,0.577465923624826,0.563624751866309,0.816002743136332,"ENSG00000276449","NS","grey80"
"ENSG00000261613",117.947789681595,-0.0569518065802359,0.0989477694130948,-0.575574436069085,0.564902864359564,0.817008274900196,"ENSG00000261613","NS","grey80"
"ENSG00000272356",87.8225682647123,-0.0599573788931844,0.104699288737194,-0.57266271448781,0.566873087599778,0.8188873984725,"ENSG00000272356","NS","grey80"
"ENSG00000276417",44.4535096162567,0.0851780667587001,0.14893192327092,0.57192618538709,0.567371983227375,0.8188873984725,"ENSG00000276417","NS","grey80"
"LINC00987",23.2345362887707,-0.12383502782197,0.218372292906887,-0.56708214294738,0.570658374473902,0.821091186293384,"LINC00987","NS","grey80"
"LINC01963",422.201668812033,-0.0334697834637886,0.0589586477000971,-0.567682346346174,0.570250680867673,0.821091186293384,"LINC01963","NS","grey80"
"ENSG00000283103",101.576890708419,0.0567460712415049,0.0997843580038354,0.568687040501116,0.569568544120571,0.821091186293384,"ENSG00000283103","NS","grey80"
"ENSG00000151303",15.8241093207166,-0.142226591585821,0.251899095142135,-0.564617318317753,0.572334083168815,0.822656793055791,"ENSG00000151303","NS","grey80"
"FAM88E",106.949196708907,-0.0548381653676426,0.0980818945743372,-0.559105894167656,0.576089452378416,0.827205367517725,"FAM88E","NS","grey80"
"ENSG00000249476",55.6110342076983,-0.0780606021918753,0.139937511491622,-0.557824713043783,0.576964085524734,0.827570618669982,"ENSG00000249476","NS","grey80"
"ENSG00000272159",10.4251845619097,0.181238593994045,0.325382307873403,0.557001993066445,0.577526067457552,0.827570618669982,"ENSG00000272159","NS","grey80"
"LINC01465",10.7017976525106,-0.164312923102036,0.300456468370226,-0.546877635862936,0.584462801210961,0.828597314716469,"LINC01465","NS","grey80"
"ENSG00000228031",11.3616206057407,-0.180696150503897,0.325594758573281,-0.554972541006762,0.578913442417358,0.828597314716469,"ENSG00000228031","NS","grey80"
"ENSG00000245025",10.1948987606585,0.173280043645615,0.314506895051956,0.550957852981219,0.581662567113597,0.828597314716469,"ENSG00000245025","NS","grey80"
"LINC02381",135.291774301871,-0.0484491145535936,0.0884906541621304,-0.547505440120562,0.584031534045109,0.828597314716469,"LINC02381","NS","grey80"
"ENSG00000251143",21.7346884634961,0.112775357310293,0.206376155702889,0.546455364119928,0.584752962099908,0.828597314716469,"ENSG00000251143","NS","grey80"
"ENSG00000258365",24.0922937300869,0.108464235902451,0.195992156606309,0.55341110471234,0.579981936639095,0.828597314716469,"ENSG00000258365","NS","grey80"
"ENSG00000258938",10.9071523806353,-0.163628519625381,0.297114069634293,-0.55072625751714,0.581821341989046,0.828597314716469,"ENSG00000258938","NS","grey80"
"LINC00639",18.0770239292348,-0.133622168256145,0.242343523835092,-0.551375032192199,0.58137661272702,0.828597314716469,"LINC00639","NS","grey80"
"ENSG00000261478",44.8359904052849,-0.0849106447324888,0.154325152348662,-0.550206129333039,0.582178000015476,0.828597314716469,"ENSG00000261478","NS","grey80"
"ENSG00000271659",16.592611632419,-0.122853904214204,0.223944674661797,-0.548590424843718,0.583286558397014,0.828597314716469,"ENSG00000271659","NS","grey80"
"ENSG00000281468",23.0495699684301,-0.112472318109485,0.205109848824035,-0.548351621115845,0.583450488544385,0.828597314716469,"ENSG00000281468","NS","grey80"
"ENSG00000258053",33.0143178191617,-0.0899358726809364,0.165990693450807,-0.541812741493185,0.587947512983105,0.832281615951817,"ENSG00000258053","NS","grey80"
"ENSG00000261451",71.6525728458237,0.0633098475934158,0.117465591842123,0.538965041597081,0.589910976365124,0.834217542334519,"ENSG00000261451","NS","grey80"
"DUXAP8",2335.88858913323,0.0147755301836765,0.0275783487965117,0.535765585267579,0.592120569733295,0.836109086766224,"DUXAP8","NS","grey80"
"ENSG00000229065",30.163499775087,0.105361864501473,0.197985888568088,0.532168556372838,0.594609258677275,0.836109086766224,"ENSG00000229065","NS","grey80"
"LINC00852",30.7483851619344,0.0970271717163993,0.184308492661296,0.526438962824715,0.598583250243816,0.836109086766224,"LINC00852","NS","grey80"
"LINC03015",36.6886845119611,-0.0881255999125904,0.166508433270438,-0.529256075393248,0.596627821734778,0.836109086766224,"LINC03015","NS","grey80"
"LINC01948",28.5144724432595,-0.0964039532423555,0.18362343261846,-0.52500899186798,0.599576940106497,0.836109086766224,"LINC01948","NS","grey80"
"ENSG00000260063",19.2127487548499,-0.127771106689769,0.241983759995524,-0.528015213467765,0.597488776785503,0.836109086766224,"ENSG00000260063","NS","grey80"
"ENSG00000271964",11.2440850270415,-0.162474317951091,0.30514706067694,-0.532445954388868,0.59441716435873,0.836109086766224,"ENSG00000271964","NS","grey80"
"ENSG00000272588",11.3637474616618,-0.151989151688575,0.286404520328997,-0.530680002934251,0.59564054563972,0.836109086766224,"ENSG00000272588","NS","grey80"
"ENSG00000272906",15.6895629046128,0.130447882842255,0.244603235990686,0.53330399458502,0.593823162942714,0.836109086766224,"ENSG00000272906","NS","grey80"
"ENSG00000273449",40.5582685556984,-0.0836210631653588,0.156468766290824,-0.53442655136639,0.593046453177498,0.836109086766224,"ENSG00000273449","NS","grey80"
"ENSG00000275185",10.7604873291401,0.157768121996546,0.300532504079179,0.524961925432797,0.599609659366635,0.836109086766224,"ENSG00000275185","NS","grey80"
"ENSG00000278716",12.5354109206519,-0.139613173204641,0.263545727020536,-0.529749333381384,0.596285738384115,0.836109086766224,"ENSG00000278716","NS","grey80"
"ENSG00000280206",36.5427220385609,-0.0884632327282909,0.167857619242876,-0.527013507800871,0.598184208211442,0.836109086766224,"ENSG00000280206","NS","grey80"
"ENSG00000280383",256.935213979182,-0.0366813854029773,0.0690054455455662,-0.531572329009245,0.595022233913185,0.836109086766224,"ENSG00000280383","NS","grey80"
"ENSG00000272821",17.752350155437,0.124469459799666,0.237597370025782,0.52386716143432,0.600370936450839,0.836337622916592,"ENSG00000272821","NS","grey80"
"ENSG00000203327",33.3025927293901,-0.0908278175311428,0.174646282294406,-0.520067283070085,0.603016680622005,0.83885841771037,"ENSG00000203327","NS","grey80"
"ENSG00000285581",16.0972932266003,-0.127197419807014,0.244823383909727,-0.519547674636811,0.603378876167388,0.83885841771037,"ENSG00000285581","NS","grey80"
"ENSG00000224216",57.5926666082937,-0.0665870875530792,0.129706025570333,-0.513369269163,0.607693037862303,0.839023918153081,"ENSG00000224216","NS","grey80"
"ENSG00000229728",13.063308422183,-0.140271382715061,0.273168023656168,-0.513498545099181,0.607602628247663,0.839023918153081,"ENSG00000229728","NS","grey80"
"ENSG00000242798",11.532929905843,-0.150407876808692,0.291887567387671,-0.515293878923343,0.606347675656082,0.839023918153081,"ENSG00000242798","NS","grey80"
"ENSG00000260296",64.3379438293833,-0.0646417852332253,0.125587394234477,-0.514715554273991,0.606751802620167,0.839023918153081,"ENSG00000260296","NS","grey80"
"ENSG00000260693",21.4195065512301,-0.11241620297098,0.218947999894118,-0.513437907746791,0.607645034462029,0.839023918153081,"ENSG00000260693","NS","grey80"
"ENSG00000273367",9.79491213294488,-0.158167875492789,0.306198438140422,-0.516553501883812,0.605467881744092,0.839023918153081,"ENSG00000273367","NS","grey80"
"ENSG00000279529",42.029906693337,-0.0815144105590718,0.157854709921902,-0.516388840088463,0.60558285862315,0.839023918153081,"ENSG00000279529","NS","grey80"
"ENSG00000269958",55.1782132939653,0.0706447382903297,0.138084727903077,0.511604283566506,0.608927986936051,0.839452427247529,"ENSG00000269958","NS","grey80"
"ENSG00000271851",22.3255804061947,-0.106106961881885,0.207907826433354,-0.51035578459043,0.60980222750767,0.839452427247529,"ENSG00000271851","NS","grey80"
"ENSG00000274315",11.2100740026662,0.158851513096556,0.310969860274231,0.510826074772879,0.609472849185523,0.839452427247529,"ENSG00000274315","NS","grey80"
"ENSG00000259523",10.1293800312344,-0.158861419989103,0.312812842569278,-0.507848139111871,0.611559846953734,0.841044976164271,"ENSG00000259523","NS","grey80"
"ENSG00000285696",12.1035386243789,-0.146333976799688,0.289144707694451,-0.506092530506642,0.612791693957519,0.841912042728681,"ENSG00000285696","NS","grey80"
"ENSG00000248773",16.1698336944722,-0.125670271309309,0.249236247911908,-0.504221486088679,0.614105743370588,0.842389445680769,"ENSG00000248773","NS","grey80"
"ENSG00000261468",11.3339458883413,0.142384514630836,0.282573750229772,0.50388443553252,0.614342588600047,0.842389445680769,"ENSG00000261468","NS","grey80"
"ENSG00000246090",132.912449545994,0.0460761422683083,0.091689536519723,0.502523450518228,0.615299360943347,0.842875836908695,"ENSG00000246090","NS","grey80"
"ENSG00000271382",16.9818991192528,0.117657113215334,0.235384113823027,0.499851546072451,0.617179612292218,0.844625080360807,"ENSG00000271382","NS","grey80"
"ENSG00000275450",19.6357536390678,0.107784974048988,0.21742028686674,0.495744788134931,0.620074483161859,0.847758082447854,"ENSG00000275450","NS","grey80"
"ENSG00000226266",35.6509586658436,0.0845575267350626,0.17128931961222,0.493653234927265,0.62155109756996,0.84894784058336,"ENSG00000226266","NS","grey80"
"ENSG00000255224",9.85496586062054,-0.15171876445379,0.309518875900324,-0.490176129040508,0.624009270946726,0.850273097945011,"ENSG00000255224","NS","grey80"
"ENSG00000273284",24.1191413826927,-0.0957455566797894,0.195289000281616,-0.490276239530746,0.623938438139691,0.850273097945011,"ENSG00000273284","NS","grey80"
"ENSG00000275902",10.9496645564225,-0.143322535477257,0.292671783300243,-0.48970397440134,0.624343389062479,0.850273097945011,"ENSG00000275902","NS","grey80"
"ENSG00000224905",17.766962790122,0.116020225582202,0.238678188670316,0.486094796632045,0.626899955979057,0.852112793377766,"ENSG00000224905","NS","grey80"
"ENSG00000230747",13.4634441135518,0.128961160420508,0.265309363273855,0.486078436241969,0.626911555127928,0.852112793377766,"ENSG00000230747","NS","grey80"
"ENSG00000277342",55.4745492067007,-0.063740377316819,0.131541711296486,-0.484563996382507,0.627985658105384,0.852744831568902,"ENSG00000277342","NS","grey80"
"ENSG00000225032",18.3319591862434,0.11186285282181,0.232605473068488,0.480912385018873,0.630578770057883,0.853847108384215,"ENSG00000225032","NS","grey80"
"ENSG00000226530",21.1175476778678,-0.10484318403453,0.217819966996735,-0.481329537783381,0.630282307049865,0.853847108384215,"ENSG00000226530","NS","grey80"
"ENSG00000230928",10.2301766683311,-0.14730623484874,0.307958894001819,-0.478330834789495,0.632414753129296,0.853847108384215,"ENSG00000230928","NS","grey80"
"ENSG00000232063",38.0872082218432,0.0752581080099477,0.156660164827033,0.480390838941344,0.630949507192292,0.853847108384215,"ENSG00000232063","NS","grey80"
"LINC01518",39.3996538885553,-0.0721918480060635,0.151214036950127,-0.477414990447437,0.633066641787725,0.853847108384215,"LINC01518","NS","grey80"
"ENSG00000255893",39.9430090657614,-0.0716880245536466,0.14985973559483,-0.478367483227561,0.632388673083366,0.853847108384215,"ENSG00000255893","NS","grey80"
"ENSG00000275389",12.7123621466889,-0.130129706550788,0.272342491338572,-0.477816391820449,0.632780893267277,0.853847108384215,"ENSG00000275389","NS","grey80"
"ENSG00000261242",10.3932808564025,0.146519420558205,0.309408333355411,0.473547105112717,0.635822902602934,0.856701852948926,"ENSG00000261242","NS","grey80"
"ENSG00000273824",11.8034574292888,0.136307121442503,0.288341410036266,0.472728219735622,0.636407090762059,0.856701852948926,"ENSG00000273824","NS","grey80"
"ENSG00000278600",155.173101790839,-0.0418806833948313,0.0887784084636068,-0.471744021092691,0.637109511726581,0.856823550833058,"ENSG00000278600","NS","grey80"
"ENSG00000261167",88.864377054826,-0.0528587199485457,0.112395660532952,-0.470291465861785,0.638146793856023,0.857394924566634,"ENSG00000261167","NS","grey80"
"ZNNT1",36.9613348462873,0.0758222803349696,0.162213660381483,0.467422288336603,0.640197779349694,0.859325878321737,"ZNNT1","NS","grey80"
"LINC00589",29.9865264062707,0.0824787091391038,0.177756524882859,0.463998208749058,0.642649028983237,0.861789885609704,"LINC00589","NS","grey80"
"LINC00862",10.4371887026165,0.13711866112528,0.29674063736569,0.462082518736053,0.644022145815481,0.861814541532735,"LINC00862","NS","grey80"
"ENSG00000233424",11.3389172663366,0.137487880666417,0.297352094708498,0.462374010854706,0.643813133300932,0.861814541532735,"ENSG00000233424","NS","grey80"
"LINC02293",20.4480482647423,0.103705922121662,0.224765297685049,0.461396501994625,0.64451416070341,0.861814541532735,"LINC02293","NS","grey80"
"ENSG00000279175",14.3105331160955,-0.116512622020883,0.254110265545088,-0.458512062749425,0.646584598156777,0.863758050972794,"ENSG00000279175","NS","grey80"
"ENSG00000270277",129.420482925498,0.042279680937747,0.0941332297145954,0.449147246577385,0.653325439695718,0.871930996734037,"ENSG00000270277","NS","grey80"
"ENSG00000260118",12.7591675224409,0.129219750421382,0.289159725204764,0.446880181290382,0.654961574285219,0.873282099046959,"ENSG00000260118","NS","grey80"
"ENSG00000242282",17.3641776212577,0.107361563558327,0.241740698173827,0.444118695649366,0.656956770359736,0.874277070820942,"ENSG00000242282","NS","grey80"
"ENSG00000272905",18.8210278162167,-0.103458202477873,0.232740810192632,-0.444521106514343,0.656665872510046,0.874277070820942,"ENSG00000272905","NS","grey80"
"ENSG00000214770",11.1611772325543,0.122399517063499,0.276421276307925,0.442800636399455,0.657909942979216,0.874714074236375,"ENSG00000214770","NS","grey80"
"ENSG00000233665",14.0196560800041,-0.121379164650763,0.275296000724169,-0.440904206132578,0.659282348504183,0.875707104275006,"ENSG00000233665","NS","grey80"
"ENSG00000230532",23.3397393997211,0.0937888745833614,0.213622020204204,0.439041230364301,0.660631661564912,0.875837430104997,"ENSG00000230532","NS","grey80"
"ENSG00000281383",87.4418315800616,0.102862972308502,0.23406444512569,0.439464320406569,0.660325129562222,0.875837430104997,"ENSG00000281383","NS","grey80"
"LINC02762",10.4676564420176,-0.150220312110376,0.343904525393995,-0.436808186627598,0.662250461369755,0.877152928966563,"LINC02762","NS","grey80"
"ENSG00000230454",34.0780838596418,0.0712603955573251,0.165096032325524,0.431629970469667,0.666010372278281,0.881299169366345,"ENSG00000230454","NS","grey80"
"ENSG00000260369",12.8501335310656,0.118688982646491,0.27568929282963,0.430517200825201,0.666819457091724,0.881536581613233,"ENSG00000260369","NS","grey80"
"ENSG00000279712",124.656920945822,0.0405227398331549,0.0943843018660342,0.42933770798741,0.667677478987457,0.881838179794755,"ENSG00000279712","NS","grey80"
"ENSG00000260417",37.7452618962169,0.0692855272080086,0.162624801558871,0.426045268273099,0.67007486053106,0.884170409748807,"ENSG00000260417","NS","grey80"
"DANT2",429.100885660273,0.0246551416443417,0.0584734051349051,0.42164709900953,0.673282622763985,0.885721549887868,"DANT2","NS","grey80"
"ENSG00000272371",10.2631210898279,-0.129576046901752,0.307807570760992,-0.420964457051533,0.673781036164699,0.885721549887868,"ENSG00000272371","NS","grey80"
"FLJ36000",40.3276512623486,0.0670625955851646,0.158676761906404,0.422636527109886,0.672560472052723,0.885721549887868,"FLJ36000","NS","grey80"
"ENSG00000277879",14.3347428429095,-0.119363320167363,0.282193254680395,-0.422984313719868,0.672306705840361,0.885721549887868,"ENSG00000277879","NS","grey80"
"ENSG00000273691",20.3619395595745,-0.0890609302863856,0.212441877972978,-0.419224924653103,0.675051757995169,0.886559532076208,"ENSG00000273691","NS","grey80"
"FAM106A",20.9654697939745,0.0907683291074182,0.217605423729329,0.417123468486343,0.676588099867915,0.887262302724999,"FAM106A","NS","grey80"
"ENSG00000285878",43.9129915961989,0.0651118744448537,0.156233718818819,0.41675942259534,0.676854385221642,0.887262302724999,"ENSG00000285878","NS","grey80"
"ENSG00000257509",12.9808466189549,-0.11738691522106,0.283051413107156,-0.414719410627428,0.678347321066672,0.888387511219214,"ENSG00000257509","NS","grey80"
"ENSG00000279623",10.439221520658,-0.137454982909616,0.333196680436306,-0.41253407065648,0.679948013572387,0.88965160654331,"ENSG00000279623","NS","grey80"
"ENSG00000267481",59.7617739990722,0.0535261315301191,0.130533378341589,0.410057046022729,0.681764101163936,0.891194903482269,"ENSG00000267481","NS","grey80"
"ENSG00000234203",9.7071122178996,0.117546342164216,0.288299976147393,0.40772234439631,0.68347753109057,0.891769378869336,"ENSG00000234203","NS","grey80"
"ENSG00000272345",13.6592761497824,0.109424791661612,0.268235080595977,0.407943626980064,0.6833150623987,0.891769378869336,"ENSG00000272345","NS","grey80"
"ENSG00000237280",12.2693824288797,0.114971454968971,0.283357627880121,0.40574681482586,0.684928640685783,0.892830630316663,"ENSG00000237280","NS","grey80"
"ENSG00000242539",38.0286608274536,0.0676277319803987,0.167856517015407,0.402890118196552,0.687029061230963,0.894735521603115,"ENSG00000242539","NS","grey80"
"ENSG00000272312",9.54593871673176,0.127540093890356,0.318538762000287,0.400391126936824,0.688868458576947,0.896297250936549,"ENSG00000272312","NS","grey80"
"ENSG00000280136",167.543040611542,-0.0337704103698415,0.0847793797725823,-0.398332831172266,0.690384862733118,0.897436218965984,"ENSG00000280136","NS","grey80"
"ENSG00000274561",116.170078856419,0.0372716074429249,0.0938297381144261,0.397225956204544,0.691200843154064,0.897663432667616,"ENSG00000274561","NS","grey80"
"ENSG00000247416",19.962426491385,-0.0875319859666518,0.222806916361855,-0.392860272903259,0.694422684890799,0.900100121373165,"ENSG00000247416","NS","grey80"
"ENSG00000250899",23.4159704148135,-0.0783984423539796,0.200146990469787,-0.391704327754128,0.695276691982565,0.900100121373165,"ENSG00000250899","NS","grey80"
"ENSG00000257607",11.0127167077529,0.114389894211376,0.292407098039952,0.391200812080653,0.695648808089832,0.900100121373165,"ENSG00000257607","NS","grey80"
"ENSG00000270823",12.8244761362185,-0.1101799296983,0.280219962454142,-0.393190865965984,0.694178515478843,0.900100121373165,"ENSG00000270823","NS","grey80"
"ENSG00000255310",232.676043243596,0.0296163699163734,0.0762005234103294,0.388663602176238,0.697525010747609,0.901694381391184,"ENSG00000255310","NS","grey80"
"LINC00630",218.77358122985,0.0275880113288731,0.0715789860406671,0.38542053827361,0.69992586839028,0.902567514630998,"LINC00630","NS","grey80"
"LINC00310",21.5368773836643,-0.0790766375189196,0.205515917093355,-0.384771353174555,0.700406825006606,0.902567514630998,"LINC00310","NS","grey80"
"ENSG00000254936",89.6049542045522,0.0417842108089999,0.108736923923983,0.384268832528413,0.700779206002782,0.902567514630998,"ENSG00000254936","NS","grey80"
"ENSG00000272084",15.3763789213712,-0.101452632771474,0.262446024484677,-0.386565706113019,0.699077750417002,0.902567514630998,"ENSG00000272084","NS","grey80"
"LINC02268",159.60763121641,-0.0336651714943814,0.0880365437499344,-0.382399967790721,0.702164714261892,0.902691092715013,"LINC02268","NS","grey80"
"ENSG00000278291",25.9563571004638,-0.0736845249346652,0.192501568723796,-0.382773633602897,0.701887612680169,0.902691092715013,"ENSG00000278291","NS","grey80"
"ENSG00000224066",23.6878413346921,0.0753582936027573,0.199070947566856,0.378549931689299,0.705022108347812,0.905532983199025,"ENSG00000224066","NS","grey80"
"ENSG00000180458",20.7580249451641,0.0794862876672304,0.213870058165381,0.371656922661729,0.710148301813219,0.907720909726646,"ENSG00000180458","NS","grey80"
"LINC01198",12.95985219681,-0.175823496687925,0.469316561941391,-0.374637315079202,0.707930217462738,0.907720909726646,"LINC01198","NS","grey80"
"NORAD",4568.4261857409,-0.0151264212590397,0.0409167442536341,-0.369687802266824,0.711615121312433,0.907720909726646,"NORAD","NS","grey80"
"ENSG00000261560",19.8498966015329,0.0820139183678501,0.221706248080975,0.369921547442792,0.711440945983923,0.907720909726646,"ENSG00000261560","NS","grey80"
"ENSG00000271147",112.449205666265,0.0363895261956829,0.0984816752486575,0.369505556275344,0.711750932442296,0.907720909726646,"ENSG00000271147","NS","grey80"
"ENSG00000272764",14.6275223590485,-0.0956355699899619,0.255679254095504,-0.374045091488881,0.708370768903414,0.907720909726646,"ENSG00000272764","NS","grey80"
"ENSG00000276809",18.3996690152822,-0.0990968409961848,0.267219586849862,-0.370844226519453,0.710753558364596,0.907720909726646,"ENSG00000276809","NS","grey80"
"ENSG00000278769",13.1417837587185,-0.105087363745365,0.284566957309977,-0.369288707089397,0.711912542057041,0.907720909726646,"ENSG00000278769","NS","grey80"
"ENSG00000278177",11.2328303036848,-0.118391933717422,0.321591539334203,-0.368143807397829,0.71276600751257,0.907982175175249,"ENSG00000278177","NS","grey80"
"ENSG00000284634",25.4330213855269,0.0689948174969655,0.188432032826541,0.366152274971622,0.714251452033435,0.909047302588008,"ENSG00000284634","NS","grey80"
"ENSG00000271009",20.3583075587642,0.078392590476009,0.214953237152638,0.364696021862386,0.715338328483296,0.9096036874447,"ENSG00000271009","NS","grey80"
"LINC00237",35.8406551701749,-0.0601114036148794,0.165515915441863,-0.363175972862824,0.716473434927117,0.910220334753143,"LINC00237","NS","grey80"
"ENSG00000285756",4329.11632500429,-0.0158830826641498,0.0442220679612112,-0.359166438758166,0.719470581807059,0.913199287878406,"ENSG00000285756","NS","grey80"
"ENSG00000261786",321.109734589411,0.0215333013073096,0.0601724609749206,0.357859741124508,0.720448280082474,0.913611949379949,"ENSG00000261786","NS","grey80"
"DLEU1",52.1917764558828,0.0488107994773107,0.137295801977835,0.355515600434677,0.722203359821899,0.91387595481473,"DLEU1","NS","grey80"
"LINC01619",45.6228439447483,0.0565297777852392,0.160039333807521,0.353224275809766,0.723920309921097,0.91387595481473,"LINC01619","NS","grey80"
"MIR762HG",46.7733649222395,-0.05053225679752,0.142839839265643,-0.353768647859815,0.72351227135654,0.91387595481473,"MIR762HG","NS","grey80"
"ENSG00000264853",65.3554520007477,-0.0445025380890695,0.125866201401644,-0.35357020068525,0.723661009979426,0.91387595481473,"ENSG00000264853","NS","grey80"
"ENSG00000276174",20.9157625019711,0.0794321129254589,0.224235447923576,0.354235307847183,0.723162545054881,0.91387595481473,"ENSG00000276174","NS","grey80"
"H19",81.4417138715333,-0.0394312363458414,0.11386552730663,-0.346296524317291,0.729119880411189,0.915753298833994,"H19","NS","grey80"
"RFPL1S",162.299366271995,0.029420208606344,0.0849188003280225,0.346451062576252,0.729003755905479,0.915753298833994,"RFPL1S","NS","grey80"
"LINC02024",213.076422669495,0.0252902215855415,0.0730090779411834,0.346398315096041,0.729043391184953,0.915753298833994,"LINC02024","NS","grey80"
"ENSG00000253706",17.273523843028,-0.0817244207672856,0.237880044133054,-0.343553075522277,0.731182419158229,0.915753298833994,"ENSG00000253706","NS","grey80"
"MIR2052HG",11.1134413161669,0.105337264854992,0.305266380726101,0.345066707327673,0.730044221687841,0.915753298833994,"MIR2052HG","NS","grey80"
"ENSG00000258422",16.5495567974035,0.0813316192610988,0.236880872224327,0.343343970736808,0.731339705140886,0.915753298833994,"ENSG00000258422","NS","grey80"
"ENSG00000261600",14.2406136439783,-0.0904218129674018,0.263978543336137,-0.342534706891928,0.731948529568028,0.915753298833994,"ENSG00000261600","NS","grey80"
"ENSG00000263272",14.2730547454706,-0.0937755203755754,0.27277798161066,-0.343779654874866,0.731012001781329,0.915753298833994,"ENSG00000263272","NS","grey80"
"ENSG00000273014",25.6046491555353,0.0668528841652237,0.191585160692176,0.348946045318394,0.727129816049576,0.915753298833994,"ENSG00000273014","NS","grey80"
"ENSG00000276672",116.477943970839,-0.0351335205761354,0.101333840267022,-0.34671063963979,0.728808716205098,0.915753298833994,"ENSG00000276672","NS","grey80"
"ENSG00000271862",65.1216859618036,-0.040656236908106,0.11913227743881,-0.341269702738523,0.732900554015067,0.916125692518834,"ENSG00000271862","NS","grey80"
"ENSG00000228886",16.4383988649671,-0.0792894235605899,0.234085508503898,-0.338719915074408,0.73482073656472,0.916503187159886,"ENSG00000228886","NS","grey80"
"ENSG00000269954",59.9043857232018,0.0459056285090012,0.135710660983148,0.338261034000134,0.735166485128966,0.916503187159886,"ENSG00000269954","NS","grey80"
"ENSG00000281530",9.58555493150542,-0.101762572797351,0.300015928952776,-0.339190566156134,0.734466175591858,0.916503187159886,"ENSG00000281530","NS","grey80"
"ENSG00000267198",41.1488930441059,0.0517766161194992,0.153723768640028,0.336815943152836,0.736255653719608,0.917044408547554,"ENSG00000267198","NS","grey80"
"ENSG00000230732",46.3052788906542,0.0499284531040247,0.148969581998867,0.335158711154901,0.737505366242656,0.917495131149052,"ENSG00000230732","NS","grey80"
"ENSG00000260947",218.240276874037,-0.0240180548428348,0.0721563310387186,-0.332861364998546,0.739238934240094,0.917495131149052,"ENSG00000260947","NS","grey80"
"ENSG00000264734",54.1104815402253,0.0462736477389942,0.1387099959066,0.333599950288749,0.738681455773307,0.917495131149052,"ENSG00000264734","NS","grey80"
"ENSG00000278472",9.50414799231213,-0.102420048530554,0.307362998408253,-0.333221790068938,0.738966871042783,0.917495131149052,"ENSG00000278472","NS","grey80"
"ENSG00000230498",23.2306266451817,0.0670075012161677,0.20220945526647,0.331376696148386,0.74035996523301,0.918072587534291,"ENSG00000230498","NS","grey80"
"GIHCG",59.8490633705498,-0.0434906012655071,0.132412111362404,-0.328448816486853,0.742572338048463,0.920001126785707,"GIHCG","NS","grey80"
"LINC00898",11.6541154540332,-0.0892277449741664,0.281790487680992,-0.316645695560806,0.751512458497231,0.921774575991972,"LINC00898","NS","grey80"
"LINC01776",148.767973673905,0.0267960017319609,0.0851463299992535,0.314705304764114,0.752985416152491,0.921774575991972,"LINC01776","NS","grey80"
"FAM66A",25.2344035738191,-0.0594716702248722,0.187698514904529,-0.316846780887542,0.751359865552319,0.921774575991972,"FAM66A","NS","grey80"
"MIR646HG",17.4748374866808,-0.07231630242845,0.224131559335463,-0.32265113687186,0.74695946154656,0.921774575991972,"MIR646HG","NS","grey80"
"ENSG00000229311",91.3146298360849,-0.0346953369849047,0.110512185805867,-0.313950328028556,0.753558765133266,0.921774575991972,"ENSG00000229311","NS","grey80"
"ENSG00000236358",12.5760347392901,-0.0833850779587241,0.257200068699638,-0.32420317140779,0.745784221208728,0.921774575991972,"ENSG00000236358","NS","grey80"
"ENSG00000259644",34.8205727734279,-0.0561121211647052,0.174837283304916,-0.320939104657933,0.74825653894962,0.921774575991972,"ENSG00000259644","NS","grey80"
"ENSG00000261187",9.46292343831715,-0.0955301559029728,0.30352159141911,-0.314739242952447,0.752959645805942,0.921774575991972,"ENSG00000261187","NS","grey80"
"ENSG00000269951",71.572033695749,0.0362337811255157,0.115568106770411,0.313527513239427,0.753879921079149,0.921774575991972,"ENSG00000269951","NS","grey80"
"ENSG00000269968",17.2708671040383,0.0816410308955755,0.254451681535,0.320850820883043,0.748323444250468,0.921774575991972,"ENSG00000269968","NS","grey80"
"ENSG00000272667",66.7734238138719,-0.0391637558820371,0.122320796393513,-0.320172505712316,0.748837564301503,0.921774575991972,"ENSG00000272667","NS","grey80"
"ENSG00000272769",16.068877157665,-0.0803452897446663,0.253136995404628,-0.317398449073941,0.750941283885169,0.921774575991972,"ENSG00000272769","NS","grey80"
"ENSG00000273230",25.7932395303313,-0.0595386304515559,0.187952241725671,-0.316775314329353,0.751414096603795,0.921774575991972,"ENSG00000273230","NS","grey80"
"ENSG00000276115",166.803353398932,-0.0305062144688809,0.096566022131164,-0.315910439258282,0.752070488019607,0.921774575991972,"ENSG00000276115","NS","grey80"
"ENSG00000279954",12.4753983420579,0.0866305993589666,0.26709240052675,0.324346927086344,0.745675395600694,0.921774575991972,"ENSG00000279954","NS","grey80"
"ENSG00000231252",29.1135111240249,0.0553431864115774,0.180975318661419,0.305805160730879,0.759752998902094,0.923255180774295,"ENSG00000231252","NS","grey80"
"ENSG00000259959",176.379801046509,-0.0236290930496674,0.0764429514311062,-0.309107545003191,0.757239719975695,0.923255180774295,"ENSG00000259959","NS","grey80"
"LINC02175",13.9196523885356,0.0784115811417191,0.257003168355009,0.30509966722825,0.760290244639613,0.923255180774295,"LINC02175","NS","grey80"
"ENSG00000270116",40.5041756008301,0.0482054689781166,0.158500928189885,0.304133669932622,0.761026056152526,0.923255180774295,"ENSG00000270116","NS","grey80"
"ENSG00000271754",14.1364514975452,0.0822450586219418,0.268376783918196,0.306453700730727,0.759259226493483,0.923255180774295,"ENSG00000271754","NS","grey80"
"ENSG00000272918",38.0796814539488,0.049089296884884,0.158084334586271,0.310526005080501,0.75616098699643,0.923255180774295,"ENSG00000272918","NS","grey80"
"ENSG00000273004",10.8999663317087,-0.0899210453412921,0.294971111838608,-0.304846955285885,0.76048271738417,0.923255180774295,"ENSG00000273004","NS","grey80"
"ENSG00000274677",13.5410624171205,-0.0843109981539475,0.272460149653073,-0.309443411307311,0.756984252230754,0.923255180774295,"ENSG00000274677","NS","grey80"
"ENSG00000276853",33.6167219912366,0.0559609515959211,0.183840274681875,0.304399847600089,0.760823283883257,0.923255180774295,"ENSG00000276853","NS","grey80"
"FAM88F",88.7657574256297,-0.0318302509999883,0.105961596186571,-0.30039421965618,0.763876472263563,0.92397807061823,"FAM88F","NS","grey80"
"LINC02575",72.3905155828657,0.0409353992296998,0.136501858011504,0.299888952619605,0.764261861268507,0.92397807061823,"LINC02575","NS","grey80"
"MIATNB",86.5609232429974,0.0329256350560264,0.109609144841578,0.300391314097151,0.763878688291883,0.92397807061823,"MIATNB","NS","grey80"
"ENSG00000265478",25.482451846102,0.0594471203704538,0.19694195296154,0.301850974241446,0.762765670313064,0.92397807061823,"ENSG00000265478","NS","grey80"
"LITATS1",14.0741678212758,-0.0809572511632911,0.272709467918393,-0.296862634734476,0.766571384023707,0.925970610554953,"LITATS1","NS","grey80"
"ENSG00000260948",33.8586339084468,0.0497480176757998,0.169852359974827,0.292889764282185,0.76960641287192,0.928035295452789,"ENSG00000260948","NS","grey80"
"ENSG00000273165",25.5914381797321,0.0580675232210509,0.197903591455765,0.293413185652217,0.769206348060793,0.928035295452789,"ENSG00000273165","NS","grey80"
"FAM66D",24.8625966036285,-0.0564370838998026,0.193892388040304,-0.291074262740377,0.770994523461971,0.928110346385864,"FAM66D","NS","grey80"
"ENSG00000276651",12.0404852269328,-0.0797006076728061,0.273371420913914,-0.291546963491492,0.770633031347153,0.928110346385864,"ENSG00000276651","NS","grey80"
"ENSG00000244733",40.6267695258814,-0.0463080477853159,0.162231910884561,-0.285443520530725,0.775304369176718,0.929140573753244,"ENSG00000244733","NS","grey80"
"ENSG00000249526",14.0096326639434,0.0773790632631079,0.27255900808017,0.283898388859516,0.776488251225477,0.929140573753244,"ENSG00000249526","NS","grey80"
"ENSG00000261526",65.092829046898,-0.0359597942423983,0.125264690937611,-0.287070474315131,0.774058359191386,0.929140573753244,"ENSG00000261526","NS","grey80"
"ENSG00000264215",16.7070454974355,0.0671070577487662,0.236385503343816,0.283888211415235,0.776496050922354,0.929140573753244,"ENSG00000264215","NS","grey80"
"ENSG00000273381",24.8707217301132,0.0557587335721135,0.195831687429388,0.284727841055952,0.775852659048856,0.929140573753244,"ENSG00000273381","NS","grey80"
"ENSG00000276855",35.8470202485232,0.052488523084815,0.181718429906061,0.2888453477831,0.772699727909703,0.929140573753244,"ENSG00000276855","NS","grey80"
"ENSG00000278784",24.3674049316423,0.0558959710891947,0.195253844287536,0.28627334479971,0.774668771961376,0.929140573753244,"ENSG00000278784","NS","grey80"
"MIAT",475.999284506668,-0.0158594030041888,0.0577069694212991,-0.274826475263407,0.783449556695633,0.935037315523945,"MIAT","NS","grey80"
"ENSG00000227388",36.7922877847405,0.0437104801634523,0.16121446265935,0.2711324991717,0.786289126690643,0.935037315523945,"ENSG00000227388","NS","grey80"
"ENSG00000237188",14.3964204362362,-0.071941731387362,0.266784394615493,-0.269662442179383,0.787419957212824,0.935037315523945,"ENSG00000237188","NS","grey80"
"ENSG00000243960",13.338758378391,0.0778248186411305,0.282125301511888,0.275851964443009,0.782661769663151,0.935037315523945,"ENSG00000243960","NS","grey80"
"ENSG00000257534",12.7480887130317,0.0759435288367092,0.27808824640262,0.27309147300946,0.784782901244532,0.935037315523945,"ENSG00000257534","NS","grey80"
"ENSG00000258824",18.3276986128956,0.0598716936815201,0.223291053611758,0.268132971353257,0.788596967276929,0.935037315523945,"ENSG00000258824","NS","grey80"
"ENSG00000267298",20.2688415486105,-0.0592110822659639,0.215933994638695,-0.27420917380349,0.783923878550078,0.935037315523945,"ENSG00000267298","NS","grey80"
"ENSG00000272892",11.6448685771502,-0.0737174900196615,0.271080032181548,-0.271939948606363,0.785668193746737,0.935037315523945,"ENSG00000272892","NS","grey80"
"ENSG00000275964",25.3420180647998,-0.0522608670250184,0.194351942424445,-0.268898094730054,0.788008103177115,0.935037315523945,"ENSG00000275964","NS","grey80"
"ENSG00000278475",16.0664436094712,-0.0662730985315978,0.242035278507121,-0.273815862465883,0.784226132850443,0.935037315523945,"ENSG00000278475","NS","grey80"
"ENSG00000283828",10.7703677015801,0.0763188131843809,0.284870350048956,0.267907183640787,0.788770764024128,0.935037315523945,"ENSG00000283828","NS","grey80"
"ENSG00000235381",410.32537417782,0.0148676514765462,0.0558819918596637,0.266054429732629,0.790197290241313,0.935177408415224,"ENSG00000235381","NS","grey80"
"ENSG00000254694",14.8299949708294,-0.0659125588770089,0.247774280422969,-0.266018566432687,0.790224910110865,0.935177408415224,"ENSG00000254694","NS","grey80"
"ENSG00000250371",14.9652395050295,-0.0661304797485806,0.249996213506075,-0.264525925497561,0.791374690398092,0.935747100132879,"ENSG00000250371","NS","grey80"
"ENSG00000258944",22.4830386288872,0.0543688712615368,0.208951259336388,0.260198820692481,0.794710413892282,0.938106728034734,"ENSG00000258944","NS","grey80"
"ENSG00000272263",11.3671418173205,0.0754837580124924,0.28971362908939,0.260546106338692,0.794442555256738,0.938106728034734,"ENSG00000272263","NS","grey80"
"ENSG00000277687",98.7978710752717,0.0277806056451342,0.107422957530457,0.258609577354615,0.79593649291945,0.938762502179638,"ENSG00000277687","NS","grey80"
"ENSG00000272699",11.3613242925234,0.0757637372891668,0.294566928230583,0.257203813558662,0.797021440226409,0.939250855485667,"ENSG00000272699","NS","grey80"
"SNHG19",119.746008649196,0.0246189259338283,0.0976733772135897,0.252053595730516,0.800999637362184,0.940705212997248,"SNHG19","NS","grey80"
"ENSG00000269937",201.173396536277,0.0234234074602747,0.0928129854734868,0.252372093633017,0.800753468219063,0.940705212997248,"ENSG00000269937","NS","grey80"
"ENSG00000275180",35.3958769449277,-0.0423603841941616,0.168066486456331,-0.252045396362636,0.801005974969084,0.940705212997248,"ENSG00000275180","NS","grey80"
"ENSG00000280434",21.5437066976401,-0.0528994578220777,0.209212720663159,-0.252850102299697,0.80038404928656,0.940705212997248,"ENSG00000280434","NS","grey80"
"ENSG00000283982",18.7096000492771,0.0539062417503275,0.214546018668625,0.25125724581069,0.801615227932655,0.940705212997248,"ENSG00000283982","NS","grey80"
"ENSG00000261211",13.0212753873205,-0.068853645177792,0.276980467548487,-0.248586645069977,0.803680539970609,0.941550423396529,"ENSG00000261211","NS","grey80"
"ENSG00000274403",14.7130130885062,-0.063489926765217,0.254844963987504,-0.249131573062319,0.803259007475072,0.941550423396529,"ENSG00000274403","NS","grey80"
"DLEU2L",66.0832457885128,-0.0294447118780461,0.120996429856475,-0.243351906440324,0.80773279712504,0.941570288072486,"DLEU2L","NS","grey80"
"SNHG5",1093.16372837898,-0.0114346287397862,0.0469235068628348,-0.243686576393608,0.807473570503801,0.941570288072486,"SNHG5","NS","grey80"
"ENSG00000214773",35.5149267618494,0.0399900554669628,0.163448431687976,0.244664663062072,0.806716091342322,0.941570288072486,"ENSG00000214773","NS","grey80"
"PSLNR",12.239531060083,-0.0721645993480477,0.293903515499398,-0.245538401354017,0.806039578026654,0.941570288072486,"PSLNR","NS","grey80"
"MIR4453HG",131.687932411676,0.0231000564604568,0.0938122135920446,0.246237196373071,0.805498623255092,0.941570288072486,"MIR4453HG","NS","grey80"
"LINC01126",30.9265508950656,-0.0460799543917115,0.187146302652613,-0.246224230661113,0.805508659491624,0.941570288072486,"LINC01126","NS","grey80"
"ENSG00000273035",22.7887403486141,0.0525105095758113,0.217825238341824,0.24106715078355,0.809503071944537,0.942848835875501,"ENSG00000273035","NS","grey80"
"ENSG00000273271",29.2346076617448,0.0447955445009132,0.186501529998683,0.240188616689791,0.810184037989107,0.942857567069618,"ENSG00000273271","NS","grey80"
"ENSG00000271204",36.981323861298,0.0412005112657709,0.172788855015432,0.238444263445644,0.81153653997739,0.943647139508593,"ENSG00000271204","NS","grey80"
"ENSG00000233651",70.2763686822038,-0.0295611400465183,0.126612869366013,-0.233476582550726,0.815391351546519,0.944989976957886,"ENSG00000233651","NS","grey80"
"ENSG00000238039",15.817496696814,0.0593637863440827,0.253073221098863,0.234571584011618,0.814541266889726,0.944989976957886,"ENSG00000238039","NS","grey80"
"ENSG00000250038",97.4895051796712,-0.0244808909521615,0.104548518667232,-0.234158180950242,0.814862179307519,0.944989976957886,"ENSG00000250038","NS","grey80"
"ENSG00000272668",30.0400442823369,0.04230188323683,0.180998126335281,0.233714481433194,0.815206644520129,0.944989976957886,"ENSG00000272668","NS","grey80"
"LINC01252",42.5807894109377,-0.0352063978876664,0.152517536833893,-0.230835080466909,0.817442926839675,0.94525552037447,"LINC01252","NS","grey80"
"ENSG00000272405",10.8169581038652,-0.0722830679955052,0.311507985559273,-0.232042423778415,0.816505063489517,0.94525552037447,"ENSG00000272405","NS","grey80"
"ENSG00000284959",40.3011845424482,0.0375339841700575,0.162785214140686,0.230573669532535,0.817646025123916,0.94525552037447,"ENSG00000284959","NS","grey80"
"INE1",20.1293103420622,0.0491738579663562,0.217305200222736,0.226289375109079,0.820976361520183,0.9457070686999,"INE1","NS","grey80"
"ENSG00000242588",162.765139411023,0.0193348260047086,0.0856559832962893,0.225726508069241,0.82141413967077,0.9457070686999,"ENSG00000242588","NS","grey80"
"ENSG00000275367",53.2868792031489,-0.0308943241340596,0.13528743925219,-0.228360624643574,0.819365897715315,0.9457070686999,"ENSG00000275367","NS","grey80"
"ENSG00000277840",30.0881021691131,-0.0393324161797187,0.173382298085034,-0.226853701987664,0.820537503932287,0.9457070686999,"ENSG00000277840","NS","grey80"
"ENSG00000284722",11.4562669573505,0.0650719115617715,0.28722107698534,0.226556881705073,0.820768323853747,0.9457070686999,"ENSG00000284722","NS","grey80"
"ENSG00000270095",14.8916641783158,0.0560539692603883,0.250475734405324,0.223790018595897,0.822920697016757,0.94666308613267,"ENSG00000270095","NS","grey80"
"ENSG00000272219",27.6515620292318,0.0429945308862885,0.193656068668516,0.222014890531951,0.82430229161697,0.947183687860533,"ENSG00000272219","NS","grey80"
"ENSG00000272505",58.3919514371712,-0.0285765829171729,0.129031300893261,-0.221470160490843,0.824726368215707,0.947183687860533,"ENSG00000272505","NS","grey80"
"ENSG00000254330",23.6449046822137,0.0425424097435813,0.193847871994489,0.219462866968128,0.826289502644112,0.94742449115623,"ENSG00000254330","NS","grey80"
"ENSG00000273893",26.0679960306438,-0.0453611487736288,0.206267542246443,-0.219914138112106,0.825938025218839,0.94742449115623,"ENSG00000273893","NS","grey80"
"ENSG00000278996",14.5392659893798,-0.0565361500900181,0.259018517204832,-0.21827068852112,0.827218211038926,0.947713171403025,"ENSG00000278996","NS","grey80"
"ENSG00000249635",18.3263965119704,0.0506643139151069,0.234784841764979,0.215790395726749,0.82915113505462,0.948375481271624,"ENSG00000249635","NS","grey80"
"ENSG00000251661",23.1227675790005,-0.0428917065701923,0.19826620858392,-0.216333922338751,0.828727468856399,0.948375481271624,"ENSG00000251661","NS","grey80"
"ENSG00000229970",27.5910897604586,0.0402655505798159,0.189133805599606,0.212894519053128,0.831409237552718,0.949406959684996,"ENSG00000229970","NS","grey80"
"ENSG00000256417",207.327016723138,0.0164117169381221,0.0768518931997466,0.213549936830655,0.830898043314647,0.949406959684996,"ENSG00000256417","NS","grey80"
"ENSG00000272983",75.6652662030712,0.0237202328227746,0.111896669065453,0.21198336841376,0.832120009551505,0.949444183677349,"ENSG00000272983","NS","grey80"
"LINC01909",22.5152199448838,0.0438902864765719,0.208858096247527,0.210144051224883,0.833555245095098,0.949645512052466,"LINC01909","NS","grey80"
"ENSG00000270571",15.5654096975358,-0.051513992193341,0.245282909688838,-0.210018677039876,0.833653095937486,0.949645512052466,"ENSG00000270571","NS","grey80"
"LINC01266",63.3311861615291,0.0274908113255694,0.131539814989858,0.208992321660852,0.834454232696094,0.949785305507749,"LINC01266","NS","grey80"
"RNF216P1",407.593295912762,-0.0116838168632708,0.0571063529267865,-0.20459749685381,0.837886611254871,0.951518724872538,"RNF216P1","NS","grey80"
"ENSG00000259408",27.4621126624232,0.0380409412703154,0.185675551656133,0.204878568723826,0.837666999724395,0.951518724872538,"ENSG00000259408","NS","grey80"
"ENSG00000271860",21.3669938357726,-0.0435376843418519,0.213482716986012,-0.203940089186258,0.838400316724437,0.951518724872538,"ENSG00000271860","NS","grey80"
"ENSG00000272129",42.112634920917,-0.0312305730451882,0.153420446516067,-0.203562000726661,0.838695790351937,0.951518724872538,"ENSG00000272129","NS","grey80"
"MALAT1",146819.727191127,-0.00533620607500694,0.0272229199794186,-0.196018872297362,0.84459539458171,0.952119308121684,"MALAT1","NS","grey80"
"ENSG00000254293",12.3081238042152,-0.0542828988036798,0.27041310250164,-0.200740638310418,0.840901381673203,0.952119308121684,"ENSG00000254293","NS","grey80"
"MIR100HG",60.8107911220279,-0.0248280864649537,0.126719900826605,-0.195928865971311,0.844665843347951,0.952119308121684,"MIR100HG","NS","grey80"
"ENSG00000260274",13.6769006186912,-0.0504068787969525,0.255985488604993,-0.196913032342761,0.843895595014862,0.952119308121684,"ENSG00000260274","NS","grey80"
"LINC02986",101.801119655125,0.0209215203006639,0.106016834363378,0.197341492285597,0.843560311558448,0.952119308121684,"LINC02986","NS","grey80"
"ENSG00000274015",10.8596885331926,-0.0561961434413627,0.282017593981446,-0.19926467227807,0.842055712426605,0.952119308121684,"ENSG00000274015","NS","grey80"
"FAM27E3",67.9715596850872,-0.025070030889552,0.124456417076444,-0.201436225455161,0.840357491874304,0.952119308121684,"FAM27E3","NS","grey80"
"ENSG00000275155",8.37427128163228,-0.0630875270071481,0.320490453138774,-0.196846821455337,0.843947409653389,0.952119308121684,"ENSG00000275155","NS","grey80"
"LINC02976",52.4812946913395,-0.0267594717816677,0.137305498800613,-0.194890022726083,0.8454790451417,0.952269238293146,"LINC02976","NS","grey80"
"ENSG00000256712",38.9007728898268,-0.0311019067139236,0.161833054230235,-0.192185130916926,0.847597192612173,0.953360746534856,"ENSG00000256712","NS","grey80"
"ENSG00000284902",21.5716139320839,-0.0422105798078827,0.21994605011058,-0.191913334141081,0.847810092454211,0.953360746534856,"ENSG00000284902","NS","grey80"
"ENSG00000270130",32.4907728223782,0.0327886699467596,0.174418044826212,0.187988977742698,0.850885291627159,0.956050889468718,"ENSG00000270130","NS","grey80"
"MIR99AHG",364.446155180272,-0.0106650592588504,0.057408731252008,-0.185774167557089,0.852621863173549,0.95723384798955,"MIR99AHG","NS","grey80"
"ENSG00000274667",21.0776611995265,0.0385849143079976,0.209928970737154,0.183799854648497,0.854170470168933,0.958204053074124,"ENSG00000274667","NS","grey80"
"MIR181A2HG",72.5285409377925,-0.0213586899592419,0.118180848462219,-0.18072885951627,0.856580405168247,0.95920776464374,"MIR181A2HG","NS","grey80"
"SNHG9",27.8542929535745,0.0368622081028747,0.205163511121794,0.179672339887923,0.857409809598924,0.95920776464374,"SNHG9","NS","grey80"
"ENSG00000268049",21.319317300629,-0.0402996580079626,0.223356531433594,-0.180427488505945,0.856816975725648,0.95920776464374,"ENSG00000268049","NS","grey80"
"ENSG00000276728",31.9393266300984,-0.0304114289561969,0.170319477267213,-0.178555203692203,0.858286971380515,0.95920776464374,"ENSG00000276728","NS","grey80"
"ENSG00000277151",96.2460730000795,0.0208863343648293,0.117144514789715,0.178295453289658,0.858490949356148,0.95920776464374,"ENSG00000277151","NS","grey80"
"FAM182A",11.6340708568508,0.0488419263953508,0.280749532995078,0.173969751166806,0.861889234764816,0.959723963405048,"FAM182A","NS","grey80"
"GOLGA8M",17.7325548600844,-0.0370902171394898,0.219487690669625,-0.168985408823305,0.865808118414697,0.959723963405048,"GOLGA8M","NS","grey80"
"LINC01441",15.4684369281158,-0.0430905108324791,0.254718329161803,-0.169169258350101,0.865663509536305,0.959723963405048,"LINC01441","NS","grey80"
"ENSG00000259946",282.608640971654,0.0136802602198708,0.0787395617075961,0.173740619368358,0.86206931332652,0.959723963405048,"ENSG00000259946","NS","grey80"
"ENSG00000260805",12.8676788397043,-0.048982467187955,0.285108648214325,-0.171802810945017,0.863592555570843,0.959723963405048,"ENSG00000260805","NS","grey80"
"ENSG00000271833",21.4416753005955,0.0363812224847408,0.205895264038614,0.176697714027641,0.85974583656431,0.959723963405048,"ENSG00000271833","NS","grey80"
"LINC02604",40.7759442552459,-0.0382126981355591,0.2234638496125,-0.171001699835666,0.864222429007854,0.959723963405048,"LINC02604","NS","grey80"
"ENSG00000275457",18.1301397089733,-0.0390954185109941,0.224268706846941,-0.174324002044904,0.861610837130141,0.959723963405048,"ENSG00000275457","NS","grey80"
"ENSG00000276603",12.5490116777798,-0.048688715033844,0.282655479073636,-0.172254630242494,0.863237350952083,0.959723963405048,"ENSG00000276603","NS","grey80"
"ENSG00000280018",148.181297431918,-0.0145286548068121,0.0851251250721682,-0.17067410819655,0.864480022744151,0.959723963405048,"ENSG00000280018","NS","grey80"
"ENSG00000273245",19.7327741169537,0.035629900578457,0.214227780578597,0.166317834606819,0.867906831525175,0.961289212132314,"ENSG00000273245","NS","grey80"
"LINC01965",42.4184667156808,-0.0250174840406407,0.152277647648721,-0.164288616398592,0.869503942732682,0.962296853617198,"LINC01965","NS","grey80"
"MITA1",59.9582248435671,-0.0207944117709779,0.12860711496494,-0.161689435119097,0.871550424617291,0.963799837649453,"MITA1","NS","grey80"
"ENSG00000275437",24.2139684719854,0.0317443995041869,0.198635475142287,0.159812337053327,0.873028905430317,0.963912040695934,"ENSG00000275437","NS","grey80"
"ENSG00000285688",10.160529141875,0.0476462324643239,0.297705130419237,0.160045049936583,0.872845586855621,0.963912040695934,"ENSG00000285688","NS","grey80"
"LOH12CR2",10.3939240386466,-0.0485384594596204,0.319898928697769,-0.151730609593501,0.879399413716993,0.965313912113279,"LOH12CR2","NS","grey80"
"LINC01829",23.1502780384581,0.0305958412822388,0.202347899182113,0.151204145958059,0.879814679897532,0.965313912113279,"LINC01829","NS","grey80"
"LINC02984",19.211248086782,0.0338969580466331,0.21783376933958,0.155609289365008,0.876341002291133,0.965313912113279,"LINC02984","NS","grey80"
"ENSG00000244757",110.677050713645,-0.0166026705366019,0.10880231010329,-0.15259483480489,0.878717798523555,0.965313912113279,"ENSG00000244757","NS","grey80"
"LINC02899",98.9607559962861,-0.0157218722247378,0.102617039778025,-0.153209177138089,0.878233320806334,0.965313912113279,"LINC02899","NS","grey80"
"SCARNA9",76.5230421037532,0.0186226648839687,0.12204250152508,0.152591635301262,0.878720321809456,0.965313912113279,"SCARNA9","NS","grey80"
"ENSG00000261324",122.532007679383,0.0152446454885916,0.0986283881701541,0.154566507386204,0.877163075847257,0.965313912113279,"ENSG00000261324","NS","grey80"
"ENSG00000272812",37.2104167054834,-0.0252519399882264,0.163914548562457,-0.154055513739859,0.877565964347409,0.965313912113279,"ENSG00000272812","NS","grey80"
"ENSG00000259453",16.2411121054952,0.036632246375864,0.245419924956906,0.149263538330461,0.881345685114853,0.96623645979702,"ENSG00000259453","NS","grey80"
"ENSG00000270956",39.7143481446713,-0.0223734731588732,0.152923942238892,-0.146304580115533,0.883680950356218,0.968038599764245,"ENSG00000270956","NS","grey80"
"HAGLR",147.959352180522,0.0131902879502789,0.0909640614786437,0.14500548607733,0.884706540310357,0.968404344358483,"HAGLR","NS","grey80"
"LINC01237",64.2859914686729,0.0169659921418034,0.11959430079092,0.141862881672465,0.887188313861578,0.969831614936772,"LINC01237","NS","grey80"
"ENSG00000274776",12.4401721523559,0.0374315991315706,0.264347358696242,0.141600049708016,0.887395927667146,0.969831614936772,"ENSG00000274776","NS","grey80"
"LINC02750",25.1267244089111,0.0268425150802605,0.200219699237863,0.134065305174449,0.89335093438451,0.971122586221012,"LINC02750","NS","grey80"
"ENSG00000254859",58.0709052246479,0.0263800049268868,0.196610079970508,0.134174224082732,0.893264807790618,0.971122586221012,"ENSG00000254859","NS","grey80"
"ENSG00000258314",14.0424303375913,0.03471470268916,0.255816672168574,0.135701486517205,0.892057272522348,0.971122586221012,"ENSG00000258314","NS","grey80"
"ENSG00000261019",46.2338536921402,-0.0197950933820074,0.147540494923085,-0.134167188420554,0.893270371135754,0.971122586221012,"ENSG00000261019","NS","grey80"
"ENSG00000266783",16.7844991895845,-0.0323043615331517,0.239850933728227,-0.134685160616283,0.892860806388888,0.971122586221012,"ENSG00000266783","NS","grey80"
"ENSG00000283360",15.8772045677306,-0.0357644078538904,0.26697466883499,-0.133961802480951,0.893432779323332,0.971122586221012,"ENSG00000283360","NS","grey80"
"NCAL1",84.2096915443425,-0.0143077811420511,0.105481605057606,-0.135642429163239,0.892103961787967,0.971122586221012,"NCAL1","NS","grey80"
"ENSG00000224985",9.0524869213025,-0.0427836905818722,0.327367657451853,-0.130690034913313,0.896020515716762,0.971672131683553,"ENSG00000224985","NS","grey80"
"ENSG00000272004",13.845807280716,-0.0338329434762011,0.258704442142511,-0.130778363123598,0.89595063970084,0.971672131683553,"ENSG00000272004","NS","grey80"
"ENSG00000273306",24.3013043723282,-0.0262766843813337,0.200053911182708,-0.131348016272151,0.895500009288585,0.971672131683553,"ENSG00000273306","NS","grey80"
"CASC2",110.532654082383,-0.0108148797707191,0.0907799616051159,-0.11913289650598,0.905170068681134,0.97257576542122,"CASC2","NS","grey80"
"ENSG00000225156",143.480328243406,0.0109473180426598,0.0927186551441996,0.118070285053575,0.906011967823774,0.97257576542122,"ENSG00000225156","NS","grey80"
"ENSG00000226454",23.2520918901617,0.0232894511987408,0.188289322726754,0.123689707209465,0.901560961532494,0.97257576542122,"ENSG00000226454","NS","grey80"
"ENSG00000228540",25.3627873337555,-0.0219690029147895,0.200317767278244,-0.109670765670397,0.912670486144683,0.97257576542122,"ENSG00000228540","NS","grey80"
"SNHG31",30.8750111843719,-0.0199376336049311,0.175841732149763,-0.113383969557069,0.909726148190778,0.97257576542122,"SNHG31","NS","grey80"
"ENSG00000230735",16.2870086634446,0.0287440434594582,0.250989342223144,0.114522964221736,0.908823243340755,0.97257576542122,"ENSG00000230735","NS","grey80"
"FAM215B",27.9155102541227,-0.0231455671206447,0.181775638510455,-0.127330412976728,0.898678890134198,0.97257576542122,"FAM215B","NS","grey80"
"ENSG00000256064",66.149620242455,0.0149273547690431,0.126279387303166,0.118208957834157,0.905902092398905,0.97257576542122,"ENSG00000256064","NS","grey80"
"ENSG00000259915",35.7186892132515,-0.019413616660162,0.175669364431949,-0.110512249662533,0.912003135548941,0.97257576542122,"ENSG00000259915","NS","grey80"
"ENSG00000260196",41.4671663581652,-0.0199234812005598,0.157998976946057,-0.126098798774893,0.899653718320886,0.97257576542122,"ENSG00000260196","NS","grey80"
"ENSG00000260751",16.8166505795227,0.0269071693024338,0.239361158910283,0.112412429088042,0.910496400804646,0.97257576542122,"ENSG00000260751","NS","grey80"
"ENSG00000260917",203.136581898755,0.0089409584937098,0.072574138678187,0.12319758327903,0.901950639255619,0.97257576542122,"ENSG00000260917","NS","grey80"
"NAMA",83.1572811169427,-0.0125341008478468,0.107456032008536,-0.11664399488389,0.90714217278846,0.97257576542122,"NAMA","NS","grey80"
"ENSG00000271947",19.6040528941261,0.0268632060012904,0.23096118572588,0.116310478389964,0.907406481423025,0.97257576542122,"ENSG00000271947","NS","grey80"
"ENSG00000271976",106.984169583527,0.0117007396802087,0.100602285049621,0.116306897745289,0.907409319105398,0.97257576542122,"ENSG00000271976","NS","grey80"
"ENSG00000272108",175.216533336764,0.01258466321421,0.102583923501777,0.122676758546791,0.902363068821135,0.97257576542122,"ENSG00000272108","NS","grey80"
"ENSG00000272990",19.894888386857,-0.0238567078642843,0.216727044874459,-0.110077207383617,0.912348144166542,0.97257576542122,"ENSG00000272990","NS","grey80"
"ENSG00000273399",15.0227557258007,0.0315864950262963,0.251386111486342,0.125649324218981,0.900009517243225,0.97257576542122,"ENSG00000273399","NS","grey80"
"ENSG00000274297",9.25912436423184,0.0433728228302298,0.337542653857459,0.128495828111092,0.897756599542274,0.97257576542122,"ENSG00000274297","NS","grey80"
"ENSG00000278434",23.4697108836936,0.0229516354847019,0.202257093169209,0.113477530627321,0.909651975965306,0.97257576542122,"ENSG00000278434","NS","grey80"
"ENSG00000278456",9.57145001087676,-0.0367197941538734,0.302742078938606,-0.121290685069649,0.903460797785172,0.97257576542122,"ENSG00000278456","NS","grey80"
"ENSG00000279072",104.958794554598,0.020296777633391,0.169748817310986,0.119569478921356,0.90482419851801,0.97257576542122,"ENSG00000279072","NS","grey80"
"ENSG00000280441",14.7308359486401,-0.029131073142241,0.266116572635711,-0.109467339270594,0.912831825545346,0.97257576542122,"ENSG00000280441","NS","grey80"
"APRG1",42.4961813621728,0.015993359362979,0.152109426830866,0.105143775084778,0.91626172429348,0.972743731924811,"APRG1","NS","grey80"
"SEPTIN14P23",20.0127832582091,-0.0233904983843596,0.219707478764449,-0.106462003550807,0.915215800807205,0.972743731924811,"SEPTIN14P23","NS","grey80"
"TSIX",47.3818813315383,-0.0175855694773241,0.167486042559891,-0.104997223700212,0.916378011710137,0.972743731924811,"TSIX","NS","grey80"
"ENSG00000280036",16.439493578521,0.0266642352964138,0.254212834493732,0.104889414216697,0.916463558863447,0.972743731924811,"ENSG00000280036","NS","grey80"
"ENSG00000285693",14.1507884096316,0.0291430336124372,0.269632809962665,0.108084151986075,0.913928939385203,0.972743731924811,"ENSG00000285693","NS","grey80"
"LINC02315",85.936412907583,-0.0113788776715021,0.110598898199351,-0.102884186522293,0.918054888419493,0.973694578626735,"LINC02315","NS","grey80"
"LINC00471",11.4691370853882,-0.027957088052789,0.279234061523656,-0.100120622463605,0.920248563235307,0.973808003423606,"LINC00471","NS","grey80"
"ENSG00000260912",39.0094633777363,-0.0161264280485433,0.160290291232206,-0.100607640828237,0.919861930982466,0.973808003423606,"ENSG00000260912","NS","grey80"
"LINC00581",24.285713937151,0.0224921425949907,0.223266111073406,0.100741408926121,0.919755738995407,0.973808003423606,"LINC00581","NS","grey80"
"DIRC3",10.9868782056063,-0.0292564597778818,0.297005038789854,-0.0985049273813238,0.921531359505929,0.974428929991163,"DIRC3","NS","grey80"
"ENSG00000273456",11.5776139004502,0.02735511177024,0.280481424254404,0.097529138847456,0.922306195073132,0.974512206115007,"ENSG00000273456","NS","grey80"
"ENSG00000240731",16.9818564623545,0.0209461132239137,0.233849152737228,0.0895710460300465,0.928628093816396,0.976697281065877,"ENSG00000240731","NS","grey80"
"NRAV",97.9492017346292,0.00984452968204502,0.108562343519033,0.0906808877087208,0.927746157452341,0.976697281065877,"NRAV","NS","grey80"
"ENSG00000253200",61.2228097892432,-0.0122728482406335,0.136194019085566,-0.0901129750266267,0.928197438589655,0.976697281065877,"ENSG00000253200","NS","grey80"
"ENSG00000258199",54.9906631402547,-0.0118017955878076,0.132934826111189,-0.0887788093839036,0.929257698842677,0.976697281065877,"ENSG00000258199","NS","grey80"
"ENSG00000261338",24.6671119392874,-0.0183001977820815,0.19805998691525,-0.0923972482635385,0.926382425645307,0.976697281065877,"ENSG00000261338","NS","grey80"
"ENSG00000267457",12.1247277472471,0.0268819939877984,0.287971016139667,0.093349651462009,0.925625788092973,0.976697281065877,"ENSG00000267457","NS","grey80"
"CAHM",17.3892467789241,0.0216007144185938,0.237056798527748,0.0911204173546002,0.927396909427198,0.976697281065877,"CAHM","NS","grey80"
"ENSG00000205041",29.346222281115,0.0154239782214721,0.176428755103278,0.0874232673264811,0.930335075528379,0.976944137041449,"ENSG00000205041","NS","grey80"
"ENSG00000235499",39.0587377250564,-0.013910238055814,0.161457491987739,-0.0861541814168047,0.931343853152341,0.976944137041449,"ENSG00000235499","NS","grey80"
"ENSG00000251615",40.2716967204285,0.0139176618149445,0.16355768903164,0.0850932896970204,0.932187225005164,0.976944137041449,"ENSG00000251615","NS","grey80"
"ENSG00000273243",19.3542248740812,0.0184557849496733,0.217199016864001,0.0849717702047859,0.93228383363384,0.976944137041449,"ENSG00000273243","NS","grey80"
"ENSG00000273448",59.8012666596016,0.0104979988328816,0.130631002102736,0.0803637625364408,0.935947946961582,0.980050206242495,"ENSG00000273448","NS","grey80"
"FLJ46284",37.0579948900426,-0.0126211787133202,0.163370606756979,-0.0772548928100313,0.938420773935913,0.981905144626516,"FLJ46284","NS","grey80"
"ENSG00000236095",17.9812233543165,0.0172035853042742,0.226431555996972,0.0759769778047377,0.939437414296366,0.98223478716573,"ENSG00000236095","NS","grey80"
"ENSG00000261997",49.2438167878111,-0.0100198188975367,0.141642991982421,-0.0707399551315621,0.943604720876774,0.985855678527973,"ENSG00000261997","NS","grey80"
"ENSG00000203496",27.4838434912078,0.0128244743935,0.18935602846278,0.0677267816483633,0.946003129581951,0.987624445499427,"ENSG00000203496","NS","grey80"
"ENSG00000251555",11.3259696774492,-0.0179016405531629,0.293982801657623,-0.0608934959876034,0.951444029285251,0.99108753050547,"ENSG00000251555","NS","grey80"
"ENSG00000270108",36.5943543050576,-0.0102080104692757,0.167397884781271,-0.0609805224397784,0.951374721024079,0.99108753050547,"ENSG00000270108","NS","grey80"
"LINC01297",132.886650942558,0.00562908785613866,0.0904336253779985,0.0622455179985316,0.950367314621246,0.99108753050547,"LINC01297","NS","grey80"
"ENSG00000239906",28.4687713412086,-0.0101392078307314,0.193028738753662,-0.0525269340523989,0.958108834682828,0.993457715542186,"ENSG00000239906","NS","grey80"
"ENSG00000256973",28.7460309217187,0.0101233737519433,0.192911820964315,0.0524766896156972,0.958148868729366,0.993457715542186,"ENSG00000256973","NS","grey80"
"ENSG00000261071",16.1493442397874,0.0125279151204159,0.236960704744793,0.0528691672060502,0.957836151030437,0.993457715542186,"ENSG00000261071","NS","grey80"
"ENSG00000261675",14.1236336197159,0.0137752484054162,0.265922673966533,0.0518017068644167,0.95868669549821,0.993457715542186,"ENSG00000261675","NS","grey80"
"ENSG00000273987",26.3199570889802,-0.0101503852976639,0.18606839252035,-0.0545519051364606,0.956495455802539,0.993457715542186,"ENSG00000273987","NS","grey80"
"ENSG00000274093",22.434719717312,-0.012225328343552,0.221592599501537,-0.0551702916570876,0.95600279669902,0.993457715542186,"ENSG00000274093","NS","grey80"
"ENSG00000285042",50.2317356743042,0.00783755483008009,0.148606983134562,0.0527401516723024,0.957938947118085,0.993457715542186,"ENSG00000285042","NS","grey80"
"ENSG00000258811",10.3127515521237,-0.0164739847660402,0.332410253810048,-0.0495591955338841,0.96047366389662,0.994573320603009,"ENSG00000258811","NS","grey80"
"LINC02934",16.3906980993893,0.0111207684114863,0.24432285809175,0.0455166925368487,0.963695469967115,0.995527317200602,"LINC02934","NS","grey80"
"ENSG00000224950",11.543090697978,-0.0118618465044229,0.289385471969937,-0.040989778870638,0.967304044294902,0.995527317200602,"ENSG00000224950","NS","grey80"
"OLMALINC",195.362491530863,0.00373274114552941,0.0910689516167787,0.0409880763889423,0.967305401538136,0.995527317200602,"OLMALINC","NS","grey80"
"ENSG00000254577",12.7538389669707,-0.0121577011473154,0.279017889374958,-0.0435731958784095,0.965244617988541,0.995527317200602,"ENSG00000254577","NS","grey80"
"ENSG00000259774",9.54852226358321,-0.0143475543102807,0.324016594678682,-0.0442803070765829,0.964680968952061,0.995527317200602,"ENSG00000259774","NS","grey80"
"ENSG00000259935",11.7452396441959,-0.0114603553209629,0.290265612779611,-0.0394823045389962,0.968505861448015,0.995527317200602,"ENSG00000259935","NS","grey80"
"ENSG00000267383",71.4825304107639,0.00487542629854447,0.117530423696784,0.0414822489802519,0.966911443934247,0.995527317200602,"ENSG00000267383","NS","grey80"
"ENSG00000269044",82.2860935978568,0.00529603897518086,0.113101679947658,0.0468254669394108,0.962652331609677,0.995527317200602,"ENSG00000269044","NS","grey80"
"ENSG00000276259",23.4722511413014,0.00828065346528613,0.209251757299503,0.0395726830309673,0.968433806157073,0.995527317200602,"ENSG00000276259","NS","grey80"
"ENSG00000284428",139.732088129505,-0.0040204826567319,0.0869121451129699,-0.0462591580440917,0.963103691597998,0.995527317200602,"ENSG00000284428","NS","grey80"
"ENSG00000236723",19.3759171720277,-0.00805036215798205,0.21724949320847,-0.0370558386079043,0.970440483510554,0.996784062299908,"ENSG00000236723","NS","grey80"
"ENSG00000173862",17.3007372665906,0.00655245849182045,0.233285403662625,0.0280877345472354,0.977592176628674,0.99799264337743,"ENSG00000173862","NS","grey80"
"LINC00265",220.521917962148,0.00135792249890713,0.0712758182248766,0.0190516578094251,0.984799895901039,0.99799264337743,"LINC00265","NS","grey80"
"ENSG00000203644",56.4145113891007,0.00131888939562655,0.132106671675407,0.00998351846201323,0.992034437079016,0.99799264337743,"ENSG00000203644","NS","grey80"
"ENSG00000227704",10.1678243703701,0.00816466443044268,0.293266274555368,0.0278404478756429,0.977789405714824,0.99799264337743,"ENSG00000227704","NS","grey80"
"LNCTAM34A",16.9454168200367,-0.00294242244483806,0.235304691752054,-0.0125047334285138,0.99002292627755,0.99799264337743,"LNCTAM34A","NS","grey80"
"ENSG00000234740",53.4337142193418,0.00424750961419991,0.138253186548626,0.0307226887150698,0.975490696723443,0.99799264337743,"ENSG00000234740","NS","grey80"
"ENSG00000243155",42.9797174691263,-0.00259395095584056,0.148495858362331,-0.0174681703883707,0.986063125321217,0.99799264337743,"ENSG00000243155","NS","grey80"
"LINC00926",55.5605552721405,-0.00138067711071986,0.138671078381744,-0.00995648931869577,0.992056002143339,0.99799264337743,"LINC00926","NS","grey80"
"ENSG00000255176",19.592826998737,-0.00301008165995025,0.22509263235078,-0.0133726352058445,0.989330498832765,0.99799264337743,"ENSG00000255176","NS","grey80"
"ENSG00000255983",152.413904166536,-0.00160443984436537,0.0870869030925538,-0.0184234343786483,0.985301057683371,0.99799264337743,"ENSG00000255983","NS","grey80"
"ENSG00000257265",25.8990343778527,-0.00502760987517609,0.191482344451363,-0.0262562581922697,0.979052943777251,0.99799264337743,"ENSG00000257265","NS","grey80"
"ENSG00000258525",30.399850155414,0.0060579646972076,0.197513812303823,0.0306710939682994,0.975531843984223,0.99799264337743,"ENSG00000258525","NS","grey80"
"ENSG00000260658",10.1014925298939,0.0107394091668892,0.311296124308059,0.0344990134096932,0.972479229066424,0.99799264337743,"ENSG00000260658","NS","grey80"
"ENSG00000261140",17.9587641507166,0.00484474505763103,0.234145816968921,0.0206911450323885,0.9834920327498,0.99799264337743,"ENSG00000261140","NS","grey80"
"ENSG00000261754",86.325415890477,-0.00214461226571626,0.113225042052959,-0.0189411478841681,0.984888054156196,0.99799264337743,"ENSG00000261754","NS","grey80"
"ENSG00000261889",19.2038173886756,0.00271024601199786,0.228287347107471,0.0118720815951396,0.990527671906136,0.99799264337743,"ENSG00000261889","NS","grey80"
"ENSG00000267152",74.5608685653629,0.00179540511489926,0.121891581658368,0.0147295251277594,0.988247964265618,0.99799264337743,"ENSG00000267152","NS","grey80"
"ENSG00000268912",66.3493938932815,-0.00122590014023085,0.126949295871753,-0.00965661236490259,0.992295257829315,0.99799264337743,"ENSG00000268912","NS","grey80"
"ENSG00000269918",120.971753590199,-0.00289258260185714,0.092675857842496,-0.0312118244081768,0.975100609995436,0.99799264337743,"ENSG00000269918","NS","grey80"
"ENSG00000270115",24.1129602221906,0.00431982282589887,0.18963061005283,0.0227801979052611,0.981825603708662,0.99799264337743,"ENSG00000270115","NS","grey80"
"LINC00221",327.522272261482,0.00127759031909725,0.0632427015146217,0.0202013874881968,0.983882721056823,0.99799264337743,"LINC00221","NS","grey80"
"ENSG00000271789",65.1589048932421,0.00178739085691385,0.124837825392269,0.01431770259773,0.988576516448334,0.99799264337743,"ENSG00000271789","NS","grey80"
"ENSG00000271917",29.5956066570967,-0.00456695627619915,0.177511608109697,-0.02572764860187,0.979474570757436,0.99799264337743,"ENSG00000271917","NS","grey80"
"ENSG00000272293",12.5087383289694,-0.00483457433432322,0.285800390129224,-0.0169159122985706,0.986503698404963,0.99799264337743,"ENSG00000272293","NS","grey80"
"ENSG00000276564",65.5269008651561,-0.00133099059711308,0.136378575151625,-0.00975952854495872,0.992213146467679,0.99799264337743,"ENSG00000276564","NS","grey80"
"ENSG00000276573",16.5022169815069,0.00553690385209191,0.259496677740938,0.0213370895546476,0.982976757380902,0.99799264337743,"ENSG00000276573","NS","grey80"
"ENSG00000278012",10.5837892827572,-0.00697788964330753,0.297497578990729,-0.023455282113489,0.981287108365132,0.99799264337743,"ENSG00000278012","NS","grey80"
"ENSG00000278383",10.5494564449882,-0.00445763532122397,0.297885649849243,-0.0149642499512143,0.988060701593675,0.99799264337743,"ENSG00000278383","NS","grey80"
"ENSG00000278730",1111.41927461711,0.0010615603194815,0.0431579435922932,0.0245971015095136,0.980376331261857,0.99799264337743,"ENSG00000278730","NS","grey80"
"ENSG00000283078",14.493039960181,-0.00227464442050273,0.259367935392317,-0.0087699522960004,0.993002680160543,0.99799264337743,"ENSG00000283078","NS","grey80"
"ENSG00000124835",17.9111934981418,-0.000420107443061654,0.22125892810834,-0.00189871408423324,0.998485046257075,0.998502915519605,"ENSG00000124835","NS","grey80"
"TP53TG1",72.1074018604605,0.000317542415784884,0.130968779116635,0.00242456574709378,0.998065478319096,0.998502915519605,"TP53TG1","NS","grey80"
"C9orf163",10.3503210889283,0.00100005816525447,0.310198662518568,0.00322392803738992,0.997427682049816,0.998502915519605,"C9orf163","NS","grey80"
"ENSG00000244055",23.7516317890849,0.00101117162246843,0.194697792664029,0.0051935443572969,0.995856169769998,0.998502915519605,"ENSG00000244055","NS","grey80"
"ENSG00000260949",29.1693916003308,-0.000409858644701498,0.179696093262402,-0.00228084337984466,0.998180151859496,0.998502915519605,"ENSG00000260949","NS","grey80"
"ENSG00000267317",37.6291448780886,-0.000287408422383581,0.153176798846181,-0.00187631824498562,0.998502915519605,0.998502915519605,"ENSG00000267317","NS","grey80"
"ENSG00000272800",25.0759230639817,0.00050360981296996,0.202193747707057,0.00249072891066642,0.998012687911826,0.998502915519605,"ENSG00000272800","NS","grey80"
