"X.1","baseMean","log2FoldChange","lfcSE","stat","pvalue","padj","X","expression","significant"
"MIR22HG",137.663840649693,3.42153297543477,0.135478620967849,25.255150598608,9.94230639628502e-141,1.3919228954799e-137,"MIR22HG","P.adj < 0.05 & |log2FC| > 1","red"
"ENSG00000253284",228.869473283872,2.13428299590536,0.0880201540225307,24.2476625905363,6.99843326215289e-130,4.89890328350702e-127,"ENSG00000253284","P.adj < 0.05 & |log2FC| > 1","red"
"MIR23AHG",236.840278856895,2.07800331315089,0.0890257869861993,23.3415888081172,1.67778081585669e-120,7.82964380733121e-118,"MIR23AHG","P.adj < 0.05 & |log2FC| > 1","red"
"ENSG00000261026",164.532929184942,5.56075519217354,0.258212445475396,21.535581609692,7.22815905868705e-103,2.52985567054047e-100,"ENSG00000261026","P.adj < 0.05 & |log2FC| > 1","red"
"CARMN",128.912331232972,2.35547161957306,0.12070449320859,19.5143656790188,8.28915281836059e-85,2.32096278914097e-82,"CARMN","P.adj < 0.05 & |log2FC| > 1","red"
"ENSG00000257298",319.17971939241,1.40938825085103,0.0812934628920363,17.3370428655844,2.47128200903104e-67,5.7663246877391e-65,"ENSG00000257298","P.adj < 0.05 & |log2FC| > 1","red"
"HCG18",2561.67554098776,0.439919253937742,0.0299196555475001,14.7033528925268,6.13454692474762e-49,1.22690938494952e-46,"HCG18","P.adj < 0.05","blue"
"GRASLND",228.07819776097,1.04515406148801,0.0736193464345391,14.1967310510877,9.59865896359749e-46,1.67976531862956e-43,"GRASLND","P.adj < 0.05 & |log2FC| > 1","red"
"ENSG00000275202",30.5169800712185,3.0429603642345,0.221351090429184,13.7472119894888,5.29302385239213e-43,8.23359265927665e-41,"ENSG00000275202","P.adj < 0.05 & |log2FC| > 1","red"
"ENSG00000248206",36.7115619391198,2.04836437350433,0.168386952661787,12.164626422206,4.79634575502315e-34,6.71488405703241e-32,"ENSG00000248206","P.adj < 0.05 & |log2FC| > 1","red"
"ENSG00000255931",30.3150902036548,5.86774491629827,0.496111333481702,11.8274760528418,2.81478639589131e-32,3.58245541295258e-30,"ENSG00000255931","P.adj < 0.05 & |log2FC| > 1","red"
"ENSG00000269952",32.8704233617428,4.78063088244764,0.417224225830605,11.4581814441154,2.13960141299047e-30,2.49620164848888e-28,"ENSG00000269952","P.adj < 0.05 & |log2FC| > 1","red"
"SNHG15",463.024118659063,0.704462645048942,0.0622712620761368,11.3128050012479,1.13405067123666e-29,1.22128533825486e-27,"SNHG15","P.adj < 0.05","blue"
"ENSG00000254510",34.8953049449416,6.24736115693842,0.55783498981993,11.1992995616053,4.10969919240017e-29,4.10969919240017e-27,"ENSG00000254510","P.adj < 0.05 & |log2FC| > 1","red"
"LINC01679",27.049573506816,2.64091700503768,0.241982471924755,10.9136706639598,9.9169456900147e-28,9.25581597734705e-26,"LINC01679","P.adj < 0.05 & |log2FC| > 1","red"
"ENSG00000274204",67.4668978983979,1.4644661364166,0.137956999384046,10.6153811909159,2.52760627743068e-26,2.21165549275184e-24,"ENSG00000274204","P.adj < 0.05 & |log2FC| > 1","red"
"MIR17HG",509.751022872072,0.69589237155731,0.0658641212877216,10.5655758848944,4.30319271917783e-26,3.54380576873468e-24,"MIR17HG","P.adj < 0.05","blue"
"ENSG00000270640",28.7332923092766,3.95647240586648,0.376204194920243,10.5168216072265,7.2270516798952e-26,5.62104019547404e-24,"ENSG00000270640","P.adj < 0.05 & |log2FC| > 1","red"
"ENSG00000225213",18.4201692350328,2.82118339882359,0.274121085624701,10.2917416673523,7.67749187296563e-25,5.65709927481678e-23,"ENSG00000225213","P.adj < 0.05 & |log2FC| > 1","red"
"MIR29B2CHG",161.191843849705,-0.831822020818771,0.086611972645886,-9.60400733764239,7.68952786008918e-22,5.38266950206242e-20,"MIR29B2CHG","P.adj < 0.05","blue"
"ENSG00000270953",17.3978539218795,3.26591636680734,0.343870222793187,9.49752595696997,2.14936008943436e-21,1.43290672628958e-19,"ENSG00000270953","P.adj < 0.05 & |log2FC| > 1","red"
"LINC01695",415.814553035501,0.588759784473238,0.0644676659714776,9.13263689015393,6.68507776345763e-20,4.16071461004382e-18,"LINC01695","P.adj < 0.05","blue"
"ENSG00000260257",214.41551760473,0.741649740879143,0.0812301363808767,9.13022892638825,6.83545971650057e-20,4.16071461004382e-18,"ENSG00000260257","P.adj < 0.05","blue"
"ENSG00000279602",142.795778795423,0.892269429720664,0.0980297352210271,9.10202835607859,8.8660281289474e-20,5.17184974188598e-18,"ENSG00000279602","P.adj < 0.05","blue"
"ENSG00000260495",20.4638320032886,-2.58740102009279,0.285451269044933,-9.06424773920169,1.25467000177525e-19,7.02615200994138e-18,"ENSG00000260495","P.adj < 0.05 & |log2FC| > 1","red"
"ENSG00000250069",31.2142146676966,1.93438270402069,0.214605647318866,9.01366170083373,1.99288765319017e-19,1.07309335171778e-17,"ENSG00000250069","P.adj < 0.05 & |log2FC| > 1","red"
"ENSG00000248544",21.0282693879273,2.18668550484448,0.250273057792463,8.73719897831663,2.38961374899895e-18,1.23905898096242e-16,"ENSG00000248544","P.adj < 0.05 & |log2FC| > 1","red"
"ENSG00000271327",69.8903263036078,-1.07874023405577,0.127100542907698,-8.48729839682243,2.11496205885967e-17,1.05748102942984e-15,"ENSG00000271327","P.adj < 0.05 & |log2FC| > 1","red"
"ENSG00000205037",26.0958097417886,1.82191444495326,0.218498807434865,8.33832672288785,7.53491419648093e-17,3.63754478450804e-15,"ENSG00000205037","P.adj < 0.05 & |log2FC| > 1","red"
"ENSG00000275764",100.059031679728,0.846891405459149,0.102134310543613,8.29193834032403,1.11417687006168e-16,5.19949206028782e-15,"ENSG00000275764","P.adj < 0.05","blue"
"CYTOR",26.115859989057,1.65645912513605,0.203127838150374,8.15476175111846,3.49868890475477e-16,1.58005305376022e-14,"CYTOR","P.adj < 0.05 & |log2FC| > 1","red"
"SNHG8",752.071419496004,0.342453755657617,0.0423229286253286,8.09144751511058,5.89597981856699e-16,2.57949117062306e-14,"SNHG8","P.adj < 0.05","blue"
"ENSG00000277159",29.2136399986501,1.55312670702264,0.193449390667286,8.02859446424347,9.85956805938611e-16,4.18284705549714e-14,"ENSG00000277159","P.adj < 0.05 & |log2FC| > 1","red"
"LINC00963",142.640028395976,0.694396810102471,0.0871850996008789,7.96462713561516,1.65722718444563e-15,6.82387664183495e-14,"LINC00963","P.adj < 0.05","blue"
"LINC00602",38.6138590113195,2.20383904484665,0.285655105511367,7.71503467757539,1.20949343470093e-14,4.83797373880371e-13,"LINC00602","P.adj < 0.05 & |log2FC| > 1","red"
"ENSG00000268205",869.217253372829,0.444702287965199,0.0586991596491553,7.57595663418663,3.56490883757031e-14,1.3863534368329e-12,"ENSG00000268205","P.adj < 0.05","blue"
"ENSG00000261114",18.9997055325055,2.54165525607765,0.337242792583562,7.5365739816304,4.8247929619117e-14,1.82559733693956e-12,"ENSG00000261114","P.adj < 0.05 & |log2FC| > 1","red"
"SNHG17",281.744884768607,0.497327138016406,0.0663126994838204,7.49972692844074,6.39509184322415e-14,2.35608646855627e-12,"SNHG17","P.adj < 0.05","blue"
"LINC01089",88.0479402258519,-0.845443846415125,0.112791866403251,-7.49561004153008,6.59907141691428e-14,2.36889743171282e-12,"LINC01089","P.adj < 0.05","blue"
"ENSG00000282057",30.4807570216114,1.36385628003846,0.186443869745075,7.31510390716126,2.57182306064844e-13,9.00138071226955e-12,"ENSG00000282057","P.adj < 0.05 & |log2FC| > 1","red"
"DLEU2",274.334650690081,0.538786108488195,0.0737660422342188,7.30398557614714,2.79366339604327e-13,9.53933842551361e-12,"DLEU2","P.adj < 0.05","blue"
"ENSG00000285804",82.2284437596535,-0.868788058149276,0.120184335768476,-7.22879610386926,4.87294391713119e-13,1.62431463904373e-11,"ENSG00000285804","P.adj < 0.05","blue"
"ENSG00000226824",71.2265895349241,0.87569358649057,0.12471177891771,7.02173919809444,2.19123276210589e-12,7.13424620220522e-11,"ENSG00000226824","P.adj < 0.05","blue"
"ENSG00000274895",131.20227379364,-0.685546519926382,0.0979417843888282,-6.99953063142864,2.56821429132322e-12,8.17159092693751e-11,"ENSG00000274895","P.adj < 0.05","blue"
"LINC01060",112.339838686675,0.667351882841236,0.0956465758270677,6.97726894110492,3.00973231836523e-12,9.36361165713627e-11,"LINC01060","P.adj < 0.05","blue"
"ENSG00000261101",23.8731839632292,1.53003509071704,0.221369873025958,6.91166810461886,4.78987471586153e-12,1.45778795700134e-10,"ENSG00000261101","P.adj < 0.05 & |log2FC| > 1","red"
"ENSG00000261997",49.2438167878111,-1.16675739200351,0.171405928124256,-6.80698389356579,9.96660844999756e-12,2.96877698510566e-10,"ENSG00000261997","P.adj < 0.05 & |log2FC| > 1","red"
"ENSG00000251456",78.7403707182913,0.806899981296194,0.118909619321037,6.785825956752,1.15424231243753e-11,3.36654007794281e-10,"ENSG00000251456","P.adj < 0.05","blue"
"CARINH",72.3629641527822,-0.84625240054312,0.125589488327204,-6.73824228297151,1.60314093671172e-11,4.58040267631921e-10,"CARINH","P.adj < 0.05","blue"
"ENSG00000230551",698.93739185046,0.433617719847725,0.0645578509083355,6.7167310210405,1.85846565204755e-11,5.20370382573314e-10,"ENSG00000230551","P.adj < 0.05","blue"
"CHASERR",757.039091157681,0.389172847744234,0.0580095505105295,6.70877199218418,1.96269060345819e-11,5.38777812714014e-10,"CHASERR","P.adj < 0.05","blue"
"LINC00641",1083.40496554967,0.281413762426045,0.0419868173995089,6.70243137860067,2.04979844236256e-11,5.51868811405305e-10,"LINC00641","P.adj < 0.05","blue"
"LINC01833",238.257431716084,-0.482074215015177,0.0725003809955447,-6.64926457482756,2.94561090541734e-11,7.78085899544204e-10,"LINC01833","P.adj < 0.05","blue"
"MIR181A1HG",51.2307911601038,-0.986815548065849,0.150391210296599,-6.56165706838628,5.32130830642274e-11,1.3795984498133e-09,"MIR181A1HG","P.adj < 0.05","blue"
"ENSG00000274492",149.339046094854,-0.585546369970991,0.0895862869925308,-6.53611606896723,6.31369243956581e-11,1.60712171188948e-09,"ENSG00000274492","P.adj < 0.05","blue"
"ENSG00000259735",13.0102457796447,2.62796102505284,0.402900260038379,6.52260940413021,6.90946291794277e-11,1.72736572948569e-09,"ENSG00000259735","P.adj < 0.05 & |log2FC| > 1","red"
"ENSG00000276809",18.3996690152822,1.49644931162624,0.230912800430205,6.48058188562202,9.13695493152037e-11,2.24416436914536e-09,"ENSG00000276809","P.adj < 0.05 & |log2FC| > 1","red"
"ENSG00000272386",21.8982402337155,-1.7139727934237,0.265710059282519,-6.45053784584537,1.11453894764375e-10,2.69026642534698e-09,"ENSG00000272386","P.adj < 0.05 & |log2FC| > 1","red"
"LINC00294",516.841145268007,0.305337770042112,0.0480672928277869,6.35229804050045,2.12121825233874e-10,5.0333992428377e-09,"LINC00294","P.adj < 0.05","blue"
"ENSG00000260578",41.6521697622161,1.01776876798273,0.160425403164725,6.34418706704254,2.23602995689552e-10,5.2174032327562e-09,"ENSG00000260578","P.adj < 0.05 & |log2FC| > 1","red"
"ENSG00000262202",57.9505908415834,1.02599052898335,0.164399881664162,6.24082279498996,4.35275142338894e-10,9.98992129958117e-09,"ENSG00000262202","P.adj < 0.05 & |log2FC| > 1","red"
"SNHG16",4314.66711194703,0.213873957214825,0.0344106095085738,6.21534928527016,5.12106063560951e-10,1.1563685306215e-08,"SNHG16","P.adj < 0.05","blue"
"ENSG00000227627",65.7361928417816,-0.794751666817675,0.12869939961144,-6.17525543411338,6.60565857702805e-10,1.46792412822846e-08,"ENSG00000227627","P.adj < 0.05","blue"
"ENSG00000274422",189.966965717162,-0.524198277751637,0.0851045564122717,-6.15946195891399,7.29925114552841e-10,1.59671118808434e-08,"ENSG00000274422","P.adj < 0.05","blue"
"ENSG00000280145",173.503022984941,-0.513138362363144,0.0843574807791325,-6.08290287504744,1.1802585065326e-09,2.54209524483944e-08,"ENSG00000280145","P.adj < 0.05","blue"
"ENSG00000267543",19.7671359255792,-1.59836205586227,0.264346738859971,-6.04646027696582,1.48062716040551e-09,3.14072427964806e-08,"ENSG00000267543","P.adj < 0.05 & |log2FC| > 1","red"
"MALAT1",146819.727191127,0.16443317103453,0.0272209915727155,6.04067528529515,1.5347055784103e-09,3.20684747727525e-08,"MALAT1","P.adj < 0.05","blue"
"ENSG00000256982",23.32144942026,1.32365754907651,0.219964507748511,6.0175960323102,1.77026296915028e-09,3.64465905413293e-08,"ENSG00000256982","P.adj < 0.05 & |log2FC| > 1","red"
"ENSG00000260966",212.783433510686,0.478213723136728,0.0805421086010837,5.93743734107171,2.89511635400868e-09,5.87414912407558e-08,"ENSG00000260966","P.adj < 0.05","blue"
"ENSG00000272054",71.7338982128293,-0.707398296284634,0.120688545500892,-5.86135406097346,4.59107871467682e-09,9.18215742935365e-08,"ENSG00000272054","P.adj < 0.05","blue"
"ENSG00000249476",55.6110342076983,0.748431817477365,0.128735322191764,5.8137254386368,6.10975949732301e-09,1.2047413093313e-07,"ENSG00000249476","P.adj < 0.05","blue"
"ENSG00000273329",466.44976461218,-0.296381665997293,0.0511364769518714,-5.79589529165728,6.79576560435247e-09,1.32139886751298e-07,"ENSG00000273329","P.adj < 0.05","blue"
"ENSG00000253372",16.5597348709442,1.45404898996711,0.251265567269389,5.78690110932779,7.16967576827871e-09,1.37500631172468e-07,"ENSG00000253372","P.adj < 0.05 & |log2FC| > 1","red"
"ENSG00000273451",13.1248321907494,-2.17822467936899,0.377956702570244,-5.76315928400336,8.25538154951518e-09,1.56182894180017e-07,"ENSG00000273451","P.adj < 0.05 & |log2FC| > 1","red"
"ENSG00000279932",16.4101026383025,1.54036220198167,0.26816840551358,5.74401074217399,9.24599184917238e-09,1.72591847851218e-07,"ENSG00000279932","P.adj < 0.05 & |log2FC| > 1","red"
"ENSG00000284052",50.9244328586858,0.768617843678782,0.136492098497817,5.63122592544119,1.78933148271748e-08,3.29613694184798e-07,"ENSG00000284052","P.adj < 0.05","blue"
"SNHG4",179.434634868628,0.40731113175885,0.0728895818044638,5.58805691671434,2.29624390900406e-08,4.17498892546193e-07,"SNHG4","P.adj < 0.05","blue"
"ENSG00000280383",256.935213979182,0.370617595415279,0.0670328480070407,5.52889525708876,3.22253669124556e-08,5.78404021505614e-07,"ENSG00000280383","P.adj < 0.05","blue"
"NEAT1",13675.229120149,0.320360232522775,0.0580726401241175,5.51654327817842,3.45732379276612e-08,6.12690292388933e-07,"NEAT1","P.adj < 0.05","blue"
"LINC02691",45.3238621964558,0.797776985196565,0.145033292959398,5.50064725772933,3.78399565937646e-08,6.62199240390881e-07,"LINC02691","P.adj < 0.05","blue"
"MIR137HG",1400.88715035647,-0.244394276948231,0.0444545339574481,-5.4976231936694,3.84944379848868e-08,6.65335965170883e-07,"MIR137HG","P.adj < 0.05","blue"
"ENSG00000229065",30.163499775087,1.00161498070931,0.182882856731957,5.47681176140708,4.33057465815239e-08,7.39366405050408e-07,"ENSG00000229065","P.adj < 0.05 & |log2FC| > 1","red"
"KCNQ1OT1",5988.64536211519,0.210334506767387,0.0384884359166997,5.46487540368264,4.63232059347271e-08,7.81355280826722e-07,"KCNQ1OT1","P.adj < 0.05","blue"
"ENSG00000267632",41.770655509424,0.829404339454418,0.152090718796745,5.45335274904472,4.94288786654372e-08,8.15327378414495e-07,"ENSG00000267632","P.adj < 0.05","blue"
"ENSG00000268713",89.6483253290935,0.589403847002703,0.108086214404698,5.45308992686012,4.95020194037372e-08,8.15327378414495e-07,"ENSG00000268713","P.adj < 0.05","blue"
"ENSG00000205740",39.6608457659701,-0.87789336595149,0.161271918732063,-5.44356000011397,5.22261309174419e-08,8.50192828888589e-07,"ENSG00000205740","P.adj < 0.05","blue"
"ENSG00000275038",23.8065763497284,-1.31089549222397,0.241089591531647,-5.43737904193968,5.40700324570628e-08,8.70092476320551e-07,"ENSG00000275038","P.adj < 0.05 & |log2FC| > 1","red"
"MIR34AHG",176.18029173168,-0.46076768897483,0.0859549578476952,-5.36057140288836,8.29591283937286e-08,1.31980431535477e-06,"MIR34AHG","P.adj < 0.05","blue"
"ENSG00000230898",17.0766556832147,1.34122929090744,0.251707739637448,5.32851827615354,9.90172350585687e-08,1.55757448406737e-06,"ENSG00000230898","P.adj < 0.05 & |log2FC| > 1","red"
"ENSG00000275927",18.866682611786,1.23637186691812,0.232626781004389,5.31483031136811,1.06756763755973e-07,1.66066076953735e-06,"ENSG00000275927","P.adj < 0.05 & |log2FC| > 1","red"
"FLJ46284",37.0579948900426,-1.01987660452064,0.193326188634468,-5.2754187713749,1.32453270983487e-07,2.03774263051518e-06,"FLJ46284","P.adj < 0.05 & |log2FC| > 1","red"
"ENSG00000277342",55.4745492067007,-0.774438427186966,0.147405925021675,-5.25378085767644,1.49008164832222e-07,2.26751555179469e-06,"ENSG00000277342","P.adj < 0.05","blue"
"ENSG00000272599",68.5983376960934,0.650259147613232,0.125807489430411,5.16868391983068,2.35748216504928e-07,3.54889788286989e-06,"ENSG00000272599","P.adj < 0.05","blue"
"GSEC",67.0925313674151,-0.641352797359167,0.12440849098391,-5.15521723868604,2.53337057441123e-07,3.77310511082523e-06,"GSEC","P.adj < 0.05","blue"
"APTR",112.160744052582,0.489415231353931,0.0957306249734358,5.1124207273246,3.18056471634107e-07,4.65397922553013e-06,"APTR","P.adj < 0.05","blue"
"ENSG00000274565",12.4659296579579,1.42273043388378,0.278323641126339,5.11178435337431,3.19130004036352e-07,4.65397922553013e-06,"ENSG00000274565","P.adj < 0.05 & |log2FC| > 1","red"
"SNHG5",1093.16372837898,0.23753146308825,0.0465850976952819,5.0988722754639,3.41682998739728e-07,4.93150719830536e-06,"SNHG5","P.adj < 0.05","blue"
"ZFAS1",425.302680333732,0.335917710439277,0.0660329019089046,5.0871262768777,3.63529797212868e-07,5.19328281732669e-06,"ZFAS1","P.adj < 0.05","blue"
"PEG13",66.2345065861249,0.616989966188773,0.121604740148386,5.07373286136626,3.90086589454465e-07,5.51637601248738e-06,"PEG13","P.adj < 0.05","blue"
"LINC01011",23.1175521698131,-1.05595752171223,0.211084066980196,-5.00254489511658,5.65784001459372e-07,7.84255051527842e-06,"LINC01011","P.adj < 0.05 & |log2FC| > 1","red"
"ENSG00000266371",60.507126183167,0.774062365959539,0.154723800422222,5.00286551808591,5.64843460217692e-07,7.84255051527842e-06,"ENSG00000266371","P.adj < 0.05","blue"
"ENSG00000283360",15.8772045677306,1.18759204396528,0.237697369421524,4.99623553620083,5.84602527491456e-07,8.02395625968665e-06,"ENSG00000283360","P.adj < 0.05 & |log2FC| > 1","red"
"ENSG00000260368",29.3426764241878,0.996985492352695,0.200882229786505,4.96303477620831,6.9400149845744e-07,9.43303007612055e-06,"ENSG00000260368","P.adj < 0.05","blue"
"ENSG00000236255",153.551204668553,0.41182169602611,0.0838964912660953,4.90868795358714,9.16877309528293e-07,1.2342579166727e-05,"ENSG00000236255","P.adj < 0.05","blue"
"NORAD",4568.4261857409,0.20040744589866,0.0408448574868802,4.9065527028227,9.26910905322978e-07,1.2358812070973e-05,"NORAD","P.adj < 0.05","blue"
"ENSG00000262410",20.1735059609852,1.22525487079011,0.24991292205016,4.90272716087961,9.45152181996312e-07,1.24831420263664e-05,"ENSG00000262410","P.adj < 0.05 & |log2FC| > 1","red"
"DLEU2L",66.0832457885128,-0.65478928108419,0.134088647376312,-4.88325666561886,1.04347900658876e-06,1.35265797150395e-05,"DLEU2L","P.adj < 0.05","blue"
"ENSG00000285796",127.998597666874,-0.470232495002787,0.0962764964228466,-4.88418785969864,1.03856022477074e-06,1.35265797150395e-05,"ENSG00000285796","P.adj < 0.05","blue"
"GAS5",3967.71646584432,0.204707290682594,0.0419649777561402,4.87805073726368,1.07139368736218e-06,1.37610198376794e-05,"GAS5","P.adj < 0.05","blue"
"ENSG00000285601",29.040162026313,0.852520675392691,0.175807650911052,4.8491670924152,1.23980953809409e-06,1.57793941211974e-05,"ENSG00000285601","P.adj < 0.05","blue"
"LINC02035",241.285846517614,0.327501035065184,0.0678862911600085,4.82425876372096,1.40524882510192e-06,1.77238590553395e-05,"LINC02035","P.adj < 0.05","blue"
"MAILR",211.695639891101,-0.371990079889735,0.0773144995157095,-4.81138831939474,1.49885479938699e-06,1.87356849923374e-05,"MAILR","P.adj < 0.05","blue"
"EBLN3P",1162.24066973016,0.195666563109352,0.0409672229758968,4.77617346004812,1.78662295189597e-06,2.21351516164102e-05,"EBLN3P","P.adj < 0.05","blue"
"ENSG00000254363",55.5765272411277,-0.661856889571043,0.138935378450349,-4.76377505105779,1.90004314945456e-06,2.33338632389156e-05,"ENSG00000254363","P.adj < 0.05","blue"
"ENSG00000278903",206.947476759256,-0.367985666115417,0.0775850877326366,-4.74299477991853,2.10581698183663e-06,2.5636032822359e-05,"ENSG00000278903","P.adj < 0.05","blue"
"ENSG00000282393",128.127748467866,0.437010912724126,0.0924234178793094,4.72835697652725,2.26343979660969e-06,2.73173768556342e-05,"ENSG00000282393","P.adj < 0.05","blue"
"DNM3OS",652.100109006684,0.374520021920911,0.0792432696619049,4.7262060679578,2.28753513438317e-06,2.73722152832174e-05,"DNM3OS","P.adj < 0.05","blue"
"ENSG00000272574",11.1727665047402,1.53004062431425,0.326590249616891,4.68489376553363,2.80105177144619e-06,3.32328176273277e-05,"ENSG00000272574","P.adj < 0.05 & |log2FC| > 1","red"
"ENSG00000275805",65.1691825468842,0.563080145239611,0.121277967591004,4.64288902942811,3.4357090297008e-06,4.00832720131761e-05,"ENSG00000275805","P.adj < 0.05","blue"
"ENSG00000278022",41.9151838208433,-0.772902584746624,0.166445589736741,-4.64357503235193,3.42431551425547e-06,4.00832720131761e-05,"ENSG00000278022","P.adj < 0.05","blue"
"ENSG00000278932",371.474279186518,-0.273804500739415,0.0594087198877699,-4.60882680617701,4.04947475004989e-06,4.68534268600814e-05,"ENSG00000278932","P.adj < 0.05","blue"
"SNHG29",3146.06354697827,0.186437519167345,0.0405122973824252,4.60199818853582,4.18456844758271e-06,4.80196379230803e-05,"SNHG29","P.adj < 0.05","blue"
"PARAIL",588.500664643994,0.252606331500899,0.0550568549369299,4.58809955254928,4.47299334758588e-06,5.09121194034166e-05,"PARAIL","P.adj < 0.05","blue"
"C1orf220",29.1174419412788,-0.831965218041062,0.181855466902064,-4.57487053985078,4.76514548962685e-06,5.35842988451248e-05,"C1orf220","P.adj < 0.05","blue"
"LINC01415",53.3806730768737,0.654921191778646,0.14318253020902,4.57403002183703,4.78431239688614e-06,5.35842988451248e-05,"LINC01415","P.adj < 0.05","blue"
"MIRLET7A1HG",116.796354477524,0.491948893219006,0.107723496880641,4.56677426433798,4.95286876939998e-06,5.45985533634644e-05,"MIRLET7A1HG","P.adj < 0.05","blue"
"ENSG00000270605",26.5329666744401,-0.955014747798603,0.209100034231086,-4.56726251294235,4.94135020126383e-06,5.45985533634644e-05,"ENSG00000270605","P.adj < 0.05","blue"
"ENSG00000285886",28.427866851565,-0.896683914183102,0.196427141167673,-4.56496952942811,4.99566895872632e-06,5.46401292360691e-05,"ENSG00000285886","P.adj < 0.05","blue"
"ENSG00000274578",82.2228419946834,0.565833131607707,0.124036767653735,4.56181777638149,5.07126511324449e-06,5.50369857251339e-05,"ENSG00000274578","P.adj < 0.05","blue"
"ENSG00000261596",42.4508771931535,0.734533127929271,0.161532070052565,4.54728975918059,5.43411594783706e-06,5.85212486690145e-05,"ENSG00000261596","P.adj < 0.05","blue"
"ENSG00000279342",349.58959360231,0.265141427058857,0.0590996801726154,4.48634284118705,7.24561177119368e-06,7.74340189287874e-05,"ENSG00000279342","P.adj < 0.05","blue"
"ENSG00000272335",147.715353443625,0.386759919564433,0.0867890017653292,4.45632409288681,8.33769550765881e-06,8.84301038691086e-05,"ENSG00000272335","P.adj < 0.05","blue"
"ENSG00000282390",319.272411040418,-0.301460141020935,0.0678415688939834,-4.44359035228136,8.84699783376665e-06,9.31262929870174e-05,"ENSG00000282390","P.adj < 0.05","blue"
"ENSG00000280018",148.181297431918,-0.39930509596316,0.0900626399898412,-4.43363747729581,9.26563772553589e-06,9.68051702667929e-05,"ENSG00000280018","P.adj < 0.05","blue"
"ENSG00000232536",11.9298442957789,1.58561276050818,0.359242248251732,4.41377028516171,1.01585749581699e-05,0.000105348184751391,"ENSG00000232536","P.adj < 0.05 & |log2FC| > 1","red"
"ENSG00000235381",410.32537417782,-0.25572638360329,0.0579718181566872,-4.41121896353343,1.0279030570216e-05,0.000105813549987517,"ENSG00000235381","P.adj < 0.05","blue"
"LINC02809",17.524351640803,-1.11574536532645,0.253114814991141,-4.40806029218597,1.04300513631504e-05,0.000106584466484749,"LINC02809","P.adj < 0.05 & |log2FC| > 1","red"
"ENSG00000279088",108.158706227956,-0.43293281702131,0.0991216278180223,-4.36769276848573,1.2556595620492e-05,0.000127385752671658,"ENSG00000279088","P.adj < 0.05","blue"
"ENSG00000224635",34.185445335564,0.737500575844011,0.169546835671817,4.34983391416135,1.36240680005049e-05,0.000137220828782064,"ENSG00000224635","P.adj < 0.05","blue"
"ENSG00000272489",32.0786862444878,0.770119436689749,0.177111658043108,4.34821425759736,1.37250487644626e-05,0.000137250487644626,"ENSG00000272489","P.adj < 0.05","blue"
"LINC01484",25.5219970633618,-0.854575262758034,0.197717115801489,-4.32221185957436,1.54472750132397e-05,0.000153377198713018,"LINC01484","P.adj < 0.05","blue"
"ENSG00000261136",36.643628313648,-0.669933843049697,0.155391757670415,-4.31125725774094,1.62328912135597e-05,0.000160042589429462,"ENSG00000261136","P.adj < 0.05","blue"
"ENSG00000271795",15.8671001484799,-1.15425843042258,0.268939539530892,-4.29188817842084,1.77160164934022e-05,0.000173443518117224,"ENSG00000271795","P.adj < 0.05 & |log2FC| > 1","red"
"ENSG00000263731",179.8621663134,0.368014781172785,0.0860044253138448,4.27902145534764,1.8771676938545e-05,0.000182502414680298,"ENSG00000263731","P.adj < 0.05","blue"
"LINC01128",261.751080596393,0.275063208263757,0.0646584525934093,4.25409512957931,2.09896060267487e-05,0.000202658265085849,"LINC01128","P.adj < 0.05","blue"
"LINC02728",50.9768036715434,0.648601944936351,0.152654650972065,4.24881876055675,2.14900692471183e-05,0.000206069157164148,"LINC02728","P.adj < 0.05","blue"
"ENSG00000236194",55.8021123418448,0.606474097342284,0.142818325490112,4.24647253957807,2.17162381933287e-05,0.00020682131612694,"ENSG00000236194","P.adj < 0.05","blue"
"DUBR",150.602779691501,-0.382891594170002,0.0904028304445415,-4.23539387303687,2.28151439130758e-05,0.000215818928907474,"DUBR","P.adj < 0.05","blue"
"ENSG00000261544",18.8248138313796,0.993396429681361,0.234981784078005,4.22754654612543,2.36253312225138e-05,0.00022198297792966,"ENSG00000261544","P.adj < 0.05","blue"
"ENSG00000230325",21.0695020331701,0.946912254239704,0.22503134044704,4.20791278387534,2.57740300394402e-05,0.000240557613701442,"ENSG00000230325","P.adj < 0.05","blue"
"CRNDE",190.040369829141,0.369231106207276,0.0884367774327294,4.1750854896102,2.97874170825386e-05,0.000276174727917577,"CRNDE","P.adj < 0.05","blue"
"ENSG00000272630",46.6889355434996,0.617730345515424,0.148293895295664,4.16558176102807,3.10559595068148e-05,0.00028604173229961,"ENSG00000272630","P.adj < 0.05","blue"
"ENSG00000236536",23.8161719768155,-0.883197661942103,0.21318484747866,-4.14287259337469,3.42982506297496e-05,0.000313840201840846,"ENSG00000236536","P.adj < 0.05","blue"
"ENSG00000255097",11.8858932187072,1.23016925033482,0.302115960950732,4.07184462040201,4.66422903222877e-05,0.000423600256415905,"ENSG00000255097","P.adj < 0.05 & |log2FC| > 1","red"
"ENSG00000270036",10.691194571518,1.42637396942383,0.350411511233149,4.07056824247643,4.68985998174752e-05,0.000423600256415905,"ENSG00000270036","P.adj < 0.05 & |log2FC| > 1","red"
"ENSG00000277687",98.7978710752717,0.422689547917412,0.104202360557841,4.05642967831603,4.98285556053844e-05,0.000447179345176527,"ENSG00000277687","P.adj < 0.05","blue"
"ENSG00000225156",143.480328243406,-0.394799008664363,0.0977638781286564,-4.03829119938154,5.38419890478495e-05,0.000479508132484626,"ENSG00000225156","P.adj < 0.05","blue"
"ENSG00000277701",222.801143599767,0.295132308712133,0.0731050211614829,4.03710038001645,5.41159178089792e-05,0.000479508132484626,"ENSG00000277701","P.adj < 0.05","blue"
"LINC01410",196.742579286675,-0.339728798280791,0.0844646917041033,-4.02213980098251,5.76718088130504e-05,0.000507802090177802,"LINC01410","P.adj < 0.05","blue"
"XIST",31270.568342912,0.119080731575228,0.0296534886576016,4.01574104653288,5.92592954984814e-05,0.000518518835611712,"XIST","P.adj < 0.05","blue"
"ENSG00000285756",4329.11632500429,0.17713165734442,0.044167044376733,4.0104937933708,6.05918933044052e-05,0.000526886028733958,"ENSG00000285756","P.adj < 0.05","blue"
"LINC01515",823.638252932569,-0.199068003272324,0.0498059441422031,-3.99687239547064,6.41848766952932e-05,0.000554684119588954,"LINC01515","P.adj < 0.05","blue"
"ENSG00000278730",1111.41927461711,0.170971020100152,0.0429952332235562,3.97651105207821,6.99337501112362e-05,0.000600657976415526,"ENSG00000278730","P.adj < 0.05","blue"
"LINC00847",87.0379278534599,-0.45169056794747,0.113881359427694,-3.96632574652623,7.29890928518982e-05,0.000623077621906448,"LINC00847","P.adj < 0.05","blue"
"MIRLET7IHG",227.184767350903,-0.297372765976983,0.075484891799955,-3.93950046010612,8.16514455139603e-05,0.000690358336267327,"MIRLET7IHG","P.adj < 0.05","blue"
"ENSG00000269938",48.1893907958196,0.586858818460675,0.149045159685746,3.9374564038043,8.23498872547454e-05,0.000690358336267327,"ENSG00000269938","P.adj < 0.05","blue"
"ENSG00000283341",26.3430793504482,-0.78649269755644,0.199729663712046,-3.93778612019466,8.22368444836529e-05,0.000690358336267327,"ENSG00000283341","P.adj < 0.05","blue"
"MIR4458HG",92.7769800607482,0.422852680829911,0.107554843639656,3.9315075594978,8.44148413828215e-05,0.000703457011523513,"MIR4458HG","P.adj < 0.05","blue"
"LINC01535",118.46400605264,-0.388823934650195,0.0993042990893377,-3.9154793721508,9.02247589816338e-05,0.000747424038901108,"LINC01535","P.adj < 0.05","blue"
"ENSG00000275481",60.6772089791391,-0.518555435441315,0.133396478747448,-3.88732476531907,0.000101355107755612,0.000834689122693278,"ENSG00000275481","P.adj < 0.05","blue"
"CAST",1278.46287776176,0.169371847713651,0.0437260739566583,3.87347484893188,0.000107294484136107,0.00087843437304415,"CAST","P.adj < 0.05","blue"
"ENSG00000270135",10.8304418074089,1.23799867755163,0.319841999945249,3.87065700490726,0.000108542423081583,0.000883484839036141,"ENSG00000270135","P.adj < 0.05 & |log2FC| > 1","red"
"LINC00221",327.522272261482,0.240866696861228,0.0624731057053227,3.85552621631081,0.000115480953465724,0.000934527947121465,"LINC00221","P.adj < 0.05","blue"
"ENSG00000229422",70.8655481742865,-0.484766831299812,0.126001108739473,-3.84732194938174,0.000119416002591801,0.000960818411658168,"ENSG00000229422","P.adj < 0.05","blue"
"ENSG00000271659",16.592611632419,-1.00131945648315,0.260670345768662,-3.8413247718319,0.00012237207788698,0.000978976623095836,"ENSG00000271659","P.adj < 0.05 & |log2FC| > 1","red"
"ENSG00000272477",17.6968093703955,-0.922932478958772,0.24076530115908,-3.8333284510502,0.000126420973940814,0.00100562138362011,"ENSG00000272477","P.adj < 0.05","blue"
"ENSG00000268573",36.042387022057,-0.627716132488257,0.163832260524396,-3.83145621307462,0.000127387047717461,0.0010075811683867,"ENSG00000268573","P.adj < 0.05","blue"
"ENSG00000261094",36.4122241785745,-0.607757388582636,0.158966766132006,-3.82317262513823,0.00013174547517038,0.00103620036650861,"ENSG00000261094","P.adj < 0.05","blue"
"ENSG00000248918",34.1492244672694,-0.658643526782962,0.172484605311835,-3.81856412977959,0.00013423069172092,0.00104984898552675,"ENSG00000248918","P.adj < 0.05","blue"
"ENSG00000276216",15.7867754721432,1.23374577190398,0.323218082408793,3.81706915253458,0.00013504632880227,0.00105036033512877,"ENSG00000276216","P.adj < 0.05 & |log2FC| > 1","red"
"ENSG00000256571",11.9459528267085,-1.22079536071595,0.320006699351129,-3.81490563538615,0.000136234983168706,0.00105375125102866,"ENSG00000256571","P.adj < 0.05 & |log2FC| > 1","red"
"APPAT",519.206580142536,0.250299970665404,0.0659530492366697,3.79512355474594,0.000147569947698216,0.00112895041954919,"APPAT","P.adj < 0.05","blue"
"LINC01355",417.169505984628,-0.222007282493185,0.0584932959312769,-3.79543123632525,0.000147387043201733,0.00112895041954919,"LINC01355","P.adj < 0.05","blue"
"LCDR",18.8827118928096,-0.866919772361503,0.22893042693155,-3.7868263471186,0.000152583655744297,0.00116096259805443,"LCDR","P.adj < 0.05","blue"
"LINC01409",123.759842440682,0.356763078886972,0.0942514430800477,3.78522670028482,0.000153568521244555,0.00116214016076961,"LINC01409","P.adj < 0.05","blue"
"ENSG00000257027",154.466829915567,-0.328358012606396,0.0872879614115612,-3.76177891311029,0.000168709147330047,0.00126985379710788,"ENSG00000257027","P.adj < 0.05","blue"
"LINC00938",323.984900881304,-0.223664831014876,0.0595137216161333,-3.7582060899758,0.000171135902842913,0.00128123135818224,"LINC00938","P.adj < 0.05","blue"
"ENSG00000251615",40.2716967204285,0.582292444086045,0.155127824457608,3.75362992501174,0.000174292127632484,0.00129792009939084,"ENSG00000251615","P.adj < 0.05","blue"
"ENSG00000272077",89.0551713537386,0.406114990205445,0.108364473434414,3.74767649705086,0.000178480242209519,0.00132207586821866,"ENSG00000272077","P.adj < 0.05","blue"
"ENSG00000269514",32.6624905861005,-0.7153133414188,0.190967672124652,-3.74573001524514,0.000179869954694761,0.00132535756090876,"ENSG00000269514","P.adj < 0.05","blue"
"ENSG00000272692",12.860052852751,-1.13837287099404,0.306512505437469,-3.71395245152983,0.000204047148659082,0.0014956335503807,"ENSG00000272692","P.adj < 0.05 & |log2FC| > 1","red"
"LINC01270",120.441321971656,0.377128353888693,0.101718039159461,3.70758576359773,0.000209244562665311,0.0015182769318843,"LINC01270","P.adj < 0.05","blue"
"ENSG00000254325",33.3508656953324,0.737876950849972,0.199022122414366,3.7075122197406,0.000209305319895479,0.0015182769318843,"ENSG00000254325","P.adj < 0.05","blue"
"ENSG00000232611",69.2963763860472,-0.485968899814366,0.131982875299132,-3.68206025753677,0.000231356707771332,0.00166958448907146,"ENSG00000232611","P.adj < 0.05","blue"
"LINC01816",12.8000688544223,1.01681823040204,0.278000097421059,3.65761825206113,0.000254569821265949,0.00182768076806322,"LINC01816","P.adj < 0.05 & |log2FC| > 1","red"
"LINC01641",74.8503576652456,0.463361151061102,0.126947805197518,3.65001309270498,0.000262226942425723,0.00187304958875517,"LINC01641","P.adj < 0.05","blue"
"ENSG00000268362",146.7280264777,-0.310350746856442,0.085298358358208,-3.63841406599097,0.000274322129965902,0.00194949737031605,"ENSG00000268362","P.adj < 0.05","blue"
"ENSG00000260035",34.8933093950985,0.592288231341642,0.163137730469596,3.63060237283384,0.000282760521430935,0.00199931681819853,"ENSG00000260035","P.adj < 0.05","blue"
"ENSG00000272631",78.7933170670374,-0.418999792188791,0.116389618965999,-3.59997563280273,0.000318247002293149,0.00223892363422316,"ENSG00000272631","P.adj < 0.05","blue"
"ENSG00000280036",16.439493578521,0.840543732981886,0.234494618301051,3.58449050588773,0.000337736849150025,0.00236415794405018,"ENSG00000280036","P.adj < 0.05","blue"
"ENSG00000273599",10.154582859247,1.18493933784522,0.332317172578155,3.56568795001571,0.000362902972543864,0.00252768239582791,"ENSG00000273599","P.adj < 0.05 & |log2FC| > 1","red"
"ENSG00000260920",84.204038929144,0.379942230535181,0.108088061748705,3.51511743654457,0.000439559563912682,0.0030464524231572,"ENSG00000260920","P.adj < 0.05","blue"
"ENSG00000274421",32.1084814651536,0.590570262818238,0.168317623652884,3.50866564059954,0.000450360696811442,0.00310593584007891,"ENSG00000274421","P.adj < 0.05","blue"
"ENSG00000250280",37.9443366122639,0.672407333542309,0.194290997948863,3.46082598082741,0.000538520800830592,0.0036908185578949,"ENSG00000250280","P.adj < 0.05","blue"
"ENSG00000251393",37.9736879134365,-0.583471886009045,0.168639952054098,-3.45986748040507,0.000540441288834611,0.0036908185578949,"ENSG00000251393","P.adj < 0.05","blue"
"LINC02693",89.6781993337852,0.399524086110249,0.115642954902689,3.45480696551244,0.000550686941779002,0.00374253261403205,"LINC02693","P.adj < 0.05","blue"
"ENSG00000261889",19.2038173886756,0.735505958766535,0.213501552903429,3.44496772395478,0.000571127584023422,0.0038626986359072,"ENSG00000261889","P.adj < 0.05","blue"
"LINC02980",53.7335550118917,-0.462541263585421,0.135113461120338,-3.42335441450546,0.000618533743848524,0.00416320789128814,"LINC02980","P.adj < 0.05","blue"
"ENSG00000226454",23.2520918901617,-0.73044728409484,0.213859777279901,-3.41554308802456,0.000636549577576235,0.00422355169955796,"ENSG00000226454","P.adj < 0.05","blue"
"ENSG00000263120",9.90319258250501,-1.1021173789616,0.322459590748741,-3.41784648551626,0.000631186972620118,0.00422355169955796,"ENSG00000263120","P.adj < 0.05 & |log2FC| > 1","red"
"ENSG00000275155",8.37427128163228,-1.37461580373243,0.402345634126363,-3.41650483350519,0.000634305377709668,0.00422355169955796,"ENSG00000275155","P.adj < 0.05 & |log2FC| > 1","red"
"ENSG00000225411",53.1498605332273,-0.471470664053543,0.139283285472157,-3.38497661406609,0.000711843189489177,0.00470085125134362,"ENSG00000225411","P.adj < 0.05","blue"
"LINC00205",502.06075293103,0.190919757925153,0.0564276577275868,3.38344290040972,0.000715830907464124,0.00470499188004589,"LINC00205","P.adj < 0.05","blue"
"ENSG00000269973",134.078112168844,0.300646032729008,0.089115546475989,3.3736653661212,0.000741744787389544,0.00485253599226804,"ENSG00000269973","P.adj < 0.05","blue"
"ENSG00000271862",65.1216859618036,-0.427641009064676,0.127331530722828,-3.35848478877987,0.000783710344281802,0.00507960408330798,"ENSG00000271862","P.adj < 0.05","blue"
"ENSG00000284428",139.732088129505,-0.306164528664127,0.091161300248747,-3.35849234081472,0.00078368892999624,0.00507960408330798,"ENSG00000284428","P.adj < 0.05","blue"
"FAM201A",21.6218697845091,-0.7651496164043,0.228806776511034,-3.34408634251005,0.000825540400656141,0.00532606710100736,"FAM201A","P.adj < 0.05","blue"
"ENSG00000272426",20.7705058360754,0.757810401244608,0.227690001472657,3.32825506760608,0.000873918132922893,0.00561231828482592,"ENSG00000272426","P.adj < 0.05","blue"
"ENSG00000271151",16.8418066982252,-0.772106826310304,0.232798849636135,-3.31662646751523,0.000911113408333386,0.00582446927701708,"ENSG00000271151","P.adj < 0.05","blue"
"ENSG00000230532",23.3397393997211,0.668802042331363,0.202482428394854,3.30301274847986,0.000956520391913096,0.00608694794853789,"ENSG00000230532","P.adj < 0.05","blue"
"ENSG00000259891",50.9465134745563,-0.463567818661115,0.140551914509258,-3.29819640151952,0.000973080454986971,0.0061643105745781,"ENSG00000259891","P.adj < 0.05","blue"
"ENSG00000242593",410.774135720761,0.189628717560043,0.057518801424298,3.29681274408366,0.000977886751439508,0.00616685338745636,"ENSG00000242593","P.adj < 0.05","blue"
"LINC01918",20.4089807427948,-0.740048646212248,0.226402354077162,-3.2687321173349,0.00108030527456856,0.00678218558025102,"LINC01918","P.adj < 0.05","blue"
"RNF216P1",407.593295912762,0.184928593544022,0.0566398806316475,3.26498911158887,0.00109468284523284,0.00684176778270524,"RNF216P1","P.adj < 0.05","blue"
"ENSG00000270137",15.6756823105226,0.792688933548885,0.244767281601691,3.2385412313351,0.00120142654016319,0.00747554291657096,"ENSG00000270137","P.adj < 0.05","blue"
"PRANCR",48.5517491786761,-0.469314786387388,0.145326921872509,-3.22937264713489,0.00124062122680032,0.00765140844722663,"PRANCR","P.adj < 0.05","blue"
"ENSG00000274340",13.4053388568884,-0.893008184220341,0.276503385396101,-3.22964647590507,0.00123943373226208,0.00765140844722663,"ENSG00000274340","P.adj < 0.05","blue"
"ENSG00000260585",48.0529533859586,-0.479039757489131,0.148900278960254,-3.21718509081505,0.00129455053928801,0.00794899453948781,"ENSG00000260585","P.adj < 0.05","blue"
"ENSG00000261476",18.162776947192,-0.726269906537262,0.226045845660675,-3.2129318918229,0.00131387442275509,0.00803242005177784,"ENSG00000261476","P.adj < 0.05","blue"
"ENSG00000232995",84.6006237696223,-0.355192498014396,0.110748580286102,-3.20719685161481,0.00134035243875739,0.00812866624514058,"ENSG00000232995","P.adj < 0.05","blue"
"ENSG00000261668",25.9491496122378,-0.666443125220408,0.207877627698323,-3.20593963188557,0.00134622227838013,0.00812866624514058,"ENSG00000261668","P.adj < 0.05","blue"
"LINC01607",13.2280529643579,-0.907389156996325,0.283049117192856,-3.20576572008198,0.0013470361206233,0.00812866624514058,"LINC01607","P.adj < 0.05","blue"
"LINC00662",335.955615087281,-0.189971143699945,0.0595225686047495,-3.19158175046879,0.00141496062804389,0.00850190935305343,"LINC00662","P.adj < 0.05","blue"
"ENSG00000273219",27.1383207070153,-0.648610489194734,0.203893582951643,-3.18112262193442,0.00146705519481583,0.00877725330231692,"ENSG00000273219","P.adj < 0.05","blue"
"ENSG00000254556",109.729543721827,0.33580264030781,0.105697647114578,3.17701149907146,0.00148801135919589,0.00886474852286912,"ENSG00000254556","P.adj < 0.05","blue"
"ENSG00000260855",130.124875269429,-0.313233414056797,0.0987195278330258,-3.17296304928241,0.0015089172729079,0.00895120416131802,"ENSG00000260855","P.adj < 0.05","blue"
"SNHG6",692.617071304353,0.164824472519296,0.0520866438069666,3.16442873781879,0.00155387709328073,0.00917902080418996,"SNHG6","P.adj < 0.05","blue"
"ENSG00000259539",33.2728026035974,-0.556068899940563,0.176105886625622,-3.15758269411342,0.00159083109129214,0.00935782994877729,"ENSG00000259539","P.adj < 0.05","blue"
"LINC01285",13.0644669407743,-0.890310059576022,0.282419339200769,-3.15244013421868,0.00161912018278349,0.00948438600793674,"LINC01285","P.adj < 0.05","blue"
"ENSG00000226471",20.7008234261038,0.690300726800352,0.21936523662818,3.14681002975143,0.00165062166585935,0.00961855039997643,"ENSG00000226471","P.adj < 0.05","blue"
"ENSG00000277991",1364.2513109083,-0.116517355221617,0.0370378417970963,-3.14590023522244,0.00165576474742451,0.00961855039997643,"ENSG00000277991","P.adj < 0.05","blue"
"ENSG00000258634",270.713384267965,0.215338400218315,0.0684925774764847,3.14396695455426,0.0016667426021926,0.00964231257466795,"ENSG00000258634","P.adj < 0.05","blue"
"LINC02897",19.2136555988783,-0.739518874796166,0.237045571714348,-3.11973292497243,0.00181015082393585,0.010428852483581,"LINC02897","P.adj < 0.05","blue"
"ENSG00000269984",20.7103120297827,-0.728262931977809,0.23378246194501,-3.1151307327284,0.00183863400518143,0.0105495393739918,"ENSG00000269984","P.adj < 0.05","blue"
"ENSG00000260306",42.6865683929683,0.480025538954478,0.154328841172734,3.11040720131634,0.0018682959048774,0.0106759765992994,"ENSG00000260306","P.adj < 0.05","blue"
"ST20",111.339418521913,0.345451843781745,0.111893401566687,3.08732989564055,0.00201963324273452,0.0114938477228794,"ST20","P.adj < 0.05","blue"
"ENSG00000241860",422.622668774248,-0.170090583769847,0.0554254162559666,-3.06881923961259,0.00214906580060357,0.012180939760506,"ENSG00000241860","P.adj < 0.05","blue"
"ENSG00000279623",10.439221520658,0.916801935131226,0.299267517207552,3.06348628707135,0.00218774231413826,0.012350158224974,"ENSG00000279623","P.adj < 0.05","blue"
"LINC00339",76.7608754646979,-0.388005510927623,0.127108203120642,-3.05256074275046,0.00226897803946324,0.0127573062459781,"LINC00339","P.adj < 0.05","blue"
"ENSG00000230735",16.2870086634446,0.706664155588608,0.234803336347739,3.00960014700154,0.00261591822551186,0.0146491420628664,"ENSG00000230735","P.adj < 0.05","blue"
"ENSG00000240207",73.1907449746617,-0.353953084462059,0.117844065325521,-3.00357157133314,0.00266830780002017,0.014879179582764,"ENSG00000240207","P.adj < 0.05","blue"
"ENSG00000253106",58.5940731508418,0.399968661607043,0.133214563061298,3.0024394661941,0.00267825232489753,0.014879179582764,"ENSG00000253106","P.adj < 0.05","blue"
"ENSG00000261799",273.611063583147,0.23519631568599,0.0784779594958313,2.99697287234492,0.00272674976718186,0.0149703908786455,"ENSG00000261799","P.adj < 0.05","blue"
"TSIX",47.3818813315383,0.483482182052612,0.161304714247229,2.99732208267384,0.00272362788342047,0.0149703908786455,"TSIX","P.adj < 0.05","blue"
"ENSG00000273058",26.7123028927672,0.570563568677237,0.190275964934344,2.9986108275636,0.00271213495602398,0.0149703908786455,"ENSG00000273058","P.adj < 0.05","blue"
"ENSG00000276248",45.103075408084,-0.446694000192235,0.149183845229133,-2.99425182067236,0.00275118773964002,0.0150455579511564,"ENSG00000276248","P.adj < 0.05","blue"
"LINC01569",13.2710876667614,-0.82545079550565,0.27640864335473,-2.9863421978679,0.00282336511395307,0.0153205858896678,"LINC01569","P.adj < 0.05","blue"
"ENSG00000272927",14.3270557741821,-0.82940992506285,0.277633666619295,-2.98742560714072,0.00281337756319303,0.0153205858896678,"ENSG00000272927","P.adj < 0.05","blue"
"ENSG00000254048",41.86951926948,-0.505880698009042,0.169994648999472,-2.975862481475,0.00292165843239754,0.0157623040343853,"ENSG00000254048","P.adj < 0.05","blue"
"ENSG00000279145",33.5727329437026,0.561342087302189,0.188669142174208,2.97527237805466,0.00292728503495727,0.0157623040343853,"ENSG00000279145","P.adj < 0.05","blue"
"ENSG00000271947",19.6040528941261,0.646157243676106,0.218056118373953,2.96326123978776,0.00304398107767292,0.0163278678495865,"ENSG00000271947","P.adj < 0.05","blue"
"ENSG00000230074",24.3247664100357,0.568625236777357,0.192432535455224,2.95493293497485,0.00312737025121453,0.0167111387469479,"ENSG00000230074","P.adj < 0.05","blue"
"ENSG00000254718",10.3615123827641,0.915856971329467,0.310870642457816,2.94610312536586,0.00321805090971968,0.0171303090251238,"ENSG00000254718","P.adj < 0.05","blue"
"ENSG00000267655",10.6293555257567,0.884891417501637,0.300948445721772,2.94034220837851,0.00327849938477676,0.0173859815859374,"ENSG00000267655","P.adj < 0.05","blue"
"LINC02249",430.016623577716,-0.153067768102419,0.0521709630424064,-2.93396477994857,0.00334662181124845,0.0176802661726333,"LINC02249","P.adj < 0.05","blue"
"ENSG00000277938",26.8477740030729,0.540354140261517,0.185217774940781,2.91739893989268,0.00352964007286631,0.0185770530150859,"ENSG00000277938","P.adj < 0.05","blue"
"LINC03104",1504.82552222722,-0.10332575980213,0.0354573841146191,-2.91408298672345,0.00356735061905544,0.018705209238493,"LINC03104","P.adj < 0.05","blue"
"LINC00632",2007.84840163785,0.144706968329161,0.0499374924335294,2.89776200760934,0.00375835667063906,0.0194028420382663,"LINC00632","P.adj < 0.05","blue"
"ENSG00000213062",19.8908765641696,0.654583768238197,0.226126052937136,2.89477377655451,0.00379431872783249,0.0194028420382663,"ENSG00000213062","P.adj < 0.05","blue"
"ENSG00000233651",70.2763686822038,0.356296858095241,0.122801266814655,2.90141028132066,0.00371487140195677,0.0194028420382663,"ENSG00000233651","P.adj < 0.05","blue"
"ENSG00000254165",63.2456771473654,0.381787166636729,0.131649551536452,2.90002633644383,0.00373131307566965,0.0194028420382663,"ENSG00000254165","P.adj < 0.05","blue"
"LINC02605",35.0121127567838,-0.510061499889718,0.176181454603238,-2.89509188715907,0.00379047558774569,0.0194028420382663,"LINC02605","P.adj < 0.05","blue"
"ENSG00000266965",59.6520044477196,0.391315043527943,0.135066243588832,2.89720831149478,0.00376499668830148,0.0194028420382663,"ENSG00000266965","P.adj < 0.05","blue"
"ENSG00000272871",48.3202581088875,-0.446998257497557,0.154429263541911,-2.894517834544,0.00379741337034641,0.0194028420382663,"ENSG00000272871","P.adj < 0.05","blue"
"ENSG00000260563",29.1202821253246,-0.5291345978429,0.183604266126169,-2.88192975581129,0.00395247835549875,0.02012170799163,"ENSG00000260563","P.adj < 0.05","blue"
"ENSG00000253190",14.8279583223852,0.737252518056429,0.256619553128933,2.87293976264549,0.00406671648576454,0.0206282720292404,"ENSG00000253190","P.adj < 0.05","blue"
"ENSG00000250132",53.8242762467337,-0.411565546240077,0.143670396707352,-2.86465100446832,0.00417469057749397,0.0210995191642294,"ENSG00000250132","P.adj < 0.05","blue"
"ENSG00000229311",91.3146298360849,0.307261652955762,0.107648925112163,2.85429373898176,0.00431326300533633,0.0216741182506732,"ENSG00000229311","P.adj < 0.05","blue"
"ENSG00000234203",9.7071122178996,-0.994227023946678,0.348381417529098,-2.85384631303889,0.00431934213709844,0.0216741182506732,"ENSG00000234203","P.adj < 0.05","blue"
"ENSG00000273192",35.4834859344036,0.488788548041546,0.171559143875416,2.84909645152168,0.00438435866877707,0.0219217933438853,"ENSG00000273192","P.adj < 0.05","blue"
"FAM66B",36.7369748958772,-0.501234848388404,0.176150253284705,-2.84549604125904,0.00443423106204294,0.0219852931965869,"FAM66B","P.adj < 0.05","blue"
"ENSG00000224356",12.4888472859547,-0.836267934019736,0.293965465586659,-2.84478291472374,0.00444416998188149,0.0219852931965869,"ENSG00000224356","P.adj < 0.05","blue"
"NCAL1",84.2096915443425,-0.316811355170725,0.111332338745144,-2.84563639587193,0.00443227729901604,0.0219852931965869,"NCAL1","P.adj < 0.05","blue"
"ENSG00000271918",23.8723830586807,-0.545905155441228,0.192687741904083,-2.83310785650793,0.00460978291859283,0.0227242819930632,"ENSG00000271918","P.adj < 0.05","blue"
"ENSG00000260417",37.7452618962169,-0.497232620178198,0.17668576216473,-2.81422008251357,0.00488957403203036,0.0240189601573421,"ENSG00000260417","P.adj < 0.05","blue"
"LINC01772",42.462982692322,0.456077936908813,0.162830967864334,2.80092873542829,0.00509557704268573,0.024943384125035,"LINC01772","P.adj < 0.05","blue"
"ENSG00000277534",120.368681907358,0.252061249563625,0.0902340670340704,2.79341558957386,0.00521546386975,0.0254412871695122,"ENSG00000277534","P.adj < 0.05","blue"
"LINC01116",173.657720254481,0.22136481751232,0.0793144171730202,2.7909783038489,0.00525489946046684,0.0255446501550471,"LINC01116","P.adj < 0.05","blue"
"LINC02918",12.1545569384095,-0.764741525812172,0.274418665814236,-2.78676934582086,0.00532363562283577,0.0257892383113151,"LINC02918","P.adj < 0.05","blue"
"ENSG00000257176",29.755225339385,0.498066277957007,0.179163007178353,2.77996158805926,0.00543653287174226,0.0262453311049626,"ENSG00000257176","P.adj < 0.05","blue"
"ENSG00000272425",27.0007291444065,-0.570829732059798,0.205576505684583,-2.7767265046115,0.00549093611438025,0.0264168747770871,"ENSG00000272425","P.adj < 0.05","blue"
"LINC00472",38.1993911438615,-0.433489188045616,0.156965811192645,-2.7616790226605,0.00575049809752688,0.0275708812895124,"LINC00472","P.adj < 0.05","blue"
"ENSG00000261762",940.017912710413,-0.152195380002545,0.0551527714154039,-2.75952370292017,0.0057885687743905,0.0276586903895792,"ENSG00000261762","P.adj < 0.05","blue"
"CASC15",1336.0181261971,-0.107449815370474,0.0390848658521995,-2.74914120920353,0.00597516386170283,0.0284531612462039,"CASC15","P.adj < 0.05","blue"
"ENSG00000258525",30.399850155414,0.517814104921986,0.18844071780851,2.74788862483627,0.00599803798171656,0.0284652649979769,"ENSG00000258525","P.adj < 0.05","blue"
"MIR99AHG",364.446155180272,-0.161699767787977,0.0589383399825009,-2.74354126424305,0.00607804086683947,0.0285545544079707,"MIR99AHG","P.adj < 0.05","blue"
"ENSG00000261659",40.1601077616923,-0.43282381010647,0.157749936628456,-2.74373365439688,0.00607448015398538,0.0285545544079707,"ENSG00000261659","P.adj < 0.05","blue"
"ERICD",36.5908716006546,0.461732402026039,0.168275382901228,2.7439093827352,0.00607122945624332,0.0285545544079707,"ERICD","P.adj < 0.05","blue"
"LINC00663",60.558643478427,-0.362417500656225,0.132236693097086,-2.7406727449706,0.006131354213849,0.0287086819377545,"LINC00663","P.adj < 0.05","blue"
"ENSG00000283982",18.7096000492771,-0.654529190388881,0.240443783092083,-2.72217140311012,0.0064854495036989,0.0302654310172615,"ENSG00000283982","P.adj < 0.05","blue"
"ENSG00000265625",52.3589363146255,-0.408518013898212,0.150160351310593,-2.72054513946381,0.00651743729646524,0.0303136618440244,"ENSG00000265625","P.adj < 0.05","blue"
"ENSG00000260672",16.3185955832722,0.680016416989442,0.250515816564911,2.71446500390223,0.00663829137385168,0.0306719733445292,"ENSG00000260672","P.adj < 0.05","blue"
"ENSG00000270140",14.8933766190921,0.723091693884068,0.26629518359049,2.71537653867613,0.00662004545894383,0.0306719733445292,"ENSG00000270140","P.adj < 0.05","blue"
"ENSG00000270091",20.5372863298556,0.609308291010244,0.226250514097398,2.69306920004586,0.00707975729833863,0.0326041454528753,"ENSG00000270091","P.adj < 0.05","blue"
"FAM182B",21.0191459337104,-0.586096159389357,0.217729810570038,-2.69185077530219,0.00710567309651643,0.0326162043774525,"FAM182B","P.adj < 0.05","blue"
"LINC02983",18.6496164705835,-0.619284001144521,0.230228832682752,-2.68986292432744,0.00714813739994976,0.0327038966010773,"LINC02983","P.adj < 0.05","blue"
"ENSG00000276900",17.2626002477372,-0.65411377761147,0.244962542386648,-2.67026040487046,0.00757924415516395,0.0345633283948845,"ENSG00000276900","P.adj < 0.05","blue"
"LINC02986",101.801119655125,0.278301217214936,0.104303637205501,2.66818324529394,0.00762626513228683,0.0346648415103947,"LINC02986","P.adj < 0.05","blue"
"ENSG00000227782",16.7007827563883,0.634752119632425,0.240459959631025,2.63974143806072,0.00829693009564704,0.0375912690417665,"ENSG00000227782","P.adj < 0.05","blue"
"ENSG00000259432",12.7601896040852,-0.87018876725369,0.330305887585888,-2.63449366165905,0.00842628770276228,0.0380542025286039,"ENSG00000259432","P.adj < 0.05","blue"
"ENSG00000260350",13.8494405279783,0.705062751400887,0.268144208014489,2.62941630036174,0.00855315840547172,0.0385029638831525,"ENSG00000260350","P.adj < 0.05","blue"
"ENSG00000276744",16.3044026056786,0.645883406972526,0.246075296561686,2.62473891527188,0.00867154318224083,0.0389107706895422,"ENSG00000276744","P.adj < 0.05","blue"
"ENSG00000275759",12.4194441723271,0.779252521765021,0.297351415748669,2.6206450700866,0.0087763580949545,0.0392552758240777,"ENSG00000275759","P.adj < 0.05","blue"
"ENSG00000246465",60.1795986041144,-0.348830616714037,0.133953293151107,-2.60412124635514,0.0092110165261393,0.0410682265496657,"ENSG00000246465","P.adj < 0.05","blue"
"ENSG00000253263",16.6356848989628,-0.642139468052518,0.247082404827901,-2.59888788317317,0.00935263145923002,0.0415672509299112,"ENSG00000253263","P.adj < 0.05","blue"
"ENSG00000259932",19.5962583488605,0.585132212528664,0.225913247511068,2.59007481400575,0.00959550757279079,0.0425117424110984,"ENSG00000259932","P.adj < 0.05","blue"
"ENSG00000267002",375.748377395551,-0.174068462397553,0.0672378594071974,-2.58884598546455,0.00962981538242669,0.042529153108509,"ENSG00000267002","P.adj < 0.05","blue"
"ENSG00000271993",14.8668444449666,-0.699893926964827,0.270549709391763,-2.58693283588548,0.00968344652258523,0.04263152557113,"ENSG00000271993","P.adj < 0.05","blue"
"ENSG00000228423",16.2447091694203,-0.67721258725647,0.262712499902328,-2.57777070945709,0.00994399572199032,0.0436413605353807,"ENSG00000228423","P.adj < 0.05","blue"
"ENSG00000279175",14.3105331160955,-0.720195607079995,0.280209975313452,-2.57019974493899,0.0101639891908946,0.0444674527101641,"ENSG00000279175","P.adj < 0.05","blue"
"LINC00630",218.77358122985,0.182225615526582,0.0712048535218647,2.55917408032623,0.0104921187080422,0.0456179074262705,"LINC00630","P.adj < 0.05","blue"
"ENSG00000227885",20.6087966969217,-0.5868392196951,0.22929727666327,-2.55929432845769,0.0104884898204084,0.0456179074262705,"ENSG00000227885","P.adj < 0.05","blue"
"ENSG00000231754",28.7717608175139,-0.473490910486659,0.1858010537812,-2.54837580762187,0.0108225813795989,0.046909021459562,"ENSG00000231754","P.adj < 0.05","blue"
"SNHG10",113.902456740546,-0.236836567171474,0.0931615697455965,-2.54221314452109,0.0110152977676968,0.0475969656628876,"SNHG10","P.adj < 0.05","blue"
"LINC01404",14.3870279670139,-0.688594165002066,0.271594126840282,-2.53537943921376,0.0112325585182443,0.0483864059247446,"LINC01404","P.adj < 0.05","blue"
"ENSG00000276517",220.113482688097,-0.206184277400573,0.0815913725798006,-2.5270352842626,0.0115029945384212,0.0492482946599073,"ENSG00000276517","P.adj < 0.05","blue"
"ENSG00000279726",32.9969936311107,-0.432298103757678,0.171033605318543,-2.52756236385557,0.0114857423223331,0.0492482946599073,"ENSG00000279726","P.adj < 0.05","blue"
"LINC01670",106.876177373225,-0.263214672767532,0.104326469065464,-2.52299033146006,0.0116361600275005,0.0496665367027462,"LINC01670","P.adj < 0.05","blue"
"ENSG00000279738",136.998998737491,0.229820064565451,0.0911943592241055,2.52011271882156,0.0117317258961214,0.0499222378558358,"ENSG00000279738","P.adj < 0.05","blue"
"LINC03060",48.9910877303372,-0.351169556320536,0.14044964371371,-2.5003235824247,0.0124079915388413,0.052639964104175,"LINC03060","NS","grey80"
"ENSG00000271265",18.1719731688574,-0.619211649149516,0.248376587312813,-2.4930354984291,0.0126656182883271,0.0535705909476069,"ENSG00000271265","NS","grey80"
"H19",81.4417138715333,0.276746782687641,0.111235263151607,2.48794109751376,0.012848501113458,0.0539801324113661,"H19","NS","grey80"
"ENSG00000255182",20.2217343115647,-0.589713659737465,0.23710683433041,-2.48712215066604,0.0128781173038545,0.0539801324113661,"ENSG00000255182","NS","grey80"
"ENSG00000264207",46.6807973299081,-0.359484046225442,0.14441767047246,-2.48919709789941,0.0128031965137683,0.0539801324113661,"ENSG00000264207","NS","grey80"
"ENSG00000265282",82.3387592022498,-0.283237827660606,0.113968094014252,-2.48523790899921,0.0129464880170722,0.0541047260414958,"ENSG00000265282","NS","grey80"
"SNHG9",27.8542929535745,0.490792952031939,0.197942729420917,2.47946945799806,0.0131577998165746,0.0548241659023941,"SNHG9","NS","grey80"
"ENSG00000261542",42.4173291676696,0.377573913790228,0.15269799909183,2.47268409563875,0.0134102624786655,0.0557102892288777,"ENSG00000261542","NS","grey80"
"CHROMR",222.507569653151,0.178205526599371,0.0722280984767881,2.46726039252772,0.0136151308225714,0.0560109896214626,"CHROMR","NS","grey80"
"LINC01341",74.7715429553351,-0.295647041074699,0.119863226634034,-2.46653664661779,0.0136426767577991,0.0560109896214626,"LINC01341","NS","grey80"
"LINC01518",39.3996538885553,-0.395073215706593,0.16014154231597,-2.46702517031519,0.0136240780397998,0.0560109896214626,"LINC01518","NS","grey80"
"ENSG00000247121",25.1066761067661,-0.490987356194234,0.198979505634664,-2.46752726934457,0.0136049858355315,0.0560109896214626,"ENSG00000247121","NS","grey80"
"ENSG00000274270",14.5359323195648,-0.675060234093915,0.274497416316728,-2.45925897282399,0.013922414791885,0.0569923412533303,"ENSG00000274270","NS","grey80"
"MIRLET7BHG",358.643687268375,0.162940426276158,0.0664825937302222,2.45087348633462,0.0142510032144595,0.0581673600590184,"MIRLET7BHG","NS","grey80"
"ENSG00000214248",15.5117336289257,-0.60312704733675,0.246335858784474,-2.4483932234342,0.0143494954762149,0.0581959368953754,"ENSG00000214248","NS","grey80"
"ENSG00000263235",10.9894740359068,0.784996869067284,0.320485314068091,2.44940043929908,0.0143094263448161,0.0581959368953754,"ENSG00000263235","NS","grey80"
"LINC01002",664.172775974012,-0.144742936871103,0.0591376414851074,-2.44756018732255,0.0143827101184285,0.0581959368953754,"LINC01002","NS","grey80"
"HAGLR",147.959352180522,0.220296342395224,0.0900803956398615,2.44555256257934,0.0144630364931391,0.0583523086178525,"HAGLR","NS","grey80"
"ENSG00000272668",30.0400442823369,-0.476233951033533,0.195382178119992,-2.43744826481082,0.014791330601094,0.0595053529929069,"ENSG00000272668","NS","grey80"
"ENSG00000261795",38.948144589199,-0.406749999240885,0.16701279381478,-2.43544215955083,0.014873602308844,0.0596648803220105,"ENSG00000261795","NS","grey80"
"ENSG00000272368",10.4854653003005,-0.811870905302078,0.333545034195519,-2.43406683376426,0.0149302380482373,0.0597209521929494,"ENSG00000272368","NS","grey80"
"ENSG00000260398",42.1197165684082,-0.377097883900817,0.155162088169892,-2.43034808533848,0.0150843281276444,0.0601654113353338,"ENSG00000260398","NS","grey80"
"ENSG00000267397",27.4409707959433,0.508184265440941,0.209857769565378,2.42156517003591,0.0154538297902694,0.0614640957567531,"ENSG00000267397","NS","grey80"
"LINC02933",10.9460110868545,0.752037819113564,0.310892419211278,2.41896480146237,0.0155647462372966,0.0617298717626496,"LINC02933","NS","grey80"
"ENSG00000272563",52.5602238045996,-0.369679022570779,0.152960701872599,-2.41682352424536,0.0156566058297403,0.0619187801176168,"ENSG00000272563","NS","grey80"
"ENSG00000270096",18.1082459787823,0.599181283213567,0.248871688586138,2.40759118330241,0.0160581515983108,0.0633279217961552,"ENSG00000270096","NS","grey80"
"ENSG00000261187",9.46292343831715,-0.82161040994384,0.341992310600067,-2.40242363491221,0.0162868347222924,0.064049350031487,"ENSG00000261187","NS","grey80"
"MILIP",41.6959838309289,-0.372096647794834,0.155016534758398,-2.40036747289421,0.0163786203394856,0.0640504706013405,"MILIP","NS","grey80"
"ENSG00000276791",22.286994016091,-0.484710838996571,0.201907324406784,-2.40066000785599,0.0163655341198222,0.0640504706013405,"ENSG00000276791","NS","grey80"
"ENSG00000261338",24.6671119392874,0.455152587078282,0.18974203351594,2.39879682242388,0.0164490389103877,0.0641466698455229,"ENSG00000261338","NS","grey80"
"ENSG00000262049",45.0230723985118,-0.407222616228886,0.170252636329989,-2.39187260184091,0.0167626597357355,0.065188121194527,"ENSG00000262049","NS","grey80"
"MIR4307HG",62.4872099172635,0.310020865014049,0.129787760947175,2.38867565594441,0.0169092229269275,0.0655759337886385,"MIR4307HG","NS","grey80"
"ENSG00000093100",10.6328124845487,-0.771803762154393,0.324785817771287,-2.37634687207277,0.0174850171019094,0.0674353276657663,"ENSG00000093100","NS","grey80"
"ENSG00000273680",16.3700638147221,0.59761508108383,0.251425540682077,2.37690681488681,0.0174584979869488,0.0674353276657663,"ENSG00000273680","NS","grey80"
"LINC01237",64.2859914686729,-0.297887484833964,0.126240014873088,-2.35969145863487,0.0182901401269882,0.0703466927961083,"LINC01237","NS","grey80"
"FAM41C",27.413981717171,-0.464028495799137,0.197129800450946,-2.35392363172714,0.0185764271050701,0.071252049170132,"FAM41C","NS","grey80"
"LINC01224",70.2680459502704,-0.293511241517487,0.125006379017524,-2.34797011020007,0.0188760359922451,0.0722034163637791,"LINC01224","NS","grey80"
"ENSG00000264112",339.111950115915,0.169370487215493,0.0724804087390709,2.33677610490893,0.0194508289239485,0.0741993473938091,"ENSG00000264112","NS","grey80"
"ENSG00000264895",166.071596346015,-0.202528745395781,0.086716903775018,-2.33551633625238,0.0195164635069751,0.0742474155156662,"ENSG00000264895","NS","grey80"
"HELLPAR",247.971161172276,-0.166917002713034,0.0715621249838772,-2.33247688984417,0.0196756172925617,0.0746500385083643,"HELLPAR","NS","grey80"
"ENSG00000214999",14.6292416324263,-0.621247207233614,0.266512524386031,-2.33102443746233,0.0197520711328088,0.0747375664484656,"ENSG00000214999","NS","grey80"
"LINC02575",72.3905155828657,0.312696008611701,0.13461728317468,2.32285187486621,0.0201871112018667,0.0755667264240999,"LINC02575","NS","grey80"
"ENSG00000267143",47.0131093781423,0.336341163604246,0.14477688064085,2.32316901783933,0.0201700744550212,0.0755667264240999,"ENSG00000267143","NS","grey80"
"ENSG00000273987",26.3199570889802,-0.468362519154555,0.201386704140354,-2.32568739408008,0.0200352334704033,0.0755667264240999,"ENSG00000273987","NS","grey80"
"ENSG00000277879",14.3347428429095,0.610608380868258,0.262793504546256,2.32352919803914,0.0201507409888324,0.0755667264240999,"ENSG00000277879","NS","grey80"
"ENSG00000250764",23.4741543519697,0.461661776522777,0.199107912347262,2.31865108262296,0.0204139629188702,0.0762121282304488,"ENSG00000250764","NS","grey80"
"LINC01521",52.4741020592567,-0.339724242826454,0.146913176694159,-2.31241506358334,0.0207548210291313,0.0771525252406305,"LINC01521","NS","grey80"
"LINC01852",12.8895162616972,-0.634462153355774,0.274536493879321,-2.31103029105729,0.0208311818149702,0.0771525252406305,"LINC01852","NS","grey80"
"ENSG00000248783",48.5306025766951,-0.339752874253688,0.147000608819981,-2.31123447025824,0.0208199073519479,0.0771525252406305,"ENSG00000248783","NS","grey80"
"LINC00467",133.879096243679,0.215470235925254,0.0933679005771762,2.30775496282205,0.0210127691638823,0.0776197277821512,"LINC00467","NS","grey80"
"ENSG00000250038",97.4895051796712,0.236927495561867,0.102749038497693,2.30588528151712,0.021117043263872,0.0777996330774232,"ENSG00000250038","NS","grey80"
"ENSG00000261646",20.6757157545933,0.463402180175381,0.201260850365032,2.30249539011137,0.0213072510954973,0.07829436098083,"ENSG00000261646","NS","grey80"
"ENSG00000257509",12.9808466189549,0.599719640310909,0.263398457543721,2.27685327356696,0.0227949889943078,0.0835418444817565,"ENSG00000257509","NS","grey80"
"ENSG00000244733",40.6267695258814,0.357166686465647,0.156937738602397,2.27584957988041,0.022855014110302,0.0835431325180753,"ENSG00000244733","NS","grey80"
"ENSG00000281530",9.58555493150542,-0.764597013694407,0.336473104640731,-2.27238671724091,0.0230631632693075,0.0840844494193502,"ENSG00000281530","NS","grey80"
"ENSG00000232693",36.7181491821816,0.379597505823903,0.167393915361736,2.26768998743829,0.0233481085496086,0.0849022129076676,"ENSG00000232693","NS","grey80"
"ENSG00000259865",106.548770158129,0.352062177603892,0.155433562785,2.26503318392615,0.0235106432365974,0.0852717630342912,"ENSG00000259865","NS","grey80"
"ENSG00000271401",16.2200222010301,0.551301404420604,0.243809987592008,2.26119286525354,0.0237473167306107,0.0859076057438113,"ENSG00000271401","NS","grey80"
"ENSG00000273449",40.5582685556984,-0.369624830412724,0.164674538348381,-2.24457790572794,0.0247952424550096,0.0892373764447646,"ENSG00000273449","NS","grey80"
"ENSG00000276855",35.8470202485232,0.397935316161607,0.177285910197168,2.2445964020437,0.0247940539520879,0.0892373764447646,"ENSG00000276855","NS","grey80"
"HSALR1",10.4226481170154,0.664192173353108,0.296100837150511,2.2431283198821,0.0248885409312376,0.0893434802659813,"HSALR1","NS","grey80"
"ENSG00000277589",12.4363730733464,0.606724254525172,0.271965101616446,2.23089010655801,0.0256884092405412,0.0919789589175388,"ENSG00000277589","NS","grey80"
"ENSG00000259326",27.3382867616649,0.441895934629406,0.198208781801634,2.22944680156327,0.0257841911876342,0.0920863970986936,"ENSG00000259326","NS","grey80"
"FAM66A",25.2344035738191,-0.446995308771928,0.200833667353907,-2.22569908054429,0.0260343443971355,0.0927432115928491,"FAM66A","NS","grey80"
"ENSG00000254293",12.3081238042152,-0.666421275769091,0.300892329601751,-2.21481643168218,0.0267726669102119,0.0951313037418697,"ENSG00000254293","NS","grey80"
"LINC01829",23.1502780384581,-0.48388361970096,0.219491245039349,-2.20456911442738,0.0274843450645803,0.0971668764909404,"LINC01829","NS","grey80"
"ENSG00000280384",13.4680544162482,0.608063130640941,0.275728837488673,2.20529392637765,0.0274334757711345,0.0971668764909404,"ENSG00000280384","NS","grey80"
"ENSG00000262877",13.6812623711708,-0.5690876093801,0.258296969156922,-2.20322991492155,0.0275785478481699,0.0972543249053849,"ENSG00000262877","NS","grey80"
"ENSG00000274425",14.2756341630936,-0.576636254799218,0.262320870364212,-2.19820959727148,0.0279341730770217,0.098260910321182,"ENSG00000274425","NS","grey80"
"ENSG00000254485",11.6372754958779,-0.628959532392585,0.286284377242384,-2.19697469506019,0.0280222535035594,0.0983232427346565,"ENSG00000254485","NS","grey80"
"ENSG00000273017",16.8984196415492,0.558572237263276,0.254359608495262,2.19599424833083,0.0280923550670447,0.0983232427346565,"ENSG00000273017","NS","grey80"
"ENSG00000268392",10.8612291546671,-0.668509856720607,0.305076485243407,-2.19128608416749,0.0284310964437087,0.0992606858383847,"ENSG00000268392","NS","grey80"
"LINC03011",41.4566055482833,0.339734710556894,0.155408380532907,2.18607715614768,0.0288099609638279,0.100333197386465,"LINC03011","NS","grey80"
"ENSG00000258875",15.279795693937,0.569329696704237,0.261202755578175,2.17964659463113,0.0292836681081479,0.101729864395551,"ENSG00000258875","NS","grey80"
"ENSG00000272768",14.3696793274944,0.555704359798653,0.25509841584135,2.178392045148,0.029376861620048,0.101801005614028,"ENSG00000272768","NS","grey80"
"ENSG00000285650",18.0257429721251,0.510872670265703,0.234625481734088,2.17739636159681,0.0294510069220722,0.101805949854077,"ENSG00000285650","NS","grey80"
"GHRLOS",29.1663559090766,0.402655299038753,0.18510997627078,2.17522203368308,0.0296134818031903,0.10211545449376,"GHRLOS","NS","grey80"
"DNM1P35",10.4896010842798,-0.679237917689046,0.312496852231202,-2.17358323080486,0.0297364489183187,0.102272468097334,"DNM1P35","NS","grey80"
"ENSG00000269399",14.7269664114138,-0.551199807223647,0.253696907077178,-2.17267058386315,0.0298051192740801,0.102272468097334,"ENSG00000269399","NS","grey80"
"ENSG00000268575",125.125163153722,-0.211146854456719,0.0975207278035962,-2.16514846855904,0.0303763172009657,0.103724009954517,"ENSG00000268575","NS","grey80"
"ENSG00000273989",31.212705128816,0.409842826912141,0.189227729526984,2.16587086859115,0.0303210559635535,0.103724009954517,"ENSG00000273989","NS","grey80"
"ENSG00000277840",30.0881021691131,-0.400080373942934,0.184918441141679,-2.16355043592654,0.0304988689412697,0.10388909128413,"ENSG00000277840","NS","grey80"
"ENSG00000269397",28.9781332902155,-0.408852904949444,0.189266972886509,-2.16019149413145,0.0307578483617827,0.10451696045266,"ENSG00000269397","NS","grey80"
"LINC01134",11.17833378389,-0.639574368843151,0.296240100061079,-2.15897297061162,0.0308522639642619,0.104583945641566,"LINC01134","NS","grey80"
"WASIR2",12.4678718159987,-0.60885321644165,0.282734910247247,-2.15344194994957,0.0312839616918619,0.105218456884295,"WASIR2","NS","grey80"
"ENSG00000262652",14.4204600517718,0.551247763573968,0.256069409370147,2.15272790658545,0.0313400689433937,0.105218456884295,"ENSG00000262652","NS","grey80"
"ENSG00000267457",12.1247277472471,0.58849971409616,0.273248264217797,2.1537180328695,0.0312622910914041,0.105218456884295,"ENSG00000267457","NS","grey80"
"ENSG00000269921",11.0514574309706,0.640547265365091,0.297408109243194,2.1537652991207,0.0312585823091058,0.105218456884295,"ENSG00000269921","NS","grey80"
"ENSG00000285570",16.9814804145707,-0.525654059542617,0.24529274466161,-2.14296619440488,0.0321158129750726,0.107564923839956,"ENSG00000285570","NS","grey80"
"SNHG14",2496.03555365707,0.0850926831040371,0.039779154130833,2.13912751448079,0.0324253426129809,0.108084475376603,"SNHG14","NS","grey80"
"ENSG00000277223",120.835784253222,0.251731282846253,0.117652923360199,2.13960924774956,0.0323863586356724,0.108084475376603,"ENSG00000277223","NS","grey80"
"MIR181A2HG",72.5285409377925,-0.263144557073589,0.123390292723791,-2.13261960292644,0.0329559439076435,0.10959221251948,"MIR181A2HG","NS","grey80"
"ENSG00000279583",13.7857408416389,0.581382138531714,0.272856837845328,2.13072226125144,0.0331120300055472,0.109850336511294,"ENSG00000279583","NS","grey80"
"ENSG00000278576",88.8628867333622,0.223145157421965,0.104849526709463,2.12824191415091,0.0333170313139902,0.110269134372544,"ENSG00000278576","NS","grey80"
"ENSG00000279463",17.154008896373,-0.528503151284783,0.249256823379466,-2.12031568130913,0.0339794320983739,0.112196238060669,"ENSG00000279463","NS","grey80"
"ENSG00000265218",18.5374222267565,0.498227361489411,0.235791037640923,2.11300381250344,0.0346004415666432,0.113977925160707,"ENSG00000265218","NS","grey80"
"ENSG00000259644",34.8205727734279,0.356210917691215,0.168813288708709,2.11008813592788,0.0348507650074962,0.114533030541067,"ENSG00000259644","NS","grey80"
"ENSG00000272148",21.6471474676077,0.444993943767489,0.211149989591548,2.10747793371097,0.0350761724582989,0.11500384412557,"ENSG00000272148","NS","grey80"
"ENSG00000204584",17.6241868427407,0.478888352897368,0.227628950732823,2.10381127424981,0.0353949129511606,0.115777752643983,"ENSG00000204584","NS","grey80"
"DNAH10OS",191.044432305365,0.163085946208069,0.0777950231958488,2.09635449040873,0.0360507563058762,0.117648155776752,"DNAH10OS","NS","grey80"
"LINC01424",10.3245012622645,-0.625756464210491,0.299524258675607,-2.08916789236829,0.0366926125792201,0.119464320025368,"LINC01424","NS","grey80"
"ENSG00000272735",10.8958384411194,0.669107137505116,0.320763822137296,2.08598068524922,0.0369803726841514,0.120121860226942,"ENSG00000272735","NS","grey80"
"ENSG00000251259",440.575906129632,0.140476220552314,0.0674553147809576,2.08250782030255,0.0372961093216911,0.120867020949925,"ENSG00000251259","NS","grey80"
"ENSG00000260400",210.28421208787,0.166668427204284,0.0801084266885118,2.08053552034352,0.0374764411398655,0.121170941329819,"ENSG00000260400","NS","grey80"
"ENSG00000276997",179.290891472857,-0.159570405756647,0.0768569910988263,-2.07619896999954,0.0378755525115662,0.122179201650214,"ENSG00000276997","NS","grey80"
"ENSG00000276672",116.477943970839,-0.216478859130376,0.104412168224504,-2.0733106381328,0.0381433792982634,0.122760301189813,"ENSG00000276672","NS","grey80"
"LINC00304",23.5556266113602,0.412306413697065,0.200477328881549,2.05662363917805,0.03972244253989,0.127549127421665,"LINC00304","NS","grey80"
"ENSG00000267886",53.7988547414492,-0.283099087446991,0.137788478870431,-2.05459186259834,0.0399184423011412,0.127885169843473,"ENSG00000267886","NS","grey80"
"MIR3936HG",102.031689133889,-0.203153589296423,0.0990065473163401,-2.05192075476906,0.0401773644547956,0.128420799627201,"MIR3936HG","NS","grey80"
"ENSG00000262119",36.7519887541677,-0.368522061930256,0.180013722904986,-2.04718871418913,0.0406395591079375,0.129602238613012,"ENSG00000262119","NS","grey80"
"NKILA",22.7317484907019,0.422244820516853,0.206886257055664,2.04095151860786,0.0412556462469345,0.131267965331155,"NKILA","NS","grey80"
"PRNCR1",75.4275151334826,0.233662172124067,0.114709165832372,2.03699652445843,0.041650390295227,0.132223461254689,"PRNCR1","NS","grey80"
"SNHG11",70.0071694001947,-0.248727160235686,0.122335823211521,-2.03315066434492,0.042037303685265,0.132849266725442,"SNHG11","NS","grey80"
"LINC02021",27.4069341025851,-0.386440584345809,0.190043559803446,-2.03343162349457,0.0420089351248718,0.132849266725442,"LINC02021","NS","grey80"
"ENSG00000236358",12.5760347392901,-0.569968643491853,0.280516182523779,-2.03185655231686,0.0421681800966328,0.132962730034428,"ENSG00000236358","NS","grey80"
"ENSG00000278467",72.0442480759683,0.252612633321693,0.124391496317706,2.03078699750102,0.0422766065940959,0.133005054453335,"ENSG00000278467","NS","grey80"
"ENSG00000278716",12.5354109206519,-0.575491185481049,0.283582590735355,-2.02936006751595,0.042421629280814,0.13316206500704,"ENSG00000278716","NS","grey80"
"ENSG00000228172",11.803160518838,-0.58068173804886,0.287011869453851,-2.02319764389475,0.0430527745049841,0.134840904489883,"ENSG00000228172","NS","grey80"
"CASC2",110.532654082383,-0.190410075016553,0.0942438988012166,-2.02039683670318,0.0433422412886293,0.13544229442456,"CASC2","NS","grey80"
"ENSG00000260671",11.8125208461993,0.580360175294136,0.287382264036563,2.01947109450115,0.0434382787118768,0.13544229442456,"ENSG00000260671","NS","grey80"
"LINC01102",279.825769188814,-0.143445678469866,0.0712232346238662,-2.01402925923556,0.0440064616505892,0.13600230973692,"LINC01102","NS","grey80"
"ENSG00000251213",10.2860946171171,-0.660346835486766,0.327729308894254,-2.01491541209649,0.0439135128493893,0.13600230973692,"ENSG00000251213","NS","grey80"
"ENSG00000274667",21.0776611995265,-0.459923192970055,0.228318489358761,-2.01439311490612,0.0439682766573717,0.13600230973692,"ENSG00000274667","NS","grey80"
"FAM247B",33.9726351181339,0.370707381154933,0.183832582007408,2.01654884627577,0.0437426158699535,0.13600230973692,"FAM247B","NS","grey80"
"ENSG00000247679",20.4826546479716,0.432524829187786,0.215219007775669,2.00969623295831,0.0444633489098845,0.13694983093807,"ENSG00000247679","NS","grey80"
"VESTAR",34.6395047115075,-0.345535064914517,0.171970600762515,-2.00926823179322,0.0445086950548726,0.13694983093807,"VESTAR","NS","grey80"
"ENSG00000225300",40.3916821176203,0.308691976076286,0.153755917171569,2.00767542319579,0.0446777939255712,0.137168665560964,"ENSG00000225300","NS","grey80"
"ENSG00000260973",24.4823756123233,0.409899536059253,0.205651177476492,1.99317864886092,0.0462418882236421,0.141660051450982,"ENSG00000260973","NS","grey80"
"ENSG00000260267",208.658758084216,0.159805329915654,0.0803570637705592,1.98869050730799,0.0467353744137072,0.142859223098668,"ENSG00000260267","NS","grey80"
"SNHG32",102.713985477399,0.203805359826801,0.102560286625268,1.98717619200362,0.046902875209045,0.143058878633253,"SNHG32","NS","grey80"
"APRG1",42.4961813621728,-0.318505765658682,0.160606498667132,-1.98314369780769,0.0473513807371365,0.144112897895633,"APRG1","NS","grey80"
"ENSG00000260296",64.3379438293833,-0.256573956244309,0.130229500334746,-1.9701677084286,0.0488191530785145,0.148257731691801,"ENSG00000260296","NS","grey80"
"MHENCR",10.5750068575593,-0.645310835770122,0.328363436629958,-1.96523353024028,0.0493872148172429,0.149658226718918,"MHENCR","NS","grey80"
"ENSG00000231856",35.610174967129,0.33322041002093,0.169722070553299,1.96332986590738,0.0496078573048166,0.15000216031694,"ENSG00000231856","NS","grey80"
"ENSG00000277007",29.4187870898061,-0.3714922751867,0.189769896869837,-1.95759328172848,0.0502777563192935,0.151700126825455,"ENSG00000277007","NS","grey80"
"FAM88B",257.658506256285,-0.127474948658025,0.0652325416066511,-1.95416191855122,0.0506820713403186,0.152509618549678,"FAM88B","NS","grey80"
"ENSG00000285664",11.2393041940523,-0.569775103364693,0.291673315552938,-1.95347010844837,0.0507639158886787,0.152509618549678,"ENSG00000285664","NS","grey80"
"ENSG00000260136",16.7703610531959,0.439661650719542,0.226010706301101,1.94531337879988,0.0517372728814704,0.155101032192845,"ENSG00000260136","NS","grey80"
"MAFTRR",11.2722268537451,-0.559753710700465,0.2896136525426,-1.9327600953416,0.0532657582595842,0.159342011887645,"MAFTRR","NS","grey80"
"ENSG00000265401",23.5413370783739,0.414803355124407,0.216120601738798,1.91931427076876,0.0549445730462658,0.164013650884375,"ENSG00000265401","NS","grey80"
"ENSG00000258053",33.0143178191617,-0.332802184784894,0.173645124370749,-1.91656509787358,0.0552932056145054,0.164703165660229,"ENSG00000258053","NS","grey80"
"LINC01311",18.3776651883024,0.428141242569333,0.223540005891392,1.91527794258603,0.055457067031906,0.164840538948341,"LINC01311","NS","grey80"
"ENSG00000270133",23.8677683765792,0.414718176830327,0.216657993935785,1.9141605130584,0.0555996494474678,0.164914214462828,"ENSG00000270133","NS","grey80"
"ENSG00000273419",18.7310101422769,0.494967056245952,0.258914478286713,1.91170095825171,0.0559145613602027,0.165497644617936,"ENSG00000273419","NS","grey80"
"ENSG00000273149",38.6963392090161,0.351432257300202,0.184262997066172,1.9072318528174,0.0564905704338955,0.166849786091674,"ENSG00000273149","NS","grey80"
"ENSG00000260293",235.650896585423,-0.143859467149733,0.0755075961510053,-1.90523171817088,0.0567499568896798,0.16726303083274,"ENSG00000260293","NS","grey80"
"LINC02898",39.5489233135583,-0.304766785722723,0.160135763434419,-1.90317752378615,0.0570173849275814,0.167600030340753,"LINC02898","NS","grey80"
"ENSG00000267672",13.8421294187851,-0.504292198849023,0.265065938835429,-1.90251603455592,0.0571037246232422,0.167600030340753,"ENSG00000267672","NS","grey80"
"ENSG00000243155",42.9797174691263,-0.297214702165066,0.156344851502716,-1.90102008034401,0.0572993824927525,0.167822459183794,"ENSG00000243155","NS","grey80"
"ENSG00000277287",10.3402686619081,-0.57186951983377,0.301048647449006,-1.89959172605364,0.0574867188721256,0.168019637622079,"ENSG00000277287","NS","grey80"
"ENSG00000261335",18.6313159417001,-0.422499916719253,0.222562330386267,-1.8983442345611,0.0576507504781994,0.168148022228082,"ENSG00000261335","NS","grey80"
"FAM88C",253.725331468181,-0.125901898013975,0.0669144870630505,-1.88153423182252,0.0598992832130212,0.174343028062847,"FAM88C","NS","grey80"
"HYMAI",26.2350922283477,0.367283827879006,0.195514930592324,1.87854618962499,0.0603064845146495,0.175164062905621,"HYMAI","NS","grey80"
"ENSG00000274001",12.892118961764,-0.520389685970153,0.277205807566113,-1.877268339142,0.0604813252730328,0.175308189197197,"ENSG00000274001","NS","grey80"
"FAM157C",305.87541390209,-0.143378446460946,0.0764783203382618,-1.87475935437372,0.0608258372331188,0.175942504393319,"FAM157C","NS","grey80"
"ENSG00000272159",10.4251845619097,0.589066972167865,0.315228887739398,1.8686960335147,0.0616651161806709,0.178002397222555,"ENSG00000272159","NS","grey80"
"ENSG00000205041",29.346222281115,-0.350263364223383,0.187807146087077,-1.86501616962425,0.0621791377569353,0.179116857736028,"ENSG00000205041","NS","grey80"
"ENSG00000261770",77.5631172128653,-0.216186499632052,0.116150214279607,-1.86126647266985,0.0627065553373064,0.180265251483016,"ENSG00000261770","NS","grey80"
"ENSG00000277767",16.4697696806875,-0.463528077680145,0.249256632189533,-1.85964190243765,0.0629362067617264,0.180554691529543,"ENSG00000277767","NS","grey80"
"ENSG00000261020",38.3896316805792,-0.31359071662683,0.168724450360674,-1.85859675913291,0.0630843168304322,0.180609496038047,"ENSG00000261020","NS","grey80"
"LINC01189",73.7581441350528,0.218882175264102,0.118057646521417,1.85402794070094,0.0637351627334712,0.180992348533184,"LINC01189","NS","grey80"
"LINC02591",41.42585493669,-0.2907294751983,0.156733696762877,-1.85492642107552,0.063606734431701,0.180992348533184,"LINC02591","NS","grey80"
"ENSG00000275056",21.236813178622,0.387153961607759,0.208742026264252,1.85470060119878,0.0636389928727818,0.180992348533184,"ENSG00000275056","NS","grey80"
"ENSG00000276417",44.4535096162567,-0.293018667250881,0.157848984279477,-1.85632279224604,0.0634075622600428,0.180992348533184,"ENSG00000276417","NS","grey80"
"SNHG22",19.0382880356253,-0.440959403378513,0.238236865914486,-1.85092849373192,0.0641798409116934,0.181886188818564,"SNHG22","NS","grey80"
"ENSG00000253636",60.7756016670347,-0.255193407909253,0.138020632903824,-1.84895114984059,0.0644648668318196,0.182152415638646,"ENSG00000253636","NS","grey80"
"ENSG00000285693",14.1507884096316,0.479191257717216,0.259236326843637,1.84847264097462,0.0645339986834059,0.182152415638646,"ENSG00000285693","NS","grey80"
"ENSG00000261537",9.86751108359486,0.581880628290664,0.316604671280845,1.83787758385442,0.0660804459214596,0.18614210118721,"ENSG00000261537","NS","grey80"
"LINC01003",61.4292422306486,-0.237533936146636,0.12935153989156,-1.83634409258498,0.0663067824722659,0.186404609359784,"LINC01003","NS","grey80"
"MIR646HG",17.4748374866808,-0.437702923615462,0.238782230993036,-1.83306321326828,0.0667931709839794,0.187172167670382,"MIR646HG","NS","grey80"
"ENSG00000267682",32.8259662811633,0.321157776957997,0.175237509335239,1.83269996347417,0.066847202739422,0.187172167670382,"ENSG00000267682","NS","grey80"
"LINC00852",30.7483851619344,0.332273123350847,0.181589434647766,1.82980427245322,0.0672792117154986,0.188005781240914,"LINC00852","NS","grey80"
"ENSG00000240291",82.1210406577155,0.209763823731039,0.114734878397312,1.82824810259225,0.067512324723907,0.188281383692171,"ENSG00000240291","NS","grey80"
"ENSG00000260947",218.240276874037,-0.134611797541203,0.0738478223721301,-1.82282690561781,0.0683296113234119,0.190181820780868,"ENSG00000260947","NS","grey80"
"LINC00310",21.5368773836643,-0.398272766345299,0.218684157294789,-1.82122368292287,0.068572861847632,0.190480171798978,"LINC00310","NS","grey80"
"ENSG00000271551",37.7695420337294,-0.312769860462446,0.172129632667387,-1.81705994264697,0.0692079354504122,0.191863583426885,"ENSG00000271551","NS","grey80"
"ENSG00000277130",24.099824573455,0.358624879490443,0.197687935004247,1.81409593601521,0.0696629571389334,0.192743359672938,"ENSG00000277130","NS","grey80"
"ENSG00000260063",19.2127487548499,0.417325539062919,0.230346583873108,1.81172879599904,0.0700281119191221,0.193371512202704,"ENSG00000260063","NS","grey80"
"ENSG00000273271",29.2346076617448,0.328974987056812,0.182314731735991,1.80443447396889,0.0711632227789427,0.196119117894724,"ENSG00000273271","NS","grey80"
"ENSG00000274776",12.4401721523559,-0.522725255621066,0.289944425232629,-1.8028463737548,0.0714123449048593,0.196419023313955,"ENSG00000274776","NS","grey80"
"ENSG00000232184",29.1494039499567,0.35095514865204,0.19533711901112,1.79666389280607,0.0723889944293284,0.198473457772728,"ENSG00000232184","NS","grey80"
"ENSG00000284707",52.9553786867027,0.25175758801755,0.140151453543595,1.79632520143103,0.0724428120870457,0.198473457772728,"ENSG00000284707","NS","grey80"
"ENSG00000261512",40.5140694973834,0.275019117473983,0.153721232995618,1.78907696818839,0.0736024208235852,0.201256619439491,"ENSG00000261512","NS","grey80"
"ENSG00000232638",33.1511555374291,-0.303908111477963,0.170024669060243,-1.78743539486192,0.0738671452051319,0.201586751047144,"ENSG00000232638","NS","grey80"
"ENSG00000255449",14.6101411898959,0.462957610340103,0.26016305619676,1.77949020551931,0.0751594292559392,0.204391094372469,"ENSG00000255449","NS","grey80"
"ENSG00000272848",18.8841553100548,-0.414138477143414,0.232750511030381,-1.77932359980664,0.0751867240013011,0.204391094372469,"ENSG00000272848","NS","grey80"
"ENSG00000232821",10.0496256638809,-0.564668270917102,0.317535603695757,-1.77828333057773,0.0753573327121164,0.204457879451479,"ENSG00000232821","NS","grey80"
"ENSG00000272821",17.752350155437,0.413475788261793,0.232656036690302,1.77719776432102,0.0755357071727183,0.204545435283957,"ENSG00000272821","NS","grey80"
"ENSG00000224376",14.3549802923304,0.483554764415934,0.272824300853764,1.77240356853374,0.0763275898592162,0.204822174872147,"ENSG00000224376","NS","grey80"
"FAM66C",151.076856352078,-0.154231235563363,0.0869606973735504,-1.77357404231528,0.0761336345039782,0.204822174872147,"FAM66C","NS","grey80"
"LINC01036",152.262988399672,-0.166351994990459,0.0938700750916729,-1.7721515065158,0.0763694109166148,0.204822174872147,"LINC01036","NS","grey80"
"ENSG00000277182",18.6015172194817,-0.397097964479825,0.224074311055445,-1.77217085978931,0.0763661992416505,0.204822174872147,"ENSG00000277182","NS","grey80"
"ENSG00000285669",56.6115264866628,0.234894771552612,0.132382423985529,1.77436524034556,0.0760027555540111,0.204822174872147,"ENSG00000285669","NS","grey80"
"ENSG00000167046",19.424391206268,0.394542802001583,0.223129161697824,1.76822607587214,0.0770231165715816,0.205786952672165,"ENSG00000167046","NS","grey80"
"ENSG00000228031",11.3616206057407,0.53687119308841,0.303516512703965,1.76883685274827,0.0769211047581436,0.205786952672165,"ENSG00000228031","NS","grey80"
"ENSG00000276603",12.5490116777798,-0.538268482439603,0.304776857603229,-1.76610680572192,0.077377931906042,0.206341151749445,"ENSG00000276603","NS","grey80"
"ENSG00000226180",23.9639762644777,0.359789349523814,0.203857172936669,1.76490895238495,0.0775790688695261,0.206484213721172,"ENSG00000226180","NS","grey80"
"ENSG00000266993",28.776125578119,0.343843644837147,0.195651676362032,1.75742754281799,0.0788449620817983,0.209058611580526,"ENSG00000266993","NS","grey80"
"ENSG00000272572",11.8663534512149,-0.495859539645551,0.282111119740762,-1.75767456490622,0.0788028980275405,0.209058611580526,"ENSG00000272572","NS","grey80"
"DGCR11",27.3637009372924,-0.360299971989106,0.205473969057557,-1.7535066541114,0.0795150783499189,0.210436880321146,"DGCR11","NS","grey80"
"ENSG00000273891",23.6620418798652,0.400695997130116,0.228948022076295,1.7501614274553,0.0800904626058274,0.211559712543695,"ENSG00000273891","NS","grey80"
"ENSG00000260000",28.9678848857214,-0.318361703830919,0.182050086949477,-1.74875886721918,0.0803327096376788,0.211799987745293,"ENSG00000260000","NS","grey80"
"ENSG00000272163",55.1119926872237,-0.225834743673105,0.129255015059329,-1.74720295045763,0.0806021401274121,0.211925224902048,"ENSG00000272163","NS","grey80"
"ENSG00000276115",166.803353398932,-0.172042255012819,0.0984935054223009,-1.74673704905893,0.0806829606234225,0.211925224902048,"ENSG00000276115","NS","grey80"
"ENSG00000266900",32.5814295310626,-0.302727767184112,0.173615854678421,-1.74366429693208,0.0812176444826515,0.212930154074367,"ENSG00000266900","NS","grey80"
"LINC01122",17.5878756008338,0.413112980197255,0.237444841239887,1.73982714486474,0.0818893745256975,0.214289952029863,"LINC01122","NS","grey80"
"LINC01117",15.4691227580497,-0.424729961393197,0.244689601280357,-1.73579081076909,0.0826008295150066,0.215346669126646,"LINC01117","NS","grey80"
"ENSG00000267868",13.8309701132627,-0.482589255500343,0.277911311801485,-1.73648655167034,0.0824778402284428,0.215346669126646,"ENSG00000267868","NS","grey80"
"ENSG00000259946",282.608640971654,-0.139002984011059,0.0801978048522301,-1.73325173010884,0.0830509361484086,0.216117677709613,"ENSG00000259946","NS","grey80"
"ENSG00000275846",12.8856030113126,-0.47797050171823,0.276253321249912,-1.73018915955706,0.0835964845176515,0.217133726019874,"ENSG00000275846","NS","grey80"
"ENSG00000276863",12.527252144557,0.467472784602068,0.270962469807824,1.7252307485004,0.0844858964152351,0.219037509224684,"ENSG00000276863","NS","grey80"
"PURPL",18.5826086389105,-0.38133577299426,0.221524014650584,-1.72141956525911,0.0851747164390639,0.220008492647029,"PURPL","NS","grey80"
"ENSG00000261167",88.864377054826,0.190570231259407,0.110674746587194,1.721894444179,0.0850886416024613,0.220008492647029,"ENSG00000261167","NS","grey80"
"ENSG00000230454",34.0780838596418,-0.301547313092867,0.175280023830338,-1.72037466964718,0.0853643583393886,0.22009226827835,"ENSG00000230454","NS","grey80"
"LINC02812",13.4783284312372,-0.47512615922753,0.277982879730608,-1.70919216207837,0.0874153602473769,0.224553218984087,"LINC02812","NS","grey80"
"ENSG00000261168",20.3081621751437,-0.390206461445142,0.228185432532442,-1.71004107104719,0.0872582785278952,0.224553218984087,"ENSG00000261168","NS","grey80"
"ENSG00000262691",18.7788045140063,-0.393322473083802,0.231308467248954,-1.70042401716525,0.0890511974117334,0.228336403619829,"ENSG00000262691","NS","grey80"
"ENSG00000228886",16.4383988649671,-0.422050353397662,0.248450971747403,-1.69872691754555,0.0893706492291715,0.228736579379964,"ENSG00000228886","NS","grey80"
"FAM66E",29.930444057793,-0.324354474766125,0.191423603203243,-1.69443302361069,0.0901830287080027,0.230394598889058,"FAM66E","NS","grey80"
"ENSG00000259935",11.7452396441959,-0.539641405935148,0.319035219990676,-1.69147909735771,0.0907453366909147,0.231408873164445,"ENSG00000259935","NS","grey80"
"ENSG00000284523",13.9802605339884,-0.434169587389299,0.257088014988937,-1.68879746264322,0.0912582502635204,0.232293727943506,"ENSG00000284523","NS","grey80"
"ENSG00000247934",53.5008240771682,-0.227890666679293,0.135147048920811,-1.68624227091207,0.0917491451581549,0.233119425084241,"ENSG00000247934","NS","grey80"
"ENSG00000250371",14.9652395050295,-0.450509323026758,0.267521977928482,-1.68400864301024,0.092179998402294,0.23336708456277,"ENSG00000250371","NS","grey80"
"FAM27E3",67.9715596850872,-0.217428177683828,0.129061746935184,-1.68468336162397,0.0920496783077399,0.23336708456277,"FAM27E3","NS","grey80"
"LINC02614",131.227706034675,-0.166382030422851,0.0990173250518372,-1.68033251085855,0.0928926389733269,0.234323773986771,"LINC02614","NS","grey80"
"ENSG00000269958",55.1782132939653,0.230644156711139,0.137243994851801,1.68054097346987,0.0928521092938882,0.234323773986771,"ENSG00000269958","NS","grey80"
"ENSG00000278434",23.4697108836936,0.329785704595853,0.197462650836025,1.67011687121384,0.0948962427826341,0.238947373913107,"ENSG00000278434","NS","grey80"
"ENSG00000260774",25.8384723951839,-0.315940078590147,0.189364237230626,-1.66842526979033,0.0952313353633743,0.239360627484244,"ENSG00000260774","NS","grey80"
"ENSG00000268129",11.4803853782135,-0.483208292425265,0.289969135858719,-1.66641284423007,0.0956312142875961,0.23993494624128,"ENSG00000268129","NS","grey80"
"ENSG00000255310",232.676043243596,0.126865066344208,0.076250526338694,1.66379266394426,0.0961538705308762,0.240814702581801,"ENSG00000255310","NS","grey80"
"ENSG00000253200",61.2228097892432,0.223214794019112,0.134353471736181,1.6613995242149,0.0966332333008739,0.241583083252185,"ENSG00000253200","NS","grey80"
"ENSG00000283045",11.0200008398249,0.513894674410123,0.309652676779668,1.65958415006947,0.0969981390812233,0.242063092181306,"ENSG00000283045","NS","grey80"
"ENSG00000251216",212.333027739148,0.128028436048568,0.0772666176899471,1.65696959277182,0.0975256228650699,0.242946391478822,"ENSG00000251216","NS","grey80"
"LINC00504",32.028498942094,-0.283630958593005,0.17145638760455,-1.65424550555198,0.0980776403343603,0.243887560334111,"LINC00504","NS","grey80"
"ENSG00000261553",20.684566913536,-0.364929178449292,0.221160392759863,-1.65006570071312,0.0989294990387045,0.245569678464869,"ENSG00000261553","NS","grey80"
"ENSG00000261351",16.1443920968478,0.401361116701246,0.244186323370195,1.64366747146919,0.100244908590125,0.247955604286527,"ENSG00000261351","NS","grey80"
"ENSG00000261468",11.3339458883413,-0.519558554360363,0.315974247506863,-1.64430664353138,0.100112877735852,0.247955604286527,"ENSG00000261468","NS","grey80"
"LINC03073",13.0021845260622,-0.448540172342956,0.273246317503639,-1.64152321041612,0.100688853074862,0.248614452036695,"LINC03073","NS","grey80"
"ENSG00000273073",28.1586641701165,-0.32177016863224,0.196139881758415,-1.64051372799624,0.10089839648664,0.248693230776929,"ENSG00000273073","NS","grey80"
"ENSG00000250874",28.6199816547625,-0.300672559001558,0.18423774246678,-1.6319813463616,0.10268341585038,0.252204881036021,"ENSG00000250874","NS","grey80"
"ENSG00000272103",17.2412490486722,-0.372736496135568,0.228348998597099,-1.63231062288663,0.102614066533481,0.252204881036021,"ENSG00000272103","NS","grey80"
"ENSG00000278396",11.3019583662862,-0.468682360671799,0.287818093336039,-1.62839783711788,0.103440555956217,0.253619576775313,"ENSG00000278396","NS","grey80"
"LINC02482",24.9106374837937,-0.314716438855297,0.193554928927866,-1.62597997683947,0.10395391496612,0.254432659007987,"LINC02482","NS","grey80"
"LINC02731",19.0079204149816,-0.361074539303208,0.222744370338285,-1.62102655503633,0.105011943712481,0.256573684463304,"LINC02731","NS","grey80"
"LINC01301",11.3531726543841,-0.490692741469704,0.303179023959023,-1.61849172499488,0.105556668731562,0.257007541259454,"LINC01301","NS","grey80"
"ENSG00000269967",9.33181551023898,0.499685334876911,0.308678975861234,1.61878642198665,0.105493224574031,0.257007541259454,"ENSG00000269967","NS","grey80"
"LINC01719",118.912097499663,0.152189580324597,0.0942658823469625,1.61447149844135,0.106425194165115,0.258310688255502,"LINC01719","NS","grey80"
"ENSG00000272977",15.6740794370925,0.398024979133609,0.246560932288975,1.6143067575163,0.106460905088161,0.258310688255502,"ENSG00000272977","NS","grey80"
"ENSG00000260412",222.127369115863,0.116952850379712,0.0728958096846783,1.60438372089711,0.108629497082599,0.262763104916713,"ENSG00000260412","NS","grey80"
"ENSG00000266538",19.9822683066618,-0.365747983611844,0.227994868428505,-1.60419392827929,0.108671312676269,0.262763104916713,"ENSG00000266538","NS","grey80"
"ENSG00000275576",15.2359028901691,0.41546046233712,0.259319946596053,1.60211533200834,0.109130108196482,0.263417502543233,"ENSG00000275576","NS","grey80"
"ENSG00000231401",14.9205358467687,-0.395327247297322,0.247144634717556,-1.59957851299954,0.109692118311598,0.264318357377344,"ENSG00000231401","NS","grey80"
"ENSG00000258559",39.1485124048815,-0.263695663221588,0.165151866766274,-1.59668593752425,0.110335731841159,0.264957160510502,"ENSG00000258559","NS","grey80"
"LINC00526",18.5728078214809,-0.360054765963884,0.22543299214381,-1.59716979551154,0.11022786356624,0.264957160510502,"LINC00526","NS","grey80"
"MINCR",88.3201827822383,-0.187038808720285,0.117325782768682,-1.59418334407406,0.110894975944998,0.26584412041609,"MINCR","NS","grey80"
"ENSG00000275964",25.3420180647998,-0.324745298230485,0.204355587207362,-1.58911876434757,0.112033582170475,0.26811455562165,"ENSG00000275964","NS","grey80"
"ENSG00000273064",13.6786285717238,-0.408255892086686,0.257195756089016,-1.58733525892779,0.112436733650602,0.268620182783008,"ENSG00000273064","NS","grey80"
"ENSG00000269997",45.4461199720299,0.231043286138518,0.145753148672514,1.5851684045443,0.112928077068679,0.269334425717462,"ENSG00000269997","NS","grey80"
"ENSG00000270130",32.4907728223782,0.271722830242596,0.171577043516698,1.58367823966003,0.113266959151539,0.269683236075092,"ENSG00000270130","NS","grey80"
"ENSG00000276853",33.6167219912366,0.286651790395827,0.181508083954179,1.57927836684228,0.114272221631772,0.271614788258881,"ENSG00000276853","NS","grey80"
"ENSG00000270574",111.139084140632,0.163259211029781,0.103508764950766,1.57725011120976,0.11473798667464,0.27225962939745,"ENSG00000270574","NS","grey80"
"ENSG00000264734",54.1104815402253,0.216392000976797,0.137683121780353,1.5716668693931,0.116027829509924,0.274419838010046,"ENSG00000264734","NS","grey80"
"ENSG00000265800",12.807766488858,0.45257013515988,0.287965426785393,1.57161274605774,0.116040388644248,0.274419838010046,"ENSG00000265800","NS","grey80"
"ENSG00000243960",13.338758378391,0.429227152143326,0.274199458209046,1.56538293309132,0.117493147754739,0.277386858105623,"ENSG00000243960","NS","grey80"
"ENSG00000279168",90.723718973668,-0.167842620203598,0.107880344722846,-1.55582206040219,0.119750410820769,0.282240025503497,"ENSG00000279168","NS","grey80"
"ENSG00000265971",11.5659824500013,-0.491317736395407,0.316135792565248,-1.55413511519422,0.120152190635608,0.282711036789667,"ENSG00000265971","NS","grey80"
"FAM226B",10.3882320589536,-0.481544309085939,0.310398655049223,-1.55137369718814,0.120812154821537,0.283786940855959,"FAM226B","NS","grey80"
"ENSG00000269906",15.4338932862535,0.380280928210545,0.24575110983528,1.54742303489672,0.121761270249557,0.285537317168141,"ENSG00000269906","NS","grey80"
"ENSG00000229970",27.5910897604586,-0.311005187001887,0.201256477897933,-1.54531764766157,0.122269448857897,0.286249545821164,"ENSG00000229970","NS","grey80"
"ENSG00000272661",10.6988688733064,0.459560039539261,0.297727869112599,1.54355734620684,0.122695604906174,0.286767690932627,"ENSG00000272661","NS","grey80"
"ENSG00000259363",30.7063012100324,-0.278064820823025,0.180643824440126,-1.5392987924433,0.123731368629122,0.288226149884811,"ENSG00000259363","NS","grey80"
"ENSG00000262879",291.838627446392,-0.110999740393341,0.0721043257257466,-1.53943247199253,0.12369875171846,0.288226149884811,"ENSG00000262879","NS","grey80"
"ENSG00000261560",19.8498966015329,0.335142587594802,0.217979693259012,1.53749453714743,0.124172251786361,0.288772678572933,"ENSG00000261560","NS","grey80"
"ENSG00000226266",35.6509586658436,-0.277191913653824,0.180647806161639,-1.5344327702812,0.124923220837763,0.290037328644888,"ENSG00000226266","NS","grey80"
"MIR130AHG",20.9877260762337,-0.359376236956082,0.234985279856546,-1.5293563800059,0.126176119794966,0.292461204822768,"MIR130AHG","NS","grey80"
"ENSG00000274281",10.2606582180901,0.475206050367322,0.310919127683098,1.52839117332039,0.126415445030998,0.292531608336195,"ENSG00000274281","NS","grey80"
"LINC01441",15.4684369281158,0.372630663029156,0.245255827519267,1.51935498046375,0.128673167413943,0.296775015452257,"LINC01441","NS","grey80"
"ENSG00000285994",12.2661947683246,0.444573512351204,0.29258569791422,1.51946426472815,0.128645676425302,0.296775015452257,"ENSG00000285994","NS","grey80"
"ENSG00000248773",16.1698336944722,-0.39431168752778,0.260623957705344,-1.51295257350662,0.130291706161455,0.300013797082297,"ENSG00000248773","NS","grey80"
"COSMOC",12.2816577583926,0.434802846416211,0.287677595313075,1.51142408550455,0.130680436657965,0.300414796914861,"COSMOC","NS","grey80"
"ENSG00000248540",220.873762789233,-0.119032761348135,0.0788367554482143,-1.50986377700848,0.131078187215312,0.300835183772847,"ENSG00000248540","NS","grey80"
"ENSG00000272010",11.4546687250756,0.455162566409947,0.30182176368611,1.50805084713278,0.131541513844888,0.301404450708418,"ENSG00000272010","NS","grey80"
"LINC00667",391.946379436704,0.0907645813941964,0.0605770311923377,1.49833327265594,0.1340466835199,0.306642740078202,"LINC00667","NS","grey80"
"ENSG00000224066",23.6878413346921,-0.317248117201563,0.21202038757865,-1.49630948619919,0.134573024220032,0.307344590388329,"ENSG00000224066","NS","grey80"
"C9orf163",10.3503210889283,-0.500287206936661,0.334587405213482,-1.495236219718,0.134852803933593,0.307481963366498,"C9orf163","NS","grey80"
"GOLGA8M",17.7325548600844,-0.347090243931975,0.232351203452024,-1.49381728510669,0.135223382411782,0.30782558597804,"GOLGA8M","NS","grey80"
"ENSG00000276564",65.5269008651561,-0.209639449431439,0.140784066480973,-1.48908505537288,0.136464972623938,0.310147665054405,"ENSG00000276564","NS","grey80"
"ENSG00000272769",16.068877157665,-0.395063800696889,0.266600069165065,-1.48185933309825,0.138377727698607,0.313478478911582,"ENSG00000272769","NS","grey80"
"ENSG00000274460",14.3520273315813,-0.361665819489515,0.244149781843281,-1.4813276373176,0.138519287254553,0.313478478911582,"ENSG00000274460","NS","grey80"
"ENSG00000274718",19.7037649608297,0.348331214876882,0.235197445480834,1.48101614864379,0.138602270318764,0.313478478911582,"ENSG00000274718","NS","grey80"
"LINC01703",12.6136007721851,-0.408003291573676,0.276208783685077,-1.47715538271537,0.139633990640968,0.314288724915362,"LINC01703","NS","grey80"
"ENSG00000249413",157.932099037446,-0.136123197467569,0.0921053001997781,-1.47790840670749,0.139432295871033,0.314288724915362,"ENSG00000249413","NS","grey80"
"ENSG00000263272",14.2730547454706,0.385945588874984,0.261066378379172,1.47834275432602,0.139316059451243,0.314288724915362,"ENSG00000263272","NS","grey80"
"SPATA13",88.7253089087203,0.160124703324533,0.108789838976936,1.47187186625471,0.141055482138976,0.316978611548261,"SPATA13","NS","grey80"
"ENSG00000254676",16.8594437805808,0.365069706320208,0.24846291288807,1.46931267156426,0.1417480014114,0.317008309865752,"ENSG00000254676","NS","grey80"
"ENSG00000276337",47.3775568398717,-0.245219482514389,0.166822113606265,-1.46994590353385,0.141576405843095,0.317008309865752,"ENSG00000276337","NS","grey80"
"ENSG00000276724",18.0179784563835,-0.3433093389662,0.233619716684464,-1.46952210985636,0.141691229365043,0.317008309865752,"ENSG00000276724","NS","grey80"
"ENSG00000274943",26.2125696642753,0.280637796862876,0.191207520529854,1.46771317406973,0.142182150701509,0.317472106829525,"ENSG00000274943","NS","grey80"
"LINC02352",9.35203113222841,-0.475752185879296,0.324406807328467,-1.46652960151231,0.142504062910647,0.317684216679785,"LINC02352","NS","grey80"
"ENSG00000265100",10.4020139976229,-0.438246904494428,0.299122988142809,-1.46510606628868,0.142891981863746,0.318042566946334,"ENSG00000265100","NS","grey80"
"ENSG00000273568",17.62978745786,0.336435503777633,0.230001152602193,1.46275572957466,0.143534230782807,0.318964957295127,"ENSG00000273568","NS","grey80"
"ENSG00000224945",36.1535839176172,-0.252557397799131,0.172985450562323,-1.45999213794075,0.144292234698135,0.320141249726449,"ENSG00000224945","NS","grey80"
"ENSG00000254468",62.9745874502414,0.182781446531091,0.12533484523783,1.4583450131865,0.144745468804331,0.320638696718455,"ENSG00000254468","NS","grey80"
"LINC00471",11.4691370853882,-0.434867987319176,0.298379314400454,-1.45743342896599,0.144996775021284,0.320687970031276,"LINC00471","NS","grey80"
"NAMA",83.1572811169427,-0.161572381905202,0.11096255289937,-1.45609827534997,0.145365454258106,0.32099627123241,"NAMA","NS","grey80"
"ENSG00000248975",79.626776122399,0.164950815710506,0.113382173605023,1.45482142797092,0.145718704380163,0.321269584460203,"ENSG00000248975","NS","grey80"
"ENSG00000272983",75.6652662030712,-0.168385468485992,0.11613931462639,-1.44985760444405,0.147098231904881,0.32380113941326,"ENSG00000272983","NS","grey80"
"LINC00898",11.6541154540332,-0.434685066563068,0.300229946738271,-1.44784046789979,0.147661672158895,0.324531147601967,"LINC00898","NS","grey80"
"ENSG00000270062",16.8538883761195,-0.345264163240577,0.238943479068883,-1.44496164777547,0.148468658566123,0.325793294659203,"ENSG00000270062","NS","grey80"
"LINC00265",220.521917962148,-0.104995024428648,0.0728798748030685,-1.44065868269339,0.149681132971272,0.327939884444101,"LINC00265","NS","grey80"
"ENSG00000258944",22.4830386288872,0.295667991476833,0.205456571825641,1.43907780047916,0.150128480971704,0.328041938564305,"ENSG00000258944","NS","grey80"
"ENSG00000273711",11.1917513181936,0.412708870600479,0.286834784161118,1.43883829085616,0.150196344728371,0.328041938564305,"ENSG00000273711","NS","grey80"
"PVT1",519.079702814623,0.0721532333468043,0.050655633347028,1.42438715260951,0.15433443117433,0.336207536079605,"PVT1","NS","grey80"
"ENSG00000261613",117.947789681595,0.139563445951088,0.0980006307926795,1.42410762892266,0.154415318356561,0.336207536079605,"ENSG00000261613","NS","grey80"
"ENSG00000280136",167.543040611542,-0.123016248158864,0.0864548458307892,-1.4228959288139,0.154766326615847,0.336448536121407,"ENSG00000280136","NS","grey80"
"ENSG00000238004",14.2806493650187,0.37569688565896,0.264444554333103,1.42070191842832,0.155403434584724,0.337309780493974,"ENSG00000238004","NS","grey80"
"LINC01963",422.201668812033,0.0835968614380864,0.0588974081967904,1.41936400934264,0.155792919526575,0.337631714144281,"LINC01963","NS","grey80"
"LINC01001",497.306941832388,-0.101412757787993,0.0716049466066428,-1.41628145252447,0.156693116020892,0.338534509921679,"LINC01001","NS","grey80"
"ENSG00000254694",14.8299949708294,-0.37109218071317,0.261969392356758,-1.41654785459748,0.156615163484388,0.338534509921679,"ENSG00000254694","NS","grey80"
"ENSG00000273558",15.412488831631,-0.379067426823284,0.268301873612418,-1.41283928330249,0.157702984884819,0.340191338734585,"ENSG00000273558","NS","grey80"
"ENSG00000273387",14.6144329145417,0.371306231998955,0.262994394062544,1.41184086194116,0.157996823838674,0.340300851344836,"ENSG00000273387","NS","grey80"
"ENSG00000270127",37.3582468077043,0.234850901991514,0.166713938698871,1.40870585761708,0.15892216214759,0.341768090639979,"ENSG00000270127","NS","grey80"
"ENSG00000277450",12.4706773621954,0.395229843342404,0.280728564094595,1.40787185164822,0.159169019459726,0.341773968165057,"ENSG00000277450","NS","grey80"
"ENSG00000285725",68.11350926184,-0.179791226370585,0.127942211891387,-1.40525338520186,0.159945944464429,0.342916266845636,"ENSG00000285725","NS","grey80"
"ENSG00000283103",101.576890708419,0.139507168295861,0.100037492548251,1.39454883106524,0.163151934494383,0.349254905645468,"ENSG00000283103","NS","grey80"
"TYMSOS",12.8502833665133,-0.373397885483232,0.268149675378267,-1.3924979955933,0.163771648194302,0.350046270949653,"TYMSOS","NS","grey80"
"ENSG00000254936",89.6049542045522,0.150908533786335,0.108681681245441,1.3885369830223,0.164973591304775,0.351907764614304,"ENSG00000254936","NS","grey80"
"ENSG00000273133",11.9511099024672,-0.392911376406764,0.283125876405731,-1.38776215510484,0.165209482348716,0.351907764614304,"ENSG00000273133","NS","grey80"
"LINC03105",1035.32423637175,-0.0546155892618102,0.0393725764923435,-1.38714796255284,0.165396649368723,0.351907764614304,"LINC03105","NS","grey80"
"ENSG00000267481",59.7617739990722,0.180037773717205,0.130200908961231,1.38276894649648,0.166735723562509,0.354218532606241,"ENSG00000267481","NS","grey80"
"ENSG00000273399",15.0227557258007,-0.369997281260589,0.268479487681515,-1.37812122801538,0.168165862491896,0.356715465891901,"ENSG00000273399","NS","grey80"
"ENSG00000259366",143.395662143886,0.128333961288454,0.0934129741764504,1.37383444237671,0.169493085789381,0.358444592303826,"ENSG00000259366","NS","grey80"
"ENSG00000275180",35.3958769449277,-0.239635129401832,0.174325015269831,-1.3746456814067,0.169241318918584,0.358444592303826,"ENSG00000275180","NS","grey80"
"ENSG00000251661",23.1227675790005,-0.284503440213972,0.207641780535931,-1.37016471097319,0.170635491367751,0.359777766561127,"ENSG00000251661","NS","grey80"
"ENSG00000254238",25.2079709106024,-0.279560364850646,0.204035067005216,-1.37015841910891,0.170637454997563,0.359777766561127,"ENSG00000254238","NS","grey80"
"LINC02886",12.6988246878737,-0.381769292225543,0.279571183189554,-1.36555308694565,0.172079279799138,0.362272167998186,"LINC02886","NS","grey80"
"ENSG00000226904",49.6751469484121,-0.207047738768955,0.151788887170756,-1.36405070640011,0.172551607383424,0.362330045690103,"ENSG00000226904","NS","grey80"
"ENSG00000260686",41.0220119171288,-0.214626195857545,0.157371410327587,-1.36381948545022,0.172624386053785,0.362330045690103,"ENSG00000260686","NS","grey80"
"ENSG00000271754",14.1364514975452,0.358353379608085,0.262961600585114,1.36275934893428,0.172958366563618,0.362487594594409,"ENSG00000271754","NS","grey80"
"ENSG00000260816",55.3531497992037,0.183345352806476,0.135013358476463,1.3579793501577,0.17447023666776,0.364524985643186,"ENSG00000260816","NS","grey80"
"ENSG00000271533",1438.14025114207,0.0824513825624354,0.0607502394687317,1.35721905433596,0.174711618118984,0.364524985643186,"ENSG00000271533","NS","grey80"
"ENSG00000283667",9.81847360813168,0.417311083813575,0.307162117687851,1.35860205338752,0.174272724163625,0.364524985643186,"ENSG00000283667","NS","grey80"
"ENSG00000225096",36.2944449816038,-0.236687838389703,0.174647333955409,-1.3552330461004,0.175343319148119,0.364755790204111,"ENSG00000225096","NS","grey80"
"ENSG00000272754",10.5009907547009,-0.425886386263684,0.314189320601568,-1.35550879147723,0.175255509500317,0.364755790204111,"ENSG00000272754","NS","grey80"
"ENSG00000266896",16.2809202776655,-0.368101975108713,0.272213183761195,-1.35225623543509,0.176293359480105,0.366187987050664,"ENSG00000266896","NS","grey80"
"LINC02106",22.7422576405343,-0.272010415839752,0.201480852107867,-1.35005591347273,0.176998048374098,0.366564005508487,"LINC02106","NS","grey80"
"ENSG00000276259",23.4722511413014,-0.296752921684307,0.219726593968498,-1.35055532571015,0.176837919668069,0.366564005508487,"ENSG00000276259","NS","grey80"
"LERFS",14.3210929550802,-0.355065248589499,0.26401190086218,-1.34488349741041,0.178662860293793,0.369465294551418,"LERFS","NS","grey80"
"ENSG00000256146",135.096441274731,0.118760689268136,0.0883786079734773,1.34377189221827,0.179022161331452,0.369495230588506,"ENSG00000256146","NS","grey80"
"ENSG00000284830",24.0412565860598,-0.26857358104336,0.1999496159795,-1.34320628588202,0.179205186835426,0.369495230588506,"ENSG00000284830","NS","grey80"
"LINC01194",119.573574883842,0.126648351800649,0.0945193987752187,1.33991914296702,0.180271633791953,0.370059072300197,"LINC01194","NS","grey80"
"MIR100HG",60.8107911220279,-0.175487793740718,0.130851419457759,-1.3411225836749,0.179880656065583,0.370059072300197,"MIR100HG","NS","grey80"
"ENSG00000272356",87.8225682647123,-0.143804565882784,0.107322936615334,-1.33992388223784,0.180270092845039,0.370059072300197,"ENSG00000272356","NS","grey80"
"ENSG00000187951",120.54880789269,0.127501203928673,0.0952890007837315,1.33804744388128,0.180880971432696,0.370170566293719,"ENSG00000187951","NS","grey80"
"FTX",5167.49616562817,-0.0503431603026699,0.0376309751998506,-1.33781173714759,0.180957814805672,0.370170566293719,"FTX","NS","grey80"
"ENSG00000262580",53.706406545376,-0.198277715578324,0.148265302169919,-1.33731704368085,0.18111916993657,0.370170566293719,"ENSG00000262580","NS","grey80"
"ENSG00000229727",28.4393250801952,0.251860092992133,0.188534276033066,1.33588490268985,0.181586896301165,0.370585502655438,"ENSG00000229727","NS","grey80"
"RN7SL832P",12.7843237547268,-0.370881122057534,0.277835835978908,-1.3348930340494,0.181911358004156,0.370707279775572,"RN7SL832P","NS","grey80"
"ENSG00000271971",48.0006066802494,-0.197680166609711,0.148579743170788,-1.33046512526599,0.183365069489699,0.37312659489183,"ENSG00000271971","NS","grey80"
"LINC00115",34.3813879235174,-0.24206418323829,0.182188082832083,-1.32864992855429,0.183963491534767,0.373259258186484,"LINC00115","NS","grey80"
"ENSG00000230896",16.5479124979841,-0.324705515184195,0.244255079339049,-1.32937057465844,0.183725740818053,0.373259258186484,"ENSG00000230896","NS","grey80"
"ENSG00000273702",26.5949813678081,0.24019513128681,0.181167864875931,1.32581532299507,0.184900876226492,0.374618273107219,"ENSG00000273702","NS","grey80"
"ENSG00000281195",237.042611665728,0.0914973782237237,0.0691032607128591,1.32406745036124,0.185480644557281,0.375249858930915,"ENSG00000281195","NS","grey80"
"LINC01619",45.6228439447483,0.210048167909561,0.159252902094752,1.31895974984862,0.187182569051991,0.378146604145437,"LINC01619","NS","grey80"
"FAM30A",698.972629716159,-0.0705859821293551,0.0536555556032594,-1.31553911492936,0.188328780550511,0.379913966528408,"FAM30A","NS","grey80"
"LINC00342",165.75965216108,0.110389836914379,0.0841255564883775,1.31220334845131,0.189451532375903,0.381458865277276,"LINC00342","NS","grey80"
"ENSG00000260118",12.7591675224409,0.373087420468973,0.284617180639648,1.31083942167686,0.189912020784472,0.381458865277276,"ENSG00000260118","NS","grey80"
"LINC01176",41.6539984889146,0.218214204866139,0.166391104842712,1.31145354838779,0.1897045776228,0.381458865277276,"LINC01176","NS","grey80"
"ENSG00000233178",49.263670737582,-0.186765817450997,0.144003098376446,-1.29695693743174,0.194646003961795,0.390407457803028,"ENSG00000233178","NS","grey80"
"ENSG00000229591",18.3980726175396,-0.312235279323648,0.24143036620713,-1.29327260786977,0.195916791052951,0.39239414517043,"ENSG00000229591","NS","grey80"
"LINC01547",28.218460383275,-0.257094901397732,0.199006853802656,-1.29188968362204,0.196395350886909,0.392395130752753,"LINC01547","NS","grey80"
"ENSG00000264596",12.5731910998508,-0.362946979521554,0.280994501274025,-1.29165153722211,0.196477847612629,0.392395130752753,"ENSG00000264596","NS","grey80"
"ENSG00000260751",16.8166505795227,0.30241868190819,0.234366285284393,1.29036768894135,0.19692302512128,0.392723981723351,"ENSG00000260751","NS","grey80"
"TP53TG1",72.1074018604605,0.167736918021914,0.130169425412964,1.28860458198818,0.197535589676054,0.392826456742154,"TP53TG1","NS","grey80"
"SNHG19",119.746008649196,0.125983883627307,0.0977067379490454,1.28940834861367,0.197256160520601,0.392826456742154,"SNHG19","NS","grey80"
"LINC01144",16.5224964043087,-0.304196401819581,0.236217376668228,-1.28778164464518,0.197821983532158,0.392837981482299,"LINC01144","NS","grey80"
"ENSG00000273691",20.3619395595745,0.263960073725122,0.205982568495726,1.2814680176716,0.200029326594648,0.396658721292502,"ENSG00000273691","NS","grey80"
"SILC1",23.1915310648798,-0.273383132834178,0.213895176863252,-1.2781173322527,0.201208058527971,0.397748869239045,"SILC1","NS","grey80"
"LNMICC",12.4186401021056,-0.37992160353198,0.297398303923605,-1.27748409631002,0.201431391636059,0.397748869239045,"LNMICC","NS","grey80"
"ENSG00000278000",19.2797011045915,0.314321626064513,0.245742753444254,1.27906773102799,0.200873205772179,0.397748869239045,"ENSG00000278000","NS","grey80"
"ENSG00000223942",10.3426814878946,-0.363506885517161,0.285509933095577,-1.27318472452401,0.202952499787778,0.400188027750548,"ENSG00000223942","NS","grey80"
"ENSG00000262766",21.1025058458228,0.270322895340971,0.212894582313906,1.26974999740664,0.204173697130803,0.402029783379921,"ENSG00000262766","NS","grey80"
"EPIC1",99.9314759928371,0.125712473294533,0.09920940191745,1.26714273914418,0.205104255868784,0.403294885135249,"EPIC1","NS","grey80"
"LINC00682",481.564115944304,-0.0764060156687932,0.060426144305965,-1.2644529374887,0.206067502495021,0.404053926460825,"LINC00682","NS","grey80"
"ENSG00000269983",168.698391169962,0.110404624499931,0.0872770426382768,1.26499043920985,0.205874755168486,0.404053926460825,"ENSG00000269983","NS","grey80"
"HCP5B",14.8928624440321,-0.363702571175947,0.287974016083179,-1.26297009752051,0.206599926262546,0.404531324150439,"HCP5B","NS","grey80"
"LINC02984",19.211248086782,-0.290619068557108,0.230636141726668,-1.26007600708794,0.207641944581798,0.406003802254912,"LINC02984","NS","grey80"
"ENSG00000278492",11.2035001333978,0.381959264343995,0.30403214068536,1.25631212372142,0.209002828016331,0.408094782737606,"ENSG00000278492","NS","grey80"
"NHEG1",10.1149955842233,-0.407042532308757,0.32497681623048,-1.25252790962194,0.210377565002821,0.410206951258982,"NHEG1","NS","grey80"
"LINC02019",12.1486889745055,0.371358438379536,0.296787014908001,1.25126241959963,0.210838751554792,0.410534425836869,"LINC02019","NS","grey80"
"ENSG00000230928",10.2301766683311,0.364144928094538,0.292681240203746,1.24416900735095,0.213437367734804,0.415017103928785,"ENSG00000230928","NS","grey80"
"ENSG00000273893",26.0679960306438,0.251074839441759,0.201957068196583,1.24320897349017,0.213790836835322,0.415127838515188,"ENSG00000273893","NS","grey80"
"ENSG00000270277",129.420482925498,0.11720067593133,0.0944266332428975,1.24118240697886,0.214538372443266,0.416002384239019,"ENSG00000270277","NS","grey80"
"ENSG00000273066",39.5774018820305,0.189206018317699,0.153325628290684,1.23401430293826,0.217197574586434,0.420576216349941,"ENSG00000273066","NS","grey80"
"ENSG00000269707",10.2302140754646,-0.371171876363388,0.301484949639501,-1.23114562371095,0.218268404391544,0.422065975342764,"ENSG00000269707","NS","grey80"
"ENSG00000269867",10.2578208466828,-0.36728762405433,0.299064441060145,-1.2281220152832,0.219401167797212,0.423671220573927,"ENSG00000269867","NS","grey80"
"LINC00240",20.580404118547,-0.272524162410121,0.222111695717534,-1.22696898751653,0.219834247290543,0.423922790918403,"LINC00240","NS","grey80"
"ENSG00000225806",16.0567773913385,-0.293792463313934,0.239982614728047,-1.22422394491728,0.22086775860696,0.425329934043664,"ENSG00000225806","NS","grey80"
"LINC01088",25.5370557286297,0.246897436124212,0.20260671530636,1.21860440682275,0.222994375642654,0.428247086282189,"LINC01088","NS","grey80"
"ENSG00000276704",15.0467628861164,-0.312845540339874,0.256622511575668,-1.21908845182364,0.222810622503386,0.428247086282189,"ENSG00000276704","NS","grey80"
"ENSG00000173862",17.3007372665906,-0.298187771509606,0.246203699489602,-1.21114253005853,0.225840783899867,0.431373461509457,"ENSG00000173862","NS","grey80"
"MEG8",79.1533489858361,-0.139666550994785,0.11532150136212,-1.21110590258636,0.225854819490309,0.431373461509457,"MEG8","NS","grey80"
"ENSG00000259017",81.9827972877377,-0.137287167082133,0.113227936609613,-1.21248493254338,0.225326806852458,0.431373461509457,"ENSG00000259017","NS","grey80"
"ENSG00000264546",33.4298223559497,-0.205627436125142,0.169511675720044,-1.21305765665809,0.22510777751697,0.431373461509457,"ENSG00000264546","NS","grey80"
"ENSG00000230732",46.3052788906542,0.179440240035152,0.148550870461398,1.20793799105863,0.227071114934158,0.432516409398396,"ENSG00000230732","NS","grey80"
"ENSG00000273295",152.006055494224,0.105732916838299,0.0874885120150129,1.20853486249892,0.226841594337789,0.432516409398396,"ENSG00000273295","NS","grey80"
"ENSG00000271155",20.8459856007029,-0.278104968094276,0.230462177631937,-1.20672715563084,0.227537237464646,0.432815397351228,"ENSG00000271155","NS","grey80"
"ENSG00000244701",31.3476600293845,-0.214854313070074,0.178190040264141,-1.20575938336163,0.227910280598392,0.432936760973879,"ENSG00000244701","NS","grey80"
"ENSG00000278177",11.2328303036848,-0.402299786558002,0.335184298878006,-1.20023458110854,0.230048248505841,0.436405891474495,"ENSG00000278177","NS","grey80"
"DANCR",543.163636614432,0.0636776178241573,0.0530900883138398,1.19942572797637,0.230362448534678,0.436410592623206,"DANCR","NS","grey80"
"ENSG00000276174",20.9157625019711,0.26593462727513,0.222198699742391,1.19683250884656,0.231371844490498,0.437730516603645,"ENSG00000276174","NS","grey80"
"ENSG00000245025",10.1948987606585,0.372099757006134,0.311163700883307,1.19583279138873,0.23176181669159,0.437876576745244,"ENSG00000245025","NS","grey80"
"ENSG00000276573",16.5022169815069,0.303245172918932,0.25403006563026,1.19373733249475,0.232580732191893,0.438831570173383,"ENSG00000276573","NS","grey80"
"ENSG00000228933",56.4864471314986,-0.167860419805344,0.141555846011616,-1.18582470830325,0.235691531720135,0.443784833182785,"ENSG00000228933","NS","grey80"
"ENSG00000279249",11.4554047492575,0.358604673328377,0.302666472553654,1.18481796250097,0.23608942895199,0.443784833182785,"ENSG00000279249","NS","grey80"
"ENSG00000282381",23.8783524656252,0.243999978198166,0.205968459310721,1.18464729509906,0.236156929086554,0.443784833182785,"ENSG00000282381","NS","grey80"
"HOTAIR",15.0831903855061,-0.318186458043618,0.2688584219066,-1.1834721627361,0.236622072614041,0.444062870857449,"HOTAIR","NS","grey80"
"LINC00562",16.6291484009974,0.299857013345884,0.25363832964815,1.18222278849513,0.237117312714178,0.444396570013185,"LINC00562","NS","grey80"
"ENSG00000224216",57.5926666082937,-0.156287061783065,0.13293958169277,-1.17562474466222,0.239744862960887,0.448720331744976,"ENSG00000224216","NS","grey80"
"LINC01694",100.658745447464,-0.117624052077625,0.100273707464468,-1.17302985051496,0.240783835391807,0.44886467316715,"LINC01694","NS","grey80"
"ENSG00000261474",29.7801023720072,0.214146883270213,0.182349789282569,1.17437417456168,0.240245184822161,0.44886467316715,"ENSG00000261474","NS","grey80"
"ENSG00000274698",9.72798062513755,-0.361208181506483,0.307811530989738,-1.17347189803141,0.240606619764761,0.44886467316715,"ENSG00000274698","NS","grey80"
"ENSG00000230333",18.2068485787611,0.271379932171208,0.232193549328264,1.16876602711966,0.242497911469461,0.451458877735699,"ENSG00000230333","NS","grey80"
"ENSG00000271789",65.1589048932421,-0.149843457597114,0.128788200644028,-1.16348746894355,0.244631779386916,0.454524243143501,"ENSG00000271789","NS","grey80"
"ENSG00000285887",15.6271883573339,-0.294566143428486,0.253262113527173,-1.16308807237716,0.244793770950143,0.454524243143501,"ENSG00000285887","NS","grey80"
"ENSG00000254539",31.4783054588238,0.205776648637807,0.177253851664368,1.16091496295069,0.245676483217143,0.454673004702487,"ENSG00000254539","NS","grey80"
"ENSG00000259336",28.9689111040727,-0.213337500211874,0.183833527117316,-1.1604928848247,0.245848188971273,0.454673004702487,"ENSG00000259336","NS","grey80"
"ENSG00000272777",19.3658823506747,-0.270914367497899,0.233333229017598,-1.16106209406405,0.245616648527754,0.454673004702487,"ENSG00000272777","NS","grey80"
"ENSG00000283674",25.9406273071188,0.224034261905966,0.193282340098208,1.15910362939591,0.24641394667224,0.455118107310205,"ENSG00000283674","NS","grey80"
"ENSG00000272263",11.3671418173205,0.329323475677083,0.284448302231459,1.1577621419906,0.246961116693432,0.455527751476685,"ENSG00000272263","NS","grey80"
"ENSG00000260369",12.8501335310656,0.314199231344174,0.272713952052232,1.15212012066033,0.249271716101735,0.457889651473457,"ENSG00000260369","NS","grey80"
"ENSG00000260949",29.1693916003308,-0.216182003506609,0.187537106307718,-1.15274255726165,0.249016068117911,0.457889651473457,"ENSG00000260949","NS","grey80"
"ENSG00000262412",13.1664961113823,-0.304089771578387,0.264094411073494,-1.15144341882253,0.249549860053034,0.457889651473457,"ENSG00000262412","NS","grey80"
"ENSG00000269982",34.0098022740192,0.197470458404746,0.17116322086949,1.15369678954169,0.248624500594463,0.457889651473457,"ENSG00000269982","NS","grey80"
"ENSG00000272129",42.112634920917,-0.181691154982439,0.158398397459946,-1.14705172461346,0.251360244079042,0.460607777108192,"ENSG00000272129","NS","grey80"
"ENSG00000259623",276.495947332975,0.0969181590516731,0.0846015550023347,1.14558366035942,0.251967461263908,0.461116922574472,"ENSG00000259623","NS","grey80"
"LINC01588",22.4415320267629,0.239914730741519,0.210008864294001,1.14240287688834,0.253286596000619,0.461119940703337,"LINC01588","NS","grey80"
"ENSG00000262312",10.8729873504765,-0.348307773213887,0.304561787849478,-1.14363583059221,0.252774695638855,0.461119940703337,"ENSG00000262312","NS","grey80"
"ENSG00000271833",21.4416753005955,-0.247902057628359,0.216661693094513,-1.14418960771352,0.252545012019378,0.461119940703337,"ENSG00000271833","NS","grey80"
"ENSG00000271964",11.2440850270415,0.332500207808018,0.290989810378658,1.14265240894636,0.253182936516431,0.461119940703337,"ENSG00000271964","NS","grey80"
"ENSG00000251143",21.7346884634961,0.234479490245359,0.20595943069912,1.13847416187464,0.254922542010468,0.463495530928123,"ENSG00000251143","NS","grey80"
"ENSG00000259915",35.7186892132515,0.197005102149357,0.173447503334063,1.13581976311254,0.256032004107215,0.464194256147742,"ENSG00000259915","NS","grey80"
"LINC02987",135.65910895709,-0.096457833305219,0.0849716917256629,-1.1351760962538,0.256301542858717,0.464194256147742,"LINC02987","NS","grey80"
"ENSG00000277744",11.5985677536839,-0.328948042176859,0.289389249562379,-1.13669751960137,0.255664756604798,0.464194256147742,"ENSG00000277744","NS","grey80"
"ENSG00000260645",57.1819178738438,-0.162883770270772,0.143807453974196,-1.13265179077573,0.257360510250128,0.465509966860696,"ENSG00000260645","NS","grey80"
"ENSG00000268403",38.4381359472446,0.189192958386561,0.167186953642879,1.1316251314124,0.257792069747423,0.465688900188893,"ENSG00000268403","NS","grey80"
"ENSG00000124835",17.9111934981418,-0.263102307351157,0.23282880036384,-1.13002475183486,0.258465794917924,0.465948161360689,"ENSG00000124835","NS","grey80"
"DLEU1",52.1917764558828,-0.161194003915669,0.142687014808019,-1.12970338704297,0.258601229555182,0.465948161360689,"DLEU1","NS","grey80"
"SNHG25",310.536747394386,0.0936287696404585,0.0830915153291723,1.12681504567033,0.259820687838978,0.467543654208958,"SNHG25","NS","grey80"
"LINC02848",16.3955769638904,-0.262949186405142,0.234076601735793,-1.12334673545004,0.261290262161833,0.469036588784323,"LINC02848","NS","grey80"
"ENSG00000278600",155.173101790839,0.0993700989548834,0.0884645608543407,1.12327578405661,0.261320385179837,0.469036588784323,"ENSG00000278600","NS","grey80"
"ENSG00000256341",12.9834353675462,-0.303929311917855,0.270925745525318,-1.12181775611079,0.261939935004155,0.469546618445349,"ENSG00000256341","NS","grey80"
"ENSG00000275854",21.4038375136639,-0.236065734114924,0.210599584340413,-1.12092212743092,0.262321011179371,0.469628408761021,"ENSG00000275854","NS","grey80"
"ENSG00000271855",15.2993820528716,-0.27748895686081,0.249324705811061,-1.11296213489205,0.265724692207375,0.475114392197094,"ENSG00000271855","NS","grey80"
"ENSG00000272831",58.2143144639033,-0.150194316653267,0.135084269700892,-1.11185645068691,0.266199875711837,0.475356920913995,"ENSG00000272831","NS","grey80"
"LINC02268",159.60763121641,-0.0994539267300084,0.0895351776524206,-1.11078047017556,0.266662854818407,0.475577065918177,"LINC02268","NS","grey80"
"ENSG00000271780",14.2412263861461,0.305306003253122,0.275337317978126,1.10884352871257,0.267497688723508,0.476458987548233,"ENSG00000271780","NS","grey80"
"LINC00839",328.434696955297,0.064747136595922,0.0584896448395038,1.10698460853351,0.268300582914086,0.477281850164829,"LINC00839","NS","grey80"
"ENSG00000284722",11.4562669573505,0.311095674751862,0.282128306656942,1.1026744478006,0.270168567095233,0.479994916159043,"ENSG00000284722","NS","grey80"
"DUXAP8",2335.88858913323,0.0303916639867743,0.027746370299784,1.09533836888967,0.273368423905884,0.482009815451181,"DUXAP8","NS","grey80"
"LINC00589",29.9865264062707,0.194888125064986,0.177577938253683,1.09747937712046,0.272431891044818,0.482009815451181,"LINC00589","NS","grey80"
"ENSG00000259408",27.4621126624232,0.202278976550583,0.184290164091682,1.0976113540707,0.272374232813308,0.482009815451181,"ENSG00000259408","NS","grey80"
"ENSG00000269887",47.9622833118155,0.165139887921381,0.150742419283263,1.09551039917346,0.273293092141254,0.482009815451181,"ENSG00000269887","NS","grey80"
"ENSG00000276728",31.9393266300984,-0.193386503143512,0.176378606990821,-1.09642833925758,0.272891367715316,0.482009815451181,"ENSG00000276728","NS","grey80"
"ENSG00000285730",15.8636329492799,-0.255351611525192,0.232525007838755,-1.09816838153712,0.27213097006714,0.482009815451181,"ENSG00000285730","NS","grey80"
"LINC00863",134.478749670984,0.0928945952257921,0.0850145047653602,1.09269112938058,0.274529435828065,0.483448063093448,"LINC00863","NS","grey80"
"ENSG00000270095",14.8916641783158,0.269543768785852,0.247047185429652,1.09106188891436,0.27524565106108,0.484100391313457,"ENSG00000270095","NS","grey80"
"ENSG00000260912",39.0094633777363,0.172521403327942,0.158692448311189,1.08714311968794,0.276973563963942,0.486528217753475,"ENSG00000260912","NS","grey80"
"ENSG00000213963",119.669788374512,-0.103888493407253,0.0957301745542266,-1.08522202002677,0.277823333712494,0.48740935739034,"ENSG00000213963","NS","grey80"
"LINC00987",23.2345362887707,-0.242684080848734,0.223974016586446,-1.08353676264526,0.278570242382872,0.487497924170026,"LINC00987","NS","grey80"
"ZNNT1",36.9613348462873,0.175987584989825,0.162302852301991,1.08431603322886,0.278224698804481,0.487497924170026,"ZNNT1","NS","grey80"
"ENSG00000284634",25.4330213855269,-0.21430429341346,0.198211647950622,-1.08118920169034,0.279612960389406,0.488711790942783,"ENSG00000284634","NS","grey80"
"ENSG00000225339",14.2812007828889,0.311079924538501,0.288229606681167,1.07927817728527,0.280463738177408,0.489587572878269,"ENSG00000225339","NS","grey80"
"PSLNR",12.239531060083,0.306389443470023,0.285082114187186,1.07474102450652,0.282490691052117,0.492177617224268,"PSLNR","NS","grey80"
"ARNILA",16.580382699643,0.289531156796961,0.269485710014498,1.07438408063041,0.28265057446308,0.492177617224268,"ARNILA","NS","grey80"
"ENSG00000271936",25.19789454983,0.22057078192614,0.206292621065878,1.06921314386569,0.284973637396776,0.494991429721448,"ENSG00000271936","NS","grey80"
"ENSG00000272008",15.4186333258745,-0.251430025455749,0.234984943512314,-1.06998355595737,0.284626710567334,0.494991429721448,"ENSG00000272008","NS","grey80"
"ENSG00000270175",12.034828951409,0.319693882617031,0.299553190273128,1.06723577981439,0.285865379411352,0.495558209513367,"ENSG00000270175","NS","grey80"
"ENSG00000274598",10.7600538604442,0.330642369140814,0.309903566368189,1.06692018106041,0.286007880919143,0.495558209513367,"ENSG00000274598","NS","grey80"
"NRAV",97.9492017346292,-0.118527678653882,0.111322123746744,-1.06472707009732,0.286999456347525,0.496661605545779,"NRAV","NS","grey80"
"ENSG00000215022",28.9468703117046,0.195480653885385,0.183902944609816,1.06295554048976,0.287802113882175,0.497435752388945,"ENSG00000215022","NS","grey80"
"ENSG00000269688",11.6932832523174,0.305412570897516,0.288424005335456,1.05890135788906,0.289644705807237,0.49938742380558,"ENSG00000269688","NS","grey80"
"ENSG00000270108",36.5943543050576,0.175661270923421,0.165810778873869,1.05940803195337,0.289413993331736,0.49938742380558,"ENSG00000270108","NS","grey80"
"DANT2",429.100885660273,0.062194549753965,0.0587924293989949,1.05786664013969,0.290116245965914,0.499585171405019,"DANT2","NS","grey80"
"ENSG00000270100",24.0164803939098,-0.230327828194958,0.218240103629382,-1.05538727467846,0.291248240417854,0.500918349613017,"ENSG00000270100","NS","grey80"
"FAM88E",106.949196708907,-0.105375754889587,0.0999464976533729,-1.05432163571198,0.291735686439087,0.501141056459781,"FAM88E","NS","grey80"
"ENSG00000203496",27.4838434912078,0.197131243441169,0.187516180697013,1.05127590967572,0.293131887987605,0.50292235684148,"ENSG00000203496","NS","grey80"
"ENSG00000274253",55.7220234569349,-0.138193638347869,0.131684167641259,-1.04943244752356,0.293979130860799,0.503758608574197,"ENSG00000274253","NS","grey80"
"FAM106A",20.9654697939745,-0.240145608836886,0.229835155271811,-1.04486021101899,0.296087581719135,0.506751362355487,"FAM106A","NS","grey80"
"ENSG00000258811",10.3127515521237,0.33729523061825,0.323836394418522,1.04156060415598,0.297615441681854,0.508283080008973,"ENSG00000258811","NS","grey80"
"ENSG00000274265",113.487897532789,-0.108782908811284,0.104462381096065,-1.04135965186594,0.297708661148113,0.508283080008973,"ENSG00000274265","NS","grey80"
"ENSG00000203644",56.4145113891007,0.136409987117596,0.131630784627086,1.03630763505702,0.300058645322482,0.511048787653863,"ENSG00000203644","NS","grey80"
"LINC02609",45.4847278063572,-0.157182369664342,0.151586728890782,-1.03691379063659,0.29977603628526,0.511048787653863,"LINC02609","NS","grey80"
"ENSG00000238035",499.340244015462,-0.0768852323253845,0.0743263383694886,-1.0344278221157,0.300936203316174,0.511920637475874,"ENSG00000238035","NS","grey80"
"LNCTAM34A",16.9454168200367,-0.253420402938532,0.245939408924728,-1.03041803689174,0.302813809799612,0.514489482669244,"LNCTAM34A","NS","grey80"
"ENSG00000270115",24.1129602221906,-0.20365405513463,0.198020170659014,-1.02845106363087,0.303737698984596,0.515433671004163,"ENSG00000270115","NS","grey80"
"ENSG00000232063",38.0872082218432,-0.167746610449308,0.163654914349956,-1.02500197513533,0.305362255708609,0.515973343302159,"ENSG00000232063","NS","grey80"
"FAM66D",24.8625966036285,-0.205962421594515,0.200559024412085,-1.02694168062629,0.30444792622527,0.515973343302159,"FAM66D","NS","grey80"
"ENSG00000259774",9.54852226358321,0.322941692602359,0.315173706731237,1.02464668119586,0.305529929712493,0.515973343302159,"ENSG00000259774","NS","grey80"
"ENSG00000285667",16.3593396298444,-0.237670783707287,0.231799496809062,-1.0253291615342,0.305207900505227,0.515973343302159,"ENSG00000285667","NS","grey80"
"ENSG00000261526",65.092829046898,0.127382285609433,0.124430053232071,1.02372603965584,0.305964692493695,0.516085023483341,"ENSG00000261526","NS","grey80"
"ENSG00000233665",14.0196560800041,0.271358566297902,0.265752329478508,1.02109572032876,0.30720909053573,0.51670398358308,"ENSG00000233665","NS","grey80"
"ENSG00000274104",12.4907467822375,0.265450724778139,0.259774436894636,1.02185083317419,0.306851505919439,0.51670398358308,"ENSG00000274104","NS","grey80"
"ENSG00000274297",9.25912436423184,0.336702450482642,0.329902887793735,1.02061080075528,0.307438870231933,0.51670398358308,"ENSG00000274297","NS","grey80"
"ENSG00000260698",14.312445110528,0.28630759302816,0.280849881509842,1.01943284251707,0.307997520871329,0.517022217290001,"ENSG00000260698","NS","grey80"
"ENSG00000227374",17.4376259325149,-0.231162750761581,0.22735553774643,-1.01674563572495,0.309274450023774,0.518543988063813,"ENSG00000227374","NS","grey80"
"LINC00910",22.6605852087531,-0.208216148334375,0.205441512793981,-1.01350571996214,0.310818665378166,0.519652806774676,"LINC00910","NS","grey80"
"ENSG00000242282",17.3641776212577,0.244196595204748,0.24086494843465,1.01383201163868,0.310662917574271,0.519652806774676,"ENSG00000242282","NS","grey80"
"ENSG00000255893",39.9430090657614,-0.155645840081173,0.15367335570124,-1.01283556522165,0.311138709835088,0.519652806774676,"ENSG00000255893","NS","grey80"
"ENSG00000267152",74.5608685653629,0.123157096641623,0.121667174797883,1.01224588181828,0.311420503488538,0.519652806774676,"ENSG00000267152","NS","grey80"
"PANTR1",96.3635535307346,0.106251224879421,0.105113982431118,1.01081913578003,0.312103002633182,0.520171671055304,"PANTR1","NS","grey80"
"LINC01948",28.5144724432595,-0.190068350655359,0.188405704582082,-1.0088248181071,0.313058656410952,0.521144017806578,"LINC01948","NS","grey80"
"MIAT",475.999284506668,-0.0586850864686447,0.0583591943716749,-1.00558424598692,0.314615605296509,0.523113833034576,"MIAT","NS","grey80"
"ENSG00000269924",23.7498253476683,-0.209973896657961,0.210975756898716,-0.995251301592744,0.319614056303523,0.530794399555079,"ENSG00000269924","NS","grey80"
"LINC02803",36.6256215469839,-0.179496964675188,0.180696178039016,-0.993363371727934,0.32053290484788,0.531689652591271,"LINC02803","NS","grey80"
"LINC01560",25.5403537843384,-0.194697435180701,0.196501338023707,-0.990819895369928,0.321773532631487,0.53185707872973,"LINC01560","NS","grey80"
"ENSG00000234740",53.4337142193418,0.13665451126977,0.13779592513551,0.991716635563659,0.321335773670847,0.53185707872973,"ENSG00000234740","NS","grey80"
"LINC01126",30.9265508950656,-0.191098623101553,0.192738877888989,-0.991489756475698,0.321446491780839,0.53185707872973,"LINC01126","NS","grey80"
"ENSG00000275910",39.3755071854889,-0.150100042382843,0.151621893108145,-0.989962856325661,0.322192274466675,0.531863550408063,"ENSG00000275910","NS","grey80"
"LINC03085",16.4020679371517,-0.245958716850374,0.248629662163457,-0.989257334423247,0.322537253068889,0.531863550408063,"LINC03085","NS","grey80"
"ENSG00000270074",66.0300336475463,-0.12654785697493,0.128172666485308,-0.98732327605462,0.32348418350733,0.532797478717955,"ENSG00000270074","NS","grey80"
"ENSG00000271976",106.984169583527,0.0994270021678428,0.100794198397488,0.986435764643382,0.323919322033629,0.532887251289167,"ENSG00000271976","NS","grey80"
"HULC",76.633113219243,-0.116665821908882,0.11861665108648,-0.983553496412779,0.3253350997319,0.534588192047723,"HULC","NS","grey80"
"ENSG00000267904",42.0593751672076,-0.145494638855225,0.148220366048736,-0.981610305883237,0.326291868317352,0.535531788563062,"ENSG00000267904","NS","grey80"
"ENSG00000275437",24.2139684719854,-0.202928963120895,0.2073490066039,-0.97868307374412,0.327736597924075,0.537273111350943,"ENSG00000275437","NS","grey80"
"ENSG00000260597",38.1255241588133,-0.156987667892322,0.160790715640235,-0.976347839906237,0.328892120205986,0.53853680501565,"ENSG00000260597","NS","grey80"
"LINC02887",209.494950118021,-0.0802094522035721,0.0825772642677306,-0.971326101861626,0.331385914760506,0.541986309187744,"LINC02887","NS","grey80"
"ENSG00000247416",19.962426491385,-0.221536571147778,0.229630600731287,-0.964751955716126,0.334669065193513,0.546717259359298,"ENSG00000247416","NS","grey80"
"ENSG00000228010",18.2650870301707,-0.221398811455929,0.229768111840869,-0.963575013443398,0.335259038970862,0.547042720931477,"ENSG00000228010","NS","grey80"
"ENSG00000270061",26.2594258754365,0.186424652600128,0.194235674624765,0.959785852729027,0.337163003909979,0.549508970284018,"ENSG00000270061","NS","grey80"
"ENSG00000237481",10.4761618936811,0.298544878671906,0.31229841404174,0.955960277889868,0.339092303312562,0.552010726322775,"ENSG00000237481","NS","grey80"
"LINC03047",9.9615381721006,-0.298523188627938,0.315236852977574,-0.946980614126277,0.343648657407589,0.556775484693607,"LINC03047","NS","grey80"
"ENSG00000255455",197.443830221996,-0.0749021988231237,0.0789807280081214,-0.948360450861147,0.342945985989274,0.556775484693607,"ENSG00000255455","NS","grey80"
"ENSG00000272156",9.64775119217994,0.313812765581336,0.331443564428604,0.946806030529927,0.343737628263497,0.556775484693607,"ENSG00000272156","NS","grey80"
"ENSG00000273245",19.7327741169537,0.201121556263213,0.212540005052525,0.94627623733005,0.344007710185693,0.556775484693607,"ENSG00000273245","NS","grey80"
"ENSG00000277067",989.217720514731,-0.0379864753483777,0.0400235963889156,-0.949101999212094,0.342568737707594,0.556775484693607,"ENSG00000277067","NS","grey80"
"ENSG00000247970",9.92869231695677,-0.287800961381887,0.306164365927,-0.940021091319651,0.347206742148389,0.558723493112351,"ENSG00000247970","NS","grey80"
"LINC00926",55.5605552721405,-0.134233696672013,0.14253827153317,-0.941737929246426,0.346326830968872,0.558723493112351,"LINC00926","NS","grey80"
"ENSG00000259994",63.4781735066568,0.121353712859465,0.128885053407461,0.941565446505373,0.346415167335523,0.558723493112351,"ENSG00000259994","NS","grey80"
"ENSG00000271009",20.3583075587642,-0.212735652793825,0.225948997433679,-0.941520675949302,0.346438098747486,0.558723493112351,"ENSG00000271009","NS","grey80"
"ENSG00000272004",13.845807280716,0.238347558351257,0.253360873239208,0.940743356714846,0.346836394581033,0.558723493112351,"ENSG00000272004","NS","grey80"
"LITATS1",14.0741678212758,0.248968906378952,0.265438952921261,0.937951659464261,0.34826925319999,0.558939195845681,"LITATS1","NS","grey80"
"ENSG00000261211",13.0212753873205,-0.270484376598626,0.288096431872946,-0.938867499469457,0.347798777619557,0.558939195845681,"ENSG00000261211","NS","grey80"
"ENSG00000275580",21.3430909379855,-0.212093661756126,0.22625064772856,-0.93742786544674,0.348538512838056,0.558939195845681,"ENSG00000275580","NS","grey80"
"ENSG00000224985",9.0524869213025,0.29741581826073,0.318351578955431,0.934236981756475,0.350181663163654,0.560931725891436,"ENSG00000224985","NS","grey80"
"ENSG00000244327",17.7208182781767,-0.224233785254157,0.241242391340006,-0.929495782265409,0.352632210024091,0.564211536038545,"ENSG00000244327","NS","grey80"
"ENSG00000275532",10.8322569580431,-0.263335413892862,0.284040887925886,-0.927103896258674,0.353872593389535,0.565549806786927,"ENSG00000275532","NS","grey80"
"ENSG00000272033",79.4996827597524,-0.113322249793439,0.122505410551626,-0.925038733254017,0.35494576001638,0.566618088965716,"ENSG00000272033","NS","grey80"
"FAM182A",11.6340708568508,-0.27478494454134,0.297569531634566,-0.92343104830636,0.355782617735935,0.566661734733002,"FAM182A","NS","grey80"
"ENSG00000258620",11.8669491875075,-0.27866104240025,0.301563052099767,-0.924055650915948,0.355457341954799,0.566661734733002,"ENSG00000258620","NS","grey80"
"ENSG00000256139",37.197252531,0.151150081345138,0.16420322384233,0.9205061740461,0.357308308131038,0.56779980860778,"ENSG00000256139","NS","grey80"
"ENSG00000275297",34.4615005499161,-0.156820733347377,0.170326895494093,-0.920704465918097,0.357204743940822,0.56779980860778,"ENSG00000275297","NS","grey80"
"ENSG00000283078",14.493039960181,0.234540256616731,0.255239017918699,0.918904399998276,0.358145578296941,0.568485044915779,"ENSG00000283078","NS","grey80"
"ENSG00000233424",11.3389172663366,0.270853437332376,0.296340067687608,0.913995327887625,0.360719300693881,0.569136995302335,"ENSG00000233424","NS","grey80"
"ENSG00000253475",10.4530698239134,-0.266401105812447,0.290804781561964,-0.916082274787778,0.359623743815771,0.569136995302335,"ENSG00000253475","NS","grey80"
"ENSG00000261140",17.9587641507166,0.211494191598619,0.231177499845729,0.914856297605754,0.360267075310201,0.569136995302335,"ENSG00000261140","NS","grey80"
"ENSG00000272371",10.2631210898279,-0.29101888163849,0.318586180771445,-0.913469884141862,0.360995465591767,0.569136995302335,"ENSG00000272371","NS","grey80"
"DGCR5",39.7550634831046,0.145828557531164,0.159372431447052,0.915017460718185,0.360182463752463,0.569136995302335,"DGCR5","NS","grey80"
"ENSG00000273156",28.1266423412708,-0.171762320026062,0.187453626128511,-0.916292330927269,0.359513589320155,0.569136995302335,"ENSG00000273156","NS","grey80"
"ENSG00000226465",16.7805795613058,0.232433801049929,0.256717953362811,0.90540532130777,0.365250697686595,0.572186989904835,"ENSG00000226465","NS","grey80"
"ENSG00000248927",47.6091797761806,0.144386454860595,0.159607250968398,0.904635935927391,0.365658290823176,0.572186989904835,"ENSG00000248927","NS","grey80"
"ENSG00000269968",17.2708671040383,0.229481855919094,0.253287339403171,0.906013922605961,0.364928483321077,0.572186989904835,"ENSG00000269968","NS","grey80"
"ENSG00000272447",49.7627396537942,-0.12483776798302,0.137959714919408,-0.904885662136567,0.365525963609116,0.572186989904835,"ENSG00000272447","NS","grey80"
"ENSG00000275389",12.7123621466889,-0.254617201644975,0.281233421299908,-0.905358973581773,0.365275243037411,0.572186989904835,"ENSG00000275389","NS","grey80"
"ENSG00000278769",13.1417837587185,-0.265380232873789,0.293437037746831,-0.904385604869522,0.365790968546305,0.572186989904835,"ENSG00000278769","NS","grey80"
"ENSG00000279954",12.4753983420579,-0.256904715510235,0.283571705148069,-0.905960329772995,0.364956850070286,0.572186989904835,"ENSG00000279954","NS","grey80"
"ENSG00000224090",50.7839343970456,-0.128469495854187,0.143171239138647,-0.897313570987381,0.369551616914612,0.577424401429082,"ENSG00000224090","NS","grey80"
"LINC00174",279.423089104571,0.0606456640540549,0.0680898095970398,0.890671664570075,0.373105340358663,0.581680852828426,"LINC00174","NS","grey80"
"ENSG00000262663",21.3719314987716,-0.194905505756111,0.218830434911633,-0.890669096530455,0.37310671845709,0.581680852828426,"ENSG00000262663","NS","grey80"
"ENSG00000281383",87.4418315800616,-0.209502990923953,0.236655019235044,-0.885267473308379,0.376012388623405,0.585558780948573,"ENSG00000281383","NS","grey80"
"ENSG00000242540",39.752395532733,0.150877809974512,0.17063117990957,0.884233526688809,0.376570163449022,0.58577580980959,"ENSG00000242540","NS","grey80"
"ENSG00000235499",39.0587377250564,0.141666332007003,0.160509275123602,0.882605269370951,0.377449580546194,0.586022905822862,"ENSG00000235499","NS","grey80"
"LINC01801",54.2986964999473,0.125930425657189,0.142715228307555,0.882389547006198,0.377566186465873,0.586022905822862,"LINC01801","NS","grey80"
"ENSG00000269925",12.5806702042997,0.249628227640946,0.283230210096253,0.881361587650244,0.378122141428036,0.586235878183001,"ENSG00000269925","NS","grey80"
"LINC00997",68.7808092349623,-0.105898647419989,0.120526106503286,-0.878636591625914,0.37959834900018,0.587873549336562,"LINC00997","NS","grey80"
"ENSG00000267731",26.2510239695246,-0.174144519284325,0.198886787822517,-0.875596218285391,0.381249582000643,0.589778358896022,"ENSG00000267731","NS","grey80"
"SNHG31",30.8750111843719,-0.158022655612904,0.181178875198022,-0.872191393396116,0.383103973949627,0.591084148388912,"SNHG31","NS","grey80"
"ENSG00000256417",207.327016723138,0.0673623494162029,0.0772496622694347,0.8720083355349,0.383203830218879,0.591084148388912,"ENSG00000256417","NS","grey80"
"LINC00581",24.285713937151,0.193308054563498,0.221754355299194,0.871721569133035,0.383360290526523,0.591084148388912,"LINC00581","NS","grey80"
"ENSG00000263276",17.7790480561673,-0.223629765180444,0.25888573572472,-0.8638164808672,0.387688712781547,0.596760235988542,"ENSG00000263276","NS","grey80"
"ENSG00000272108",175.216533336764,0.0886721726734779,0.102784419621408,0.862700524068622,0.388302144183924,0.596760235988542,"ENSG00000272108","NS","grey80"
"ENSG00000275496",984.826129125558,-0.0347189120363402,0.0402460040309409,-0.862667310017872,0.388320410703973,0.596760235988542,"ENSG00000275496","NS","grey80"
"SNHG20",142.871997471421,-0.0763423149012192,0.0885903902569471,-0.861744876388922,0.388827924751845,0.59688497220678,"SNHG20","NS","grey80"
"MIR663AHG",266.305368306661,-0.206981362709428,0.241463215735632,-0.857196248624649,0.391336435363924,0.598983297028357,"MIR663AHG","NS","grey80"
"LINC02024",213.076422669495,0.0630740912980053,0.0735257191227738,0.857850722856361,0.390974897205456,0.598983297028357,"LINC02024","NS","grey80"
"ENSG00000277245",14.9102024073676,0.234247456038809,0.27335357944718,0.856939413460553,0.391478369129248,0.598983297028357,"ENSG00000277245","NS","grey80"
"ENSG00000231125",21.5153492398022,0.179555607744803,0.209723389517036,0.856154423969087,0.391912368315699,0.598992702665915,"ENSG00000231125","NS","grey80"
"ENSG00000214770",11.1611772325543,-0.249174685139257,0.293942118436882,-0.847699834458267,0.396605158582584,0.605091589862136,"ENSG00000214770","NS","grey80"
"LINC01776",148.767973673905,0.0723649757755198,0.0857148970497982,0.844252029299849,0.398528586005072,0.605091589862136,"LINC01776","NS","grey80"
"LINC00665",847.099381957838,-0.0373542914684571,0.0442829374065398,-0.843536893804622,0.398928241030537,0.605091589862136,"LINC00665","NS","grey80"
"ENSG00000260196",41.4671663581652,0.132737714649814,0.157111914542988,0.844860907181517,0.398188503396737,0.605091589862136,"ENSG00000260196","NS","grey80"
"ENSG00000268912",66.3493938932815,0.107231224342798,0.126892641273354,0.845054711342941,0.39808029272739,0.605091589862136,"ENSG00000268912","NS","grey80"
"ENSG00000275401",23.908541617937,0.172676730426708,0.204574355289693,0.844078086826594,0.398625771935805,0.605091589862136,"ENSG00000275401","NS","grey80"
"ENSG00000280434",21.5437066976401,-0.182504065369184,0.215742207996307,-0.845935837331878,0.39758853895376,0.605091589862136,"ENSG00000280434","NS","grey80"
"ENSG00000272505",58.3919514371712,0.10819990592218,0.128528254759956,0.841837509769807,0.399878912822741,0.605877140640517,"ENSG00000272505","NS","grey80"
"ENSG00000244332",9.7391831641424,-0.289297799569658,0.344256191378455,-0.840356126672014,0.400708740571544,0.606478093838013,"ENSG00000244332","NS","grey80"
"ENSG00000239415",17.0760075062767,-0.193320748911045,0.230889599216004,-0.837286519477163,0.402431534808148,0.607771465729674,"ENSG00000239415","NS","grey80"
"ENSG00000243107",76.9299272818185,-0.106838185384756,0.127593701553092,-0.83733118550762,0.402406434531754,0.607771465729674,"ENSG00000243107","NS","grey80"
"ENSG00000234160",21.7476888307764,-0.173537682215336,0.207998181569528,-0.834323073912679,0.404098952840164,0.608321004275516,"ENSG00000234160","NS","grey80"
"RBFADN",51.0229736402684,-0.118790844712821,0.142116990717331,-0.835866592117014,0.403229958540743,0.608321004275516,"RBFADN","NS","grey80"
"ENSG00000272588",11.3637474616618,-0.245484094318342,0.294166461524049,-0.834507418168992,0.403995108898289,0.608321004275516,"ENSG00000272588","NS","grey80"
"LINC02976",52.4812946913395,-0.116499487106064,0.140540427516234,-0.828939324897152,0.407138741592158,0.609868223587818,"LINC02976","NS","grey80"
"ENSG00000235279",11.6035363904895,0.237362970359904,0.28642711872553,0.828702852635115,0.407272571194151,0.609868223587818,"ENSG00000235279","NS","grey80"
"ENSG00000261019",46.2338536921402,-0.125682472005392,0.151407407620767,-0.830094603562538,0.406485297945894,0.609868223587818,"ENSG00000261019","NS","grey80"
"ENSG00000261786",321.109734589411,-0.050784427090535,0.0612860471192883,-0.828645825234694,0.407304849324721,0.609868223587818,"ENSG00000261786","NS","grey80"
"ENSG00000267317",37.6291448780886,-0.13115579407679,0.157889404292075,-0.830681416937702,0.406153626997373,0.609868223587818,"ENSG00000267317","NS","grey80"
"ENSG00000272312",9.54593871673176,-0.282416006741341,0.341517037542532,-0.826945586005119,0.408267903808899,0.610657121081687,"ENSG00000272312","NS","grey80"
"ENSG00000273437",9.83726238021219,0.258060268101185,0.314261352249596,0.821164506083541,0.411552571028735,0.61491312640366,"ENSG00000273437","NS","grey80"
"LINC01977",16.6874194084611,0.196379403603367,0.240572970337982,0.816298702748996,0.414329316170329,0.617898454678571,"LINC01977","NS","grey80"
"ENSG00000273759",22.0920259475196,-0.167453647099295,0.205198277919714,-0.816057760313237,0.414467100997227,0.617898454678571,"ENSG00000273759","NS","grey80"
"ENSG00000277246",10.1809354677377,-0.263741931712667,0.323472676825103,-0.815345315410575,0.414874676712755,0.617898454678571,"ENSG00000277246","NS","grey80"
"LINC00957",22.1446983563652,-0.170258802427955,0.209453943669007,-0.812869881777015,0.416292664132671,0.619351466297279,"LINC00957","NS","grey80"
"ENSG00000261578",126.179298446062,0.0779484665510879,0.0963114141367981,0.80933778461992,0.418320878016241,0.620391132651205,"ENSG00000261578","NS","grey80"
"ENSG00000270589",20.1405732677771,-0.192738858826471,0.237910882632362,-0.810130485389802,0.417865184821417,0.620391132651205,"ENSG00000270589","NS","grey80"
"ENSG00000280206",36.5427220385609,-0.138462531932894,0.171025206172186,-0.809603069815873,0.418168343193091,0.620391132651205,"ENSG00000280206","NS","grey80"
"LINC00237",35.8406551701749,-0.137099244571267,0.169573837204432,-0.808492906874457,0.418806887703215,0.620454648449207,"LINC00237","NS","grey80"
"ENSG00000261096",23.9662909394338,-0.158166610832904,0.197278992010885,-0.801740769357627,0.42270292727007,0.624904010747728,"ENSG00000261096","NS","grey80"
"ENSG00000276931",11.9175332427983,-0.226410013654344,0.282163192478896,-0.802408037934564,0.422316965009096,0.624904010747728,"ENSG00000276931","NS","grey80"
"FAM215B",27.9155102541227,0.144169702537104,0.18035179280856,0.799380479073681,0.424069826065074,0.626263456214245,"FAM215B","NS","grey80"
"ENSG00000269918",120.971753590199,0.0741664251199676,0.0929673780112605,0.797768278578152,0.425004972732996,0.626983099922227,"ENSG00000269918","NS","grey80"
"ENSG00000224972",11.2234940652761,0.239662485871046,0.303143855294893,0.790589951552562,0.429183312456167,0.632480670988036,"ENSG00000224972","NS","grey80"
"ENSG00000269954",59.9043857232018,0.107469257303863,0.136334516236851,0.788276221387389,0.430535153333728,0.633139931373129,"ENSG00000269954","NS","grey80"
"ENSG00000272219",27.6515620292318,-0.158137024481371,0.200609056784581,-0.788284572072848,0.430530269847861,0.633139931373129,"ENSG00000272219","NS","grey80"
"ENSG00000262899",33.7341851968426,0.150124306544125,0.192368217129897,0.780400779213716,0.435155009369582,0.639262343250174,"ENSG00000262899","NS","grey80"
"ENSG00000203327",33.3025927293901,-0.138649936867848,0.178049825836381,-0.7787142515672,0.436148059044775,0.639379353573492,"ENSG00000203327","NS","grey80"
"LINC00882",21.181449837566,0.168996165026828,0.216935705187085,0.779014984559991,0.435970887861354,0.639379353573492,"LINC00882","NS","grey80"
"ENSG00000222017",16.0553638133344,0.188913821037929,0.244720687050583,0.771956892221707,0.440139959604913,0.642397105733879,"ENSG00000222017","NS","grey80"
"LINC00951",11.3890920705227,0.234885932030316,0.3044727912042,0.771451304733452,0.440439475093621,0.642397105733879,"LINC00951","NS","grey80"
"SNHG7",184.123154682566,-0.0625584084443493,0.0811130557449047,-0.771249558654176,0.440559024266567,0.642397105733879,"SNHG7","NS","grey80"
"ENSG00000260948",33.8586339084468,0.131659746624757,0.170326242161774,0.772985682967797,0.43953085376652,0.642397105733879,"ENSG00000260948","NS","grey80"
"ENSG00000271452",31.7764083756761,0.130882128358537,0.16985026758473,0.770573577655662,0.440959727578756,0.642397105733879,"ENSG00000271452","NS","grey80"
"GLIDR",348.690351884492,-0.0457474629419985,0.0593492019416657,-0.770818502108313,0.440814518843628,0.642397105733879,"GLIDR","NS","grey80"
"ENSG00000240731",16.9818564623545,-0.18683551732858,0.243505609898313,-0.767273975357701,0.44291863821389,0.643910792834316,"ENSG00000240731","NS","grey80"
"LINC02503",9.09903642098444,0.23956727213761,0.311963059564315,0.767934743530813,0.442525954899811,0.643910792834316,"LINC02503","NS","grey80"
"FAM85B",30.2026416143725,-0.137047706006065,0.179120731790211,-0.765113589233084,0.444203908554674,0.644440903602635,"FAM85B","NS","grey80"
"ENSG00000261098",141.970356964253,0.0713053433998159,0.0931596801035455,0.765409921122111,0.444027487068161,0.644440903602635,"ENSG00000261098","NS","grey80"
"ENSG00000262514",13.055282203539,-0.231974050094181,0.304610444383252,-0.761543323190578,0.446332612619732,0.646858858869177,"ENSG00000262514","NS","grey80"
"ENSG00000255389",117.275215653542,0.0719863206962721,0.0946747919660571,0.760353618966289,0.447043239378105,0.647218754011734,"ENSG00000255389","NS","grey80"
"ENSG00000224905",17.766962790122,0.181583068485106,0.239739237723969,0.757419061681413,0.448798839693382,0.649089230961502,"ENSG00000224905","NS","grey80"
"LINC02228",17.6308309915216,0.180583261035453,0.238958799225001,0.755708773316263,0.44982382277375,0.649230259673453,"LINC02228","NS","grey80"
"ENSG00000271147",112.449205666265,-0.0762944479547374,0.10086400487895,-0.756409068292508,0.449403972677594,0.649230259673453,"ENSG00000271147","NS","grey80"
"ENSG00000271553",44.8474889838071,0.114835216475411,0.152397839934557,0.753522599301427,0.451135936194351,0.650432408250398,"ENSG00000271553","NS","grey80"
"LINC01666",47.8288924943758,-0.105992088650054,0.140802066176327,-0.752773673912709,0.451585929156705,0.650432408250398,"LINC01666","NS","grey80"
"ENSG00000275902",10.9496645564225,-0.224920905235995,0.29977684643857,-0.750294453718209,0.453077382263814,0.651909902537862,"ENSG00000275902","NS","grey80"
"ENSG00000230471",13.8552727894768,-0.213764030290491,0.287191997530566,-0.744324466310172,0.456680203067978,0.655763803051388,"ENSG00000230471","NS","grey80"
"ENSG00000232855",21.4044998738295,-0.162081619810284,0.217921719143783,-0.743760743293989,0.457021233585464,0.655763803051388,"ENSG00000232855","NS","grey80"
"ENSG00000273230",25.7932395303313,-0.143501249390842,0.193000025034343,-0.743529693145415,0.457161051270111,0.655763803051388,"ENSG00000273230","NS","grey80"
"ENSG00000203392",36.6398118293203,0.12314523849007,0.166837790352779,0.73811357864234,0.460445433002171,0.6580806391946,"ENSG00000203392","NS","grey80"
"LINC01748",17.2326722342593,0.183679766223845,0.248307726259708,0.739726342754765,0.459466060492921,0.6580806391946,"LINC01748","NS","grey80"
"ENSG00000259554",14.0882369328335,0.19137633057587,0.25967178434292,0.736993166431747,0.461126505035645,0.6580806391946,"ENSG00000259554","NS","grey80"
"LINC00622",29.9878779495926,0.138343103365735,0.187449828069966,0.738027368657274,0.460497818020577,0.6580806391946,"LINC00622","NS","grey80"
"ENSG00000275185",10.7604873291401,0.222744766390403,0.301976274985127,0.737623399061315,0.460743332300768,0.6580806391946,"ENSG00000275185","NS","grey80"
"ENSG00000227388",36.7922877847405,0.117821102174051,0.161820929866279,0.728095570031717,0.466555085450155,0.664292223137956,"ENSG00000227388","NS","grey80"
"SNHG1",604.905502415671,0.0363905756302859,0.050065483109566,0.726859572105733,0.467311985166226,0.664292223137956,"SNHG1","NS","grey80"
"ENSG00000267298",20.2688415486105,-0.161310145135755,0.221593004489025,-0.727956848221463,0.466640001925386,0.664292223137956,"ENSG00000267298","NS","grey80"
"ENSG00000268858",56.8145652709862,-0.0967593556759001,0.133139183595714,-0.726753409948168,0.467377028422062,0.664292223137956,"ENSG00000268858","NS","grey80"
"ENSG00000260805",12.8676788397043,0.202861502038041,0.280444046337274,0.723358205273043,0.46945984167201,0.665900484641149,"ENSG00000260805","NS","grey80"
"ENSG00000284959",40.3011845424482,-0.121298611468875,0.167672702428248,-0.723424920766591,0.469418865194469,0.665900484641149,"ENSG00000284959","NS","grey80"
"ENSG00000272638",13.7754811491006,0.205557050675852,0.285304205171411,0.720483774686578,0.471227186145194,0.667730830570113,"ENSG00000272638","NS","grey80"
"ENSG00000251867",34.2438981214453,0.119925707199468,0.167255314697926,0.717021802362826,0.473360644028678,0.670075734722092,"ENSG00000251867","NS","grey80"
"ENSG00000261584",90.4368080290609,0.0786042028537735,0.110131946511864,0.713727536317593,0.475395675661034,0.672276713056008,"ENSG00000261584","NS","grey80"
"PCAT6",47.9730239414499,0.114274782785017,0.160534579996194,0.711839049180097,0.476564448818415,0.673249473608256,"PCAT6","NS","grey80"
"ENSG00000273951",19.4246704018596,-0.17270086865741,0.243341929756625,-0.709704524946172,0.477887385557032,0.674437842520005,"ENSG00000273951","NS","grey80"
"ENSG00000242588",162.765139411023,-0.0618180353637847,0.0872813574753648,-0.70826161682044,0.478782808344196,0.67502107923653,"ENSG00000242588","NS","grey80"
"ENSG00000272076",13.1501285905215,-0.197760641444844,0.279639504882302,-0.707198510911683,0.47944312381542,0.675272005373831,"ENSG00000272076","NS","grey80"
"LNCOC1",13.2890620744322,-0.187878717981051,0.266749059837928,-0.704327573245066,0.481228798697058,0.677105847412945,"LNCOC1","NS","grey80"
"ENSG00000277728",14.2282851720534,-0.172417919925698,0.245436548138039,-0.702494886086512,0.482370589808825,0.678030949530476,"ENSG00000277728","NS","grey80"
"ENSG00000272918",38.0796814539488,-0.114590078148134,0.163745671118752,-0.699805236774967,0.484048943903184,0.679026574613686,"ENSG00000272918","NS","grey80"
"FLJ36000",40.3276512623486,0.111846698422484,0.159817881974781,0.69983844761585,0.484028200885412,0.679026574613686,"FLJ36000","NS","grey80"
"MIR497HG",16.9602870733077,-0.168341967923077,0.241483591327329,-0.697115555544685,0.485730479993797,0.680697650672273,"MIR497HG","NS","grey80"
"ENSG00000281468",23.0495699684301,-0.145417398205035,0.208829437532842,-0.6963453042015,0.486212607623052,0.680697650672273,"ENSG00000281468","NS","grey80"
"ENSG00000276282",21.8723540501325,0.144227912141737,0.209039484456849,0.689955357077574,0.490222262077155,0.68562554136665,"ENSG00000276282","NS","grey80"
"LINC02981",65.2889860842271,-0.086722313681562,0.126116693097806,-0.687635487035067,0.491682355074828,0.685635218300575,"LINC02981","NS","grey80"
"ENSG00000231252",29.1135111240249,0.124929096030448,0.181726764034968,0.687455679375927,0.491795620833193,0.685635218300575,"ENSG00000231252","NS","grey80"
"ENSG00000260244",95.0294422379603,0.0768190424385514,0.111845342446116,0.686832734904097,0.492188138851485,0.685635218300575,"ENSG00000260244","NS","grey80"
"ENSG00000267651",24.1014196409895,-0.147210474419506,0.214282098338538,-0.686993806579832,0.492086631301191,0.685635218300575,"ENSG00000267651","NS","grey80"
"ENSG00000275367",53.2868792031489,-0.0945728696153576,0.138140030132851,-0.68461596196559,0.493586291886457,0.686899412168031,"ENSG00000275367","NS","grey80"
"ENSG00000244055",23.7516317890849,-0.137218364053721,0.200871543579321,-0.683114997817176,0.494534179122924,0.687338784806237,"ENSG00000244055","NS","grey80"
"ENSG00000278834",28.6762876605259,-0.123151179406368,0.180425012083306,-0.68256156939874,0.494883925060491,0.687338784806237,"ENSG00000278834","NS","grey80"
"ENSG00000214719",12.2919444497518,-0.194441624516621,0.285566204203002,-0.680898585528688,0.49593566316925,0.687905488427632,"ENSG00000214719","NS","grey80"
"ENSG00000272195",21.6214183508035,-0.13878637757004,0.203988734762385,-0.68036295108014,0.49627467379422,0.687905488427632,"ENSG00000272195","NS","grey80"
"FAM27C",38.0311072802008,-0.110342902200842,0.162900227975413,-0.677364934182267,0.498174440999611,0.688112919747758,"FAM27C","NS","grey80"
"ENSG00000233461",31.7210385982699,0.118706215311831,0.17550968548402,0.676351364794849,0.498817588166597,0.688112919747758,"ENSG00000233461","NS","grey80"
"ENSG00000273314",41.3460873255743,-0.103584042838648,0.153174162037694,-0.676250102893712,0.498881866817125,0.688112919747758,"ENSG00000273314","NS","grey80"
"ENSG00000274561",116.170078856419,0.0642791239843606,0.0946904009594149,0.678834637229081,0.497242644363343,0.688112919747758,"ENSG00000274561","NS","grey80"
"ENSG00000278601",12.3198950300837,-0.212021180911802,0.313093275211615,-0.677182161668914,0.498290384290552,0.688112919747758,"ENSG00000278601","NS","grey80"
"ENSG00000242539",38.0286608274536,0.113885096326731,0.168953992513295,0.67405981138782,0.500273288576957,0.689245901026207,"ENSG00000242539","NS","grey80"
"ENSG00000261673",30.5571114886205,0.119293710164009,0.178494456385539,0.668332857947927,0.503921143636862,0.689245901026207,"ENSG00000261673","NS","grey80"
"ENSG00000270696",167.863881141295,0.0581277995022187,0.0869235620535919,0.668723164685549,0.503672087896174,0.689245901026207,"ENSG00000270696","NS","grey80"
"ENSG00000271011",32.2208231170004,-0.11684423801093,0.174571793935245,-0.669319111507049,0.503291938077387,0.689245901026207,"ENSG00000271011","NS","grey80"
"ENSG00000273381",24.8707217301132,0.131888371821481,0.196556034750849,0.670996298784011,0.502222887377506,0.689245901026207,"ENSG00000273381","NS","grey80"
"ENSG00000273448",59.8012666596016,0.0881051806225826,0.131049139106715,0.672306443393249,0.501388628611862,0.689245901026207,"ENSG00000273448","NS","grey80"
"ENSG00000280614",93.5892201748117,-0.154613306624555,0.231457345619149,-0.667999134833957,0.504134144750597,0.689245901026207,"ENSG00000280614","NS","grey80"
"ENSG00000280800",93.5892201748117,-0.154613306624555,0.231457345619149,-0.667999134833957,0.504134144750597,0.689245901026207,"ENSG00000280800","NS","grey80"
"ENSG00000281181",93.5892201748117,-0.154613306624555,0.231457345619149,-0.667999134833957,0.504134144750597,0.689245901026207,"ENSG00000281181","NS","grey80"
"ENSG00000230815",15.6350166332479,0.154208519040756,0.231255423728183,0.666832010054877,0.504879443685072,0.689591435277171,"ENSG00000230815","NS","grey80"
"ENSG00000226310",24.5752208144392,-0.130683415370601,0.198137761890023,-0.659558350331713,0.50953728942917,0.692782405143497,"ENSG00000226310","NS","grey80"
"OLMALINC",195.362491530863,-0.0608059962985249,0.0922252325479267,-0.6593206069383,0.509689912355573,0.692782405143497,"OLMALINC","NS","grey80"
"MIR600HG",188.976543584117,-0.0540451178330347,0.081869148510877,-0.6601402215128,0.509163849490743,0.692782405143497,"MIR600HG","NS","grey80"
"ENSG00000272905",18.8210278162167,-0.15697884688521,0.237683324831629,-0.660453765515149,0.50896267909402,0.692782405143497,"ENSG00000272905","NS","grey80"
"ENSG00000275601",13.1381454878797,-0.171052281259918,0.259072697846393,-0.660248195513587,0.509094568475712,0.692782405143497,"ENSG00000275601","NS","grey80"
"LINC02623",14.6472639974886,-0.17136303246584,0.260224323242224,-0.658520427032989,0.510203775560845,0.692808230635483,"LINC02623","NS","grey80"
"ENSG00000214773",35.5149267618494,-0.110603142637454,0.168828509739166,-0.65512123993946,0.51238969794416,0.69510230341262,"ENSG00000214773","NS","grey80"
"MIR3667HG",22.7321086370575,-0.136062972034303,0.210079418956421,-0.647673973539158,0.517195841153492,0.700943056742389,"MIR3667HG","NS","grey80"
"LINC03022",27.1339922011575,-0.119407173512357,0.185100922012684,-0.645092267580247,0.518867394465709,0.702528387090901,"LINC03022","NS","grey80"
"LINC02762",10.4676564420176,0.215209067629373,0.335240584366281,0.641954100026976,0.520902985905984,0.703922953927006,"LINC02762","NS","grey80"
"ENSG00000267198",41.1488930441059,0.0993626151210277,0.154780169538606,0.641959596098285,0.520899417254176,0.703922953927006,"ENSG00000267198","NS","grey80"
"ENSG00000261451",71.6525728458237,-0.0773307356156605,0.120940918599464,-0.639409196748098,0.522556767673902,0.705476831960909,"ENSG00000261451","NS","grey80"
"ENSG00000244757",110.677050713645,-0.0703798223813401,0.110401724551294,-0.637488432969546,0.523806742009976,0.706483081709023,"ENSG00000244757","NS","grey80"
"ENSG00000261754",86.325415890477,0.0717734751993059,0.11361957174353,0.631699927203724,0.527582975620313,0.710891401220826,"ENSG00000261754","NS","grey80"
"ENSG00000274023",17.6984678449621,0.158557332344893,0.252055494690978,0.629057234159031,0.529311586946264,0.711850357084312,"ENSG00000274023","NS","grey80"
"ENSG00000278915",16.9533332493184,-0.145414097307381,0.231048414523464,-0.629366349937075,0.529109242626766,0.711850357084312,"ENSG00000278915","NS","grey80"
"ENSG00000225032",18.3319591862434,-0.152449212534436,0.243246151060057,-0.626728159397663,0.530837442057661,0.713217292591867,"ENSG00000225032","NS","grey80"
"ENSG00000267838",20.1384314444721,-0.1440860557253,0.230536797695379,-0.625002416818893,0.531969471887342,0.714052982399117,"ENSG00000267838","NS","grey80"
"ENSG00000236723",19.3759171720277,-0.139645169113676,0.224181215107514,-0.622912000216897,0.533342351738019,0.714383748011585,"ENSG00000236723","NS","grey80"
"ENSG00000267248",22.0264364273577,0.127511082225006,0.204812632469839,0.622574304559968,0.533564301086112,0.714383748011585,"ENSG00000267248","NS","grey80"
"ENSG00000278456",9.57145001087676,-0.195409662358016,0.314013598332677,-0.622296815792649,0.533746714585798,0.714383748011585,"ENSG00000278456","NS","grey80"
"ENSG00000260583",12.7593419890098,-0.168072258704365,0.271108822686789,-0.619943892045662,0.535294727257742,0.715289635656084,"ENSG00000260583","NS","grey80"
"ENSG00000272812",37.2104167054834,0.101318839686995,0.163492615618364,0.619715081955144,0.535445384405412,0.715289635656084,"ENSG00000272812","NS","grey80"
"ENSG00000266998",15.4278626691138,-0.157294833597182,0.254976363354532,-0.616899666807434,0.53730090660646,0.716401208808613,"ENSG00000266998","NS","grey80"
"ENSG00000278829",23.9079249625072,0.132038264443716,0.213810432962977,0.61754827682604,0.536873148629573,0.716401208808613,"ENSG00000278829","NS","grey80"
"ENSG00000267784",35.3278766462759,0.11005398286176,0.179201290897342,0.614136105329769,0.539125391238973,0.717192110763792,"ENSG00000267784","NS","grey80"
"ENSG00000269951",71.572033695749,-0.0727759819005107,0.11874060173264,-0.61289888074153,0.539943203389312,0.717192110763792,"ENSG00000269951","NS","grey80"
"ENSG00000273108",13.2286143626322,0.186413252248204,0.303335123844319,0.614545555706491,0.538854879084464,0.717192110763792,"ENSG00000273108","NS","grey80"
"ENSG00000280341",11.6163101691508,-0.183739311809827,0.299548798358601,-0.613386909968057,0.539620539293651,0.717192110763792,"ENSG00000280341","NS","grey80"
"GIHCG",59.8490633705498,0.0795207165783915,0.132131065517995,0.601832099564518,0.54728590573591,0.726256178227747,"GIHCG","NS","grey80"
"LINC02934",16.3906980993893,0.14582870521812,0.243380921117883,0.59917886968423,0.549053611914571,0.727443106081153,"LINC02934","NS","grey80"
"ENSG00000276007",17.7566421939806,-0.146181879514763,0.244071714958094,-0.59893002980645,0.54921954509127,0.727443106081153,"ENSG00000276007","NS","grey80"
"ENSG00000151303",15.8241093207166,-0.151654307064866,0.255453575654552,-0.593666801007893,0.552734992075211,0.729479813908633,"ENSG00000151303","NS","grey80"
"ENSG00000271860",21.3669938357726,0.125588392104532,0.211659849564459,0.593350096217871,0.552946878962887,0.729479813908633,"ENSG00000271860","NS","grey80"
"ENSG00000274292",14.7795127045187,0.144523427984413,0.24338790297955,0.593798731223533,0.552646737771534,0.729479813908633,"ENSG00000274292","NS","grey80"
"ENSG00000275097",12.7852557051594,0.17330906608028,0.292360127883823,0.592793098480069,0.553319627063381,0.729479813908633,"ENSG00000275097","NS","grey80"
"ENSG00000279712",124.656920945822,0.0564746676788839,0.0952790730878885,0.592728978658198,0.553362544550692,0.729479813908633,"ENSG00000279712","NS","grey80"
"ENSG00000224950",11.543090697978,-0.176824010249074,0.29983310574889,-0.589741449021856,0.555364002127935,0.729685244015196,"ENSG00000224950","NS","grey80"
"ENSG00000248790",10.6368145496445,0.186838101425968,0.316444866098885,0.590428606819562,0.554903336518214,0.729685244015196,"ENSG00000248790","NS","grey80"
"ENSG00000259280",16.7076435029669,-0.159238488476574,0.270177475652585,-0.589384766779504,0.555603192942999,0.729685244015196,"ENSG00000259280","NS","grey80"
"LINC02018",21.9625472647094,0.123761484416346,0.209248756664657,0.59145624752594,0.554214762361433,0.729685244015196,"LINC02018","NS","grey80"
"ENSG00000228540",25.3627873337555,-0.12017617434783,0.205310621928597,-0.585338319171937,0.558320253916516,0.7318804826621,"ENSG00000228540","NS","grey80"
"ENSG00000275632",23.9883086679136,-0.116813398682726,0.199461306355381,-0.585644408016657,0.558114499361399,0.7318804826621,"ENSG00000275632","NS","grey80"
"ENSG00000274315",11.2100740026662,0.183423357117881,0.313999750769327,0.584151282504133,0.559118534906269,0.732241299222429,"ENSG00000274315","NS","grey80"
"ENSG00000226332",17.5075202727856,0.138868685030604,0.239243313577087,0.580449597333716,0.561611466927399,0.733501874238036,"ENSG00000226332","NS","grey80"
"SEPTIN14P23",20.0127832582091,0.126777380951786,0.218435491802874,0.580388195642653,0.561652863702267,0.733501874238036,"SEPTIN14P23","NS","grey80"
"LINC02604",40.7759442552459,-0.131367936161596,0.226104955542339,-0.581004232510049,0.561237600973301,0.733501874238036,"LINC02604","NS","grey80"
"ENSG00000277782",12.850622340373,-0.160752627861765,0.278995116895376,-0.576184377886613,0.564490563360516,0.735834998793968,"ENSG00000277782","NS","grey80"
"ENSG00000285280",14.6064701191314,0.145539292615434,0.252515074987625,0.576358827775198,0.564372667500169,0.735834998793968,"ENSG00000285280","NS","grey80"
"ENSG00000272518",29.1911040489415,-0.104761146935012,0.182553466098956,-0.573865559354673,0.566058780576001,0.737192830517583,"ENSG00000272518","NS","grey80"
"CAHM",17.3892467789241,0.135079240235724,0.236808345796289,0.570415876946855,0.568395663562263,0.737553669667517,"CAHM","NS","grey80"
"ENSG00000271978",15.1311183806629,0.144140979675092,0.252244675656655,0.571433190016232,0.567706036203693,0.737553669667517,"ENSG00000271978","NS","grey80"
"ENSG00000276071",22.5635131188905,-0.117151471287568,0.205578182930632,-0.569863346477277,0.56877038676627,0.737553669667517,"ENSG00000276071","NS","grey80"
"ENSG00000280604",88.3443497539526,-0.0660955049468143,0.116044746707448,-0.569569125894538,0.568969973743513,0.737553669667517,"ENSG00000280604","NS","grey80"
"ENSG00000285581",16.0972932266003,0.137203620911146,0.23983034823356,0.572086151405364,0.567263610710209,0.737553669667517,"ENSG00000285581","NS","grey80"
"LINC01902",26.7013565756222,-0.114982041532223,0.203110285805493,-0.566106443483293,0.571321423336508,0.739916736976052,"LINC01902","NS","grey80"
"MIATNB",86.5609232429974,0.061856745794656,0.110526147893966,0.559657121625178,0.575713334599737,0.744490951467936,"MIATNB","NS","grey80"
"ENSG00000269176",35.1014226514595,-0.0919855247868386,0.164448182774626,-0.55935871856306,0.575916928885553,0.744490951467936,"ENSG00000269176","NS","grey80"
"LINC00511",18.8808381880801,0.127045881053062,0.229044028813182,0.554678861140214,0.579114337571415,0.746463334723789,"LINC00511","NS","grey80"
"ENSG00000228251",13.3360352348093,-0.138141618676623,0.249350876007195,-0.554004946317643,0.579575460603399,0.746463334723789,"ENSG00000228251","NS","grey80"
"ENSG00000258422",16.5495567974035,0.132532799873522,0.238382311821439,0.555967424180347,0.578233124316042,0.746463334723789,"ENSG00000258422","NS","grey80"
"ENSG00000277151",96.2460730000795,-0.0662875723560795,0.119471967878266,-0.554837871454685,0.579005560638843,0.746463334723789,"ENSG00000277151","NS","grey80"
"LINC02067",24.4968048227,-0.111991408160969,0.203853118299531,-0.549373044156308,0.582749469006164,0.749861449088814,"LINC02067","NS","grey80"
"ENSG00000272092",10.1726422617049,0.174369302853823,0.320000772293986,0.544902756339693,0.585820400451847,0.753120808661694,"ENSG00000272092","NS","grey80"
"INE1",20.1293103420622,-0.122208692298077,0.224894678470797,-0.543404108665674,0.586851597441368,0.753620648884517,"INE1","NS","grey80"
"LINC00276",11.0436553542136,-0.16600547368389,0.307400885959596,-0.540029262328505,0.589176852235574,0.753620648884517,"LINC00276","NS","grey80"
"ENSG00000246090",132.912449545994,0.0498808059121097,0.0926999180546127,0.538088996828705,0.590515608447368,0.753620648884517,"ENSG00000246090","NS","grey80"
"LINC02381",135.291774301871,0.0477543548168763,0.0885756968620268,0.53913608934133,0.589792955242458,0.753620648884517,"LINC02381","NS","grey80"
"ENSG00000272140",71.5198981329548,0.0642698631847149,0.119294310336915,0.538750448392733,0.590059058779759,0.753620648884517,"ENSG00000272140","NS","grey80"
"ENSG00000272667",66.7734238138719,0.0658597353757801,0.122313500086836,0.538450255523906,0.590266238916222,0.753620648884517,"ENSG00000272667","NS","grey80"
"ENSG00000272807",55.6190161547102,0.0773340015638767,0.143627720843609,0.538433674987315,0.590277683061679,0.753620648884517,"ENSG00000272807","NS","grey80"
"ENSG00000285822",64.9911482756529,-0.0663188438402318,0.122569621292271,-0.541070806461027,0.588458779347497,0.753620648884517,"ENSG00000285822","NS","grey80"
"ENSG00000283213",55.2559987836417,0.0724404088615483,0.136428361642785,0.530977635363101,0.59543427722762,0.759205817958715,"ENSG00000283213","NS","grey80"
"ENSG00000274093",22.434719717312,0.116770430288951,0.220914533973437,0.528577401353735,0.597098640450743,0.760635210765278,"ENSG00000274093","NS","grey80"
"ENSG00000258199",54.9906631402547,0.0702651992106725,0.133302758747255,0.52710986532467,0.598117296292196,0.761240195280977,"ENSG00000258199","NS","grey80"
"ENSG00000273004",10.8999663317087,-0.157833099388833,0.30141576537734,-0.523639163967562,0.600529536318733,0.763616122476136,"ENSG00000273004","NS","grey80"
"ENSG00000260971",55.938503562001,0.0720505182451017,0.138430489920029,0.520481566501175,0.602727972488441,0.765716117498927,"ENSG00000260971","NS","grey80"
"ENSG00000285878",43.9129915961989,-0.0835326401247365,0.160756346418814,-0.519622658673214,0.60332660214638,0.765781725299122,"ENSG00000285878","NS","grey80"
"ENSG00000273243",19.3542248740812,-0.116104367837818,0.22398261665466,-0.518363297884093,0.604204817028652,0.76620176072474,"ENSG00000273243","NS","grey80"
"SNHG21",13.0239282525128,-0.155132777941003,0.302212520035256,-0.513323464967319,0.607725072639391,0.767529102047022,"SNHG21","NS","grey80"
"ENSG00000254577",12.7538389669707,-0.147808839014808,0.287818103365177,-0.513549485896208,0.607567004257003,0.767529102047022,"ENSG00000254577","NS","grey80"
"ENSG00000264853",65.3554520007477,0.0648055075452978,0.125796568187201,0.515161172352963,0.606440398919822,0.767529102047022,"ENSG00000264853","NS","grey80"
"ENSG00000272506",14.435956510533,-0.126844658382688,0.247289054599166,-0.512940852106422,0.607992695835819,0.767529102047022,"ENSG00000272506","NS","grey80"
"ENSG00000284902",21.5716139320839,0.112375842980358,0.218640721650183,0.513974899699404,0.607269539665947,0.767529102047022,"ENSG00000284902","NS","grey80"
"LINC01315",12.6213457274132,-0.145395981415016,0.285029205163862,-0.510109065249745,0.609975054577776,0.769337906674672,"LINC01315","NS","grey80"
"ENSG00000270571",15.5654096975358,-0.127220382584321,0.250986015946862,-0.506882354000374,0.612237367737474,0.771496232972514,"ENSG00000270571","NS","grey80"
"CASC9",194.323340700981,0.0438111659095015,0.0873062091562212,0.501810424858879,0.615800879306151,0.775288876824291,"CASC9","NS","grey80"
"ENSG00000253706",17.273523843028,-0.121085453818863,0.242025478858683,-0.500300441052175,0.616863543589504,0.775928985647174,"ENSG00000253706","NS","grey80"
"HCG11",53.2434905196716,-0.0778519721944687,0.156801378760784,-0.496500558921995,0.619541293118738,0.777778533869286,"HCG11","NS","grey80"
"ENSG00000261061",14.6331513394001,0.129878716595862,0.261840390115163,0.496022468262969,0.619878558894952,0.777778533869286,"ENSG00000261061","NS","grey80"
"LINC00907",27.8303810182036,-0.0975938301029832,0.196821477992441,-0.495849493146937,0.620000602712945,0.777778533869286,"LINC00907","NS","grey80"
"ENSG00000272688",17.7925896888828,0.124480551046637,0.252188186994525,0.493601831751697,0.621587406892532,0.779071056087327,"ENSG00000272688","NS","grey80"
"ENSG00000249258",37.1057639077521,-0.0791096617631789,0.161162306263587,-0.49086950663136,0.623518745562362,0.780094945296967,"ENSG00000249258","NS","grey80"
"SNHG30",27.0631544147026,0.0917878573316323,0.186722907800079,0.491572557502734,0.623021547315796,0.780094945296967,"SNHG30","NS","grey80"
"ENSG00000272293",12.5087383289694,0.139304723131288,0.284383944828187,0.489847354833797,0.624241918370231,0.780302397962789,"ENSG00000272293","NS","grey80"
"LINC01572",469.35055171872,0.0311470895625346,0.0641052076390363,0.48587456011246,0.627056106457839,0.782176568415901,"LINC01572","NS","grey80"
"ENSG00000274403",14.7130130885062,-0.126614206221038,0.26025049267668,-0.486508997231127,0.626606327800033,0.782176568415901,"ENSG00000274403","NS","grey80"
"ENSG00000278996",14.5392659893798,-0.128608560592247,0.264972794406992,-0.48536515184539,0.627417347379326,0.782176568415901,"ENSG00000278996","NS","grey80"
"ENSG00000272084",15.3763789213712,0.124989931883528,0.258744856434643,0.48306247940855,0.629051374094864,0.783515946381503,"ENSG00000272084","NS","grey80"
"LINC02895",11.6846630806288,0.134122911830693,0.278926250202449,0.480854389765554,0.630619990957458,0.783530049097571,"LINC02895","NS","grey80"
"ENSG00000271204",36.981323861298,0.0835468295978227,0.173987948427363,0.480187451791824,0.631094108610532,0.783530049097571,"ENSG00000271204","NS","grey80"
"ENSG00000272345",13.6592761497824,0.129990001883797,0.270871199191952,0.479895988468233,0.631301353844329,0.783530049097571,"ENSG00000272345","NS","grey80"
"ENSG00000276571",10.5683206523157,0.157970535960742,0.327643038752212,0.482142201349229,0.62970493254686,0.783530049097571,"ENSG00000276571","NS","grey80"
"ENSG00000270823",12.8244761362185,-0.136261730852306,0.285052143855074,-0.47802387664758,0.632633211013279,0.783793358777514,"ENSG00000270823","NS","grey80"
"ENSG00000272405",10.8169581038652,0.146927027548605,0.30697812455741,0.478623770864584,0.632206304466068,0.783793358777514,"ENSG00000272405","NS","grey80"
"ENSG00000273284",24.1191413826927,-0.0945098825585692,0.198148715265124,-0.476964397332148,0.633387474033515,0.78403400852955,"ENSG00000273284","NS","grey80"
"ENSG00000197585",16.161725987314,-0.124719322879487,0.262394938360002,-0.47531146621576,0.634564987567155,0.784333463631164,"ENSG00000197585","NS","grey80"
"LINC01297",132.886650942558,0.0432744650598287,0.0910941530878034,0.475052059797049,0.634749867352935,0.784333463631164,"LINC01297","NS","grey80"
"ENSG00000270116",40.5041756008301,0.0743728196216458,0.159904620297571,0.465107383909505,0.641854558466373,0.79241303514367,"ENSG00000270116","NS","grey80"
"MIR1915HG",129.70575700011,-0.0459000640327389,0.099053793217625,-0.463385222733416,0.643088268892492,0.79323663123303,"MIR1915HG","NS","grey80"
"ENSG00000272764",14.6275223590485,0.115896647926047,0.252236734707412,0.459475690804848,0.645892604829512,0.795994407360314,"ENSG00000272764","NS","grey80"
"LINC03072",153.153872187237,-0.0378505356786538,0.0827595690477539,-0.457355398465321,0.647415617005774,0.797169625161023,"LINC03072","NS","grey80"
"ENSG00000285184",120.437084167002,-0.040995766137643,0.0899527199686918,-0.455747932379495,0.6485712496408,0.797890816781301,"ENSG00000285184","NS","grey80"
"ENSG00000272379",15.3709374038502,-0.114340313122251,0.251787650348578,-0.454114063830998,0.649746731313904,0.797934582315321,"ENSG00000272379","NS","grey80"
"ENSG00000273367",9.79491213294488,-0.141002089938267,0.310028706727245,-0.454803335557946,0.649250730360562,0.797934582315321,"ENSG00000273367","NS","grey80"
"ENSG00000237280",12.2693824288797,0.129275877318316,0.28646201685572,0.451284532369355,0.651784491367324,0.799735572229845,"ENSG00000237280","NS","grey80"
"ENSG00000230498",23.2306266451817,0.0915356435275336,0.204316250947188,0.448009608159823,0.654146262396327,0.80193061940005,"ENSG00000230498","NS","grey80"
"ENSG00000228137",14.9157972850704,0.113600552773421,0.254789591967474,0.445860256285204,0.655698192554427,0.802053343189798,"ENSG00000228137","NS","grey80"
"ENSG00000232545",28.2837878620983,-0.0810705193795663,0.182304627533961,-0.444698088447942,0.656537950925363,0.802053343189798,"ENSG00000232545","NS","grey80"
"ENSG00000273402",22.5579569607991,-0.094136697452986,0.210804768589108,-0.446558671718064,0.655193741261483,0.802053343189798,"ENSG00000273402","NS","grey80"
"ENSG00000280195",20.0765651605356,0.0972270223038448,0.218618603400012,0.4447335258379,0.656512338181136,0.802053343189798,"ENSG00000280195","NS","grey80"
"ENSG00000276651",12.0404852269328,0.117876355857629,0.270048706876211,0.436500352922123,0.662473743222798,0.808599163480312,"ENSG00000276651","NS","grey80"
"ENSG00000238039",15.817496696814,-0.113001557589784,0.261734010842262,-0.431741970507175,0.665928959563295,0.811600213602651,"ENSG00000238039","NS","grey80"
"ENSG00000253347",17.9775348131203,-0.110297362808001,0.255603255854592,-0.431517831958866,0.666091889592461,0.811600213602651,"ENSG00000253347","NS","grey80"
"ENSG00000277806",36.1055045670392,0.0775630017245175,0.181219492473067,0.42800584344449,0.668646866064851,0.814004880426775,"ENSG00000277806","NS","grey80"
"ENSG00000260917",203.136581898755,0.0307771767579325,0.0732589618941184,0.420114835948876,0.674401565148519,0.818164810405482,"ENSG00000260917","NS","grey80"
"ENSG00000261242",10.3932808564025,0.132362945268325,0.313890094316338,0.421685639862627,0.673254487431175,0.818164810405482,"ENSG00000261242","NS","grey80"
"ENSG00000272491",17.2967301319247,0.0974335499574712,0.231648168656202,0.420610059309712,0.674039847026497,0.818164810405482,"ENSG00000272491","NS","grey80"
"ENSG00000275457",18.1301397089733,0.0943610243439051,0.223425939420534,0.422336925554101,0.672779109435662,0.818164810405482,"ENSG00000275457","NS","grey80"
"ENSG00000256588",14.8360248314705,-0.109333694920931,0.261428127916478,-0.418217028872508,0.675788446415508,0.818996067833325,"ENSG00000256588","NS","grey80"
"ENSG00000272699",11.3613242925234,0.123885736578802,0.2966779143194,0.417576538728894,0.676256753153803,0.818996067833325,"ENSG00000272699","NS","grey80"
"ENSG00000261600",14.2406136439783,-0.111775273507699,0.268255624411813,-0.416674482605095,0.6769165213221,0.819086542654227,"ENSG00000261600","NS","grey80"
"LINC02750",25.1267244089111,0.0829015278004501,0.201365338785408,0.411697108849488,0.680561444353817,0.82278585673173,"LINC02750","NS","grey80"
"ENSG00000276334",208.703828093143,0.038540624156356,0.0938260642191474,0.410766714740773,0.681243602177393,0.822899950861389,"ENSG00000276334","NS","grey80"
"ENSG00000269930",25.9721168154745,0.0788613906385554,0.192762987909335,0.409110646674804,0.682458463398639,0.823656766170771,"ENSG00000269930","NS","grey80"
"SNHG12",136.013217444357,0.0396013691958905,0.0974676980111945,0.406302498201426,0.684520350039392,0.825392044293132,"SNHG12","NS","grey80"
"ENSG00000261079",10.6527010453483,-0.125900428452713,0.311061110525799,-0.404744997662672,0.685664962509223,0.825392044293132,"ENSG00000261079","NS","grey80"
"ENSG00000269189",28.6776454227129,-0.0781039662616718,0.192870573097026,-0.404955328371326,0.685510347546691,0.825392044293132,"ENSG00000269189","NS","grey80"
"HEIH",89.591814599834,0.0427403991027991,0.106221394864233,0.402370908021192,0.687411076942046,0.826783082232701,"HEIH","NS","grey80"
"ENSG00000257891",32.6261951953648,0.0704136545947534,0.176667853946777,0.398565177657993,0.690213624190341,0.82944126512144,"ENSG00000257891","NS","grey80"
"ENSG00000285042",50.2317356743042,0.0591868818519238,0.149478661203898,0.395955391727714,0.692137936650475,0.831040404211547,"ENSG00000285042","NS","grey80"
"LINC02615",37.9553781266999,0.0654637559820095,0.166490688705641,0.39319770066992,0.694173467838232,0.832770227055291,"LINC02615","NS","grey80"
"ENSG00000227704",10.1678243703701,0.114442411170485,0.293201097784465,0.390320541209614,0.696299535828723,0.833891659675117,"ENSG00000227704","NS","grey80"
"ENSG00000274015",10.8596885331926,0.109465333075565,0.279875789006626,0.39112112363879,0.695707707421899,0.833891659675117,"ENSG00000274015","NS","grey80"
"LINC01250",68.8629367256147,0.0462528158276194,0.118879568898469,0.389072876493371,0.697222237241647,0.834283018921629,"LINC01250","NS","grey80"
"LINC02960",13.5025746474635,-0.102224714113164,0.267463442435495,-0.382200696971207,0.702312504901568,0.839656282546708,"LINC02960","NS","grey80"
"ENSG00000267940",13.8035210468234,-0.0997842374870549,0.262657649554015,-0.379902270718121,0.704017961702829,0.840977087358328,"ENSG00000267940","NS","grey80"
"ENSG00000273165",25.5914381797321,-0.0772544608261837,0.203986825137646,-0.378722796308311,0.70489372320976,0.841305381495025,"ENSG00000273165","NS","grey80"
"ENSG00000227960",33.5333860955034,-0.067148218320138,0.177871212398223,-0.377510320050019,0.705794396488292,0.841662823750944,"ENSG00000227960","NS","grey80"
"LEISA1",192.477515761649,-0.0299303612788031,0.0796567108434316,-0.37574186734414,0.707108809142558,0.842512623659218,"LEISA1","NS","grey80"
"ENSG00000278002",15.7002149875907,-0.10252785098984,0.27444155013177,-0.373587202596008,0.708711456509649,0.843704114892439,"ENSG00000278002","NS","grey80"
"ENSG00000255672",10.1149616522737,0.110987825075619,0.298352673918916,0.372002112861179,0.709891276232501,0.844390642927358,"ENSG00000255672","NS","grey80"
"ENSG00000273014",25.6046491555353,-0.0733998785362034,0.197951562465494,-0.370797166852361,0.710788611706717,0.844740285559765,"ENSG00000273014","NS","grey80"
"ENSG00000259959",176.379801046509,-0.0285149024292835,0.0774666213784733,-0.368092759460494,0.712804069582675,0.846417046154152,"ENSG00000259959","NS","grey80"
"LINC01278",258.188200042854,0.0275725820310659,0.0751552356178401,0.366875066046906,0.713712210974596,0.84644542098361,"LINC01278","NS","grey80"
"ENSG00000257225",10.6155225043981,0.121960981812796,0.332827089460706,0.36643946864546,0.714037172986889,0.84644542098361,"ENSG00000257225","NS","grey80"
"LINC01359",123.381566741019,0.0370583858384275,0.101684587013098,0.364444474103574,0.71552613002567,0.84687787669914,"LINC01359","NS","grey80"
"ENSG00000273035",22.7887403486141,-0.0814209042071298,0.223481365051746,-0.364329724710055,0.715611805810774,0.84687787669914,"ENSG00000273035","NS","grey80"
"ENSG00000273080",10.1110748101979,0.105854557596925,0.296894159497688,0.356539710232154,0.721436418889289,0.853049819632606,"ENSG00000273080","NS","grey80"
"ENSG00000267199",28.0141694753114,0.0662124752625263,0.186290760623863,0.355425438388836,0.722270894253302,0.853315824434281,"ENSG00000267199","NS","grey80"
"ENSG00000284624",13.9414537652925,0.0923395420948685,0.265398973979747,0.347927276093821,0.727894800181647,0.859235008646126,"ENSG00000284624","NS","grey80"
"ENSG00000257607",11.0127167077529,-0.105367712554206,0.304173931098253,-0.346406124199283,0.729037523257284,0.859858915383485,"ENSG00000257607","NS","grey80"
"LINC02593",10.651587427581,0.107276803719274,0.316012271509478,0.339470373118269,0.734255412228148,0.860115106532339,"LINC02593","NS","grey80"
"MALINC1",11.9594387714247,0.100057621316683,0.295356823580122,0.338768612500129,0.734784048151913,0.860115106532339,"MALINC1","NS","grey80"
"SCARNA9",76.5230421037532,0.0422309253547689,0.123048128378689,0.343206564059229,0.731443066859796,0.860115106532339,"SCARNA9","NS","grey80"
"ENSG00000258314",14.0424303375913,0.0884144969894345,0.257403456351407,0.343486051984986,0.731232832187674,0.860115106532339,"ENSG00000258314","NS","grey80"
"LINC00645",14.9857042168743,0.0840349902914982,0.245158249012644,0.342778554790396,0.731765060419431,0.860115106532339,"LINC00645","NS","grey80"
"ENSG00000271141",74.6236135083835,0.0390648689758218,0.11315957780731,0.345219288837769,0.729929518737318,0.860115106532339,"ENSG00000271141","NS","grey80"
"ENSG00000272106",73.2989722638363,-0.0403942037820259,0.119203695292089,-0.338867043366789,0.734709892645433,0.860115106532339,"ENSG00000272106","NS","grey80"
"ENSG00000272338",20.6414428582778,0.0808622473654367,0.23650551628778,0.341904276207425,0.732422931421449,0.860115106532339,"ENSG00000272338","NS","grey80"
"ENSG00000272892",11.6448685771502,-0.0936384605539978,0.275644718999232,-0.339707072546015,0.73407713505462,0.860115106532339,"ENSG00000272892","NS","grey80"
"ENSG00000184441",18.1791355547357,0.0810958814711647,0.240787989501797,0.336793714831692,0.736272411407036,0.861137323283083,"ENSG00000184441","NS","grey80"
"LOH12CR2",10.3939240386466,0.102330027846303,0.318176956182073,0.321613573384448,0.747745459684161,0.873770323939404,"LOH12CR2","NS","grey80"
"ENSG00000223356",17.078339200151,0.0735477344319413,0.229271953459468,0.320788187661791,0.748370911590597,0.873770323939404,"ENSG00000223356","NS","grey80"
"ENSG00000260658",10.1014925298939,-0.102053770272253,0.319711059772345,-0.319206255626321,0.749570113608017,0.873770323939404,"ENSG00000260658","NS","grey80"
"ENSG00000278291",25.9563571004638,0.0612668233465493,0.191744345875923,0.319523493987118,0.749329578730454,0.873770323939404,"ENSG00000278291","NS","grey80"
"ENSG00000264577",31.1674677049346,0.0569657322706969,0.179550679182361,0.317268263924748,0.751040056074331,0.874755472965111,"ENSG00000264577","NS","grey80"
"CYP4F26P",23.6464307392489,0.0664077688079285,0.211715477951565,0.313665157835653,0.753775366179465,0.875755612158714,"CYP4F26P","NS","grey80"
"ENSG00000256064",66.149620242455,0.0399843055486082,0.127386627973278,0.313881497491212,0.753611043599471,0.875755612158714,"ENSG00000256064","NS","grey80"
"ENSG00000262528",46.7480846358384,-0.0465273532355288,0.14796147092314,-0.314455871148361,0.753174827479285,0.875755612158714,"ENSG00000262528","NS","grey80"
"ENSG00000285454",10.5394029236442,-0.098216868905603,0.316471564969467,-0.310349743159638,0.756295007645397,0.877954403568454,"ENSG00000285454","NS","grey80"
"LINC02820",76.8941778468927,0.0346349095007335,0.113425506975768,0.30535379937189,0.760096705193448,0.881636609172185,"LINC02820","NS","grey80"
"LINC01909",22.5152199448838,-0.0653471117578068,0.214670177203824,-0.304407033193816,0.760817810176328,0.881742495237466,"LINC01909","NS","grey80"
"ENSG00000260274",13.6769006186912,-0.0787872295116248,0.260396621756951,-0.302566250591235,0.762220437667323,0.881907944408473,"ENSG00000260274","NS","grey80"
"ENSG00000261783",14.6880369764158,0.0752127515546577,0.248256034729806,0.302964444093039,0.761916958403055,0.881907944408473,"ENSG00000261783","NS","grey80"
"ENSG00000279072",104.958794554598,-0.0515089158621587,0.170975026473707,-0.301265728244118,0.763211872499395,0.88232586416115,"ENSG00000279072","NS","grey80"
"ENSG00000224738",22.7914199777211,-0.0641486550497827,0.214028082206415,-0.299720739393047,0.764390177728164,0.882958951171146,"ENSG00000224738","NS","grey80"
"ENSG00000257534",12.7480887130317,-0.0851346247181753,0.287058412234334,-0.29657596185921,0.766790265248794,0.885001130542714,"ENSG00000257534","NS","grey80"
"ENSG00000253553",29.5317376974973,0.0513392827071845,0.174823027128538,0.293664304699618,0.76901443292627,0.886205100971415,"ENSG00000253553","NS","grey80"
"ENSG00000256712",38.9007728898268,0.0476490246372397,0.162318253438173,0.293553088626531,0.769099426914478,0.886205100971415,"ENSG00000256712","NS","grey80"
"ENSG00000285571",127.414880160471,-0.0266595777929868,0.0912003681471315,-0.292318751937246,0.77004292267713,0.886562575450644,"ENSG00000285571","NS","grey80"
"LINC02600",17.8725363239738,-0.0694098633923578,0.243053604452719,-0.285574301803288,0.775204188308931,0.890308337680478,"LINC02600","NS","grey80"
"ENSG00000256973",28.7460309217187,-0.056262460268803,0.196841614629101,-0.285826045345217,0.775011358645002,0.890308337680478,"ENSG00000256973","NS","grey80"
"ENSG00000269940",34.401851316597,0.050545881028652,0.176232092131739,0.286814282332116,0.774254526473947,0.890308337680478,"ENSG00000269940","NS","grey80"
"ENSG00000267260",25.3989345256923,-0.0534648240960582,0.190095947512885,-0.281251782563298,0.778517290090868,0.893380496825587,"ENSG00000267260","NS","grey80"
"LINC01465",10.7017976525106,0.0821148868739168,0.294961810114687,0.278391588531373,0.78071177578507,0.894432476349508,"LINC01465","NS","grey80"
"LINC02293",20.4480482647423,-0.0647225690980755,0.232051105724912,-0.278915150591016,0.780309941266922,0.894432476349508,"LINC02293","NS","grey80"
"ARIH2OS",13.4717846761138,-0.0757740969594556,0.273247290196706,-0.277309600782892,0.781542388186835,0.894651957041349,"ARIH2OS","NS","grey80"
"ENSG00000278133",95.312936668081,0.0293096945497509,0.106497716309832,0.275214300976,0.783151600470861,0.895761634525494,"ENSG00000278133","NS","grey80"
"ENSG00000251417",12.9742318682131,-0.074594091125201,0.273744231773986,-0.272495572388128,0.785240995238965,0.897418280273103,"ENSG00000251417","NS","grey80"
"ENSG00000275645",10.6008848395896,-0.0765137444428835,0.285881383440943,-0.267641577503033,0.788975223871642,0.900950500342821,"ENSG00000275645","NS","grey80"
"LINC02802",73.0142229864604,-0.0325432988162808,0.122703364579435,-0.265219286592694,0.79084053820492,0.902344542369102,"LINC02802","NS","grey80"
"FAM88F",88.7657574256297,-0.0280169372225557,0.107280037019949,-0.26115704282751,0.793971403676635,0.904442607931073,"FAM88F","NS","grey80"
"ENSG00000275734",11.3265890831599,0.0820016839961183,0.313398404071241,0.261653163930847,0.793588852522494,0.904442607931073,"ENSG00000275734","NS","grey80"
"ENSG00000277969",18.0833364986854,-0.0586791889207972,0.229707275530599,-0.255452025998108,0.798373992332062,0.908718365256006,"ENSG00000277969","NS","grey80"
"ENSG00000269653",11.2034626342216,0.0740255096159568,0.29563862741358,0.250391872887435,0.802284313983213,0.912427327032086,"ENSG00000269653","NS","grey80"
"ENSG00000272750",85.5894700858851,0.0278737595603003,0.112099798959978,0.2486512894662,0.803630530901332,0.912475866392429,"ENSG00000272750","NS","grey80"
"LINC02666",24.1277930182913,0.0513794052422372,0.206537812828751,0.248765127017385,0.803542467836559,0.912475866392429,"LINC02666","NS","grey80"
"ENSG00000242798",11.532929905843,0.0700835434871629,0.287857327473537,0.243466248027352,0.807644228736713,0.914807378827993,"ENSG00000242798","NS","grey80"
"ENSG00000249635",18.3263965119704,-0.0588185076746576,0.240932689235986,-0.244128382334399,0.807131391518792,0.914807378827993,"ENSG00000249635","NS","grey80"
"ENSG00000261654",60.4231455768484,0.0325489990442182,0.133603742767741,0.243623407323266,0.807522498001213,0.914807378827993,"ENSG00000261654","NS","grey80"
"ENSG00000268584",15.1353973413977,0.0595255305127021,0.247347298342865,0.240655672859582,0.809821997243179,0.916532575699637,"ENSG00000268584","NS","grey80"
"LINC02851",14.9772901035505,-0.0611415102334477,0.261049748028723,-0.23421401742445,0.814818833308757,0.919199292951295,"LINC02851","NS","grey80"
"ENSG00000272936",21.277910955094,0.0512485326539438,0.217618092647238,0.235497572975324,0.813822562377056,0.919199292951295,"ENSG00000272936","NS","grey80"
"ENSG00000272990",19.894888386857,-0.0517961059116215,0.220547493961106,-0.234852389303302,0.814323303894238,0.919199292951295,"ENSG00000272990","NS","grey80"
"ENSG00000278784",24.3674049316423,-0.0467668703968522,0.200383555489389,-0.233386768103975,0.815461087032506,0.919199292951295,"ENSG00000278784","NS","grey80"
"ENSG00000280441",14.7308359486401,-0.0632348984660643,0.27062147853386,-0.233665482904944,0.815244686618764,0.919199292951295,"ENSG00000280441","NS","grey80"
"LINC01828",50.1781824957027,-0.0366047862724304,0.161411654518323,-0.226779078509942,0.820595532821834,0.921569885237125,"LINC01828","NS","grey80"
"ENSG00000249664",12.777861777651,-0.0659132650891478,0.28881002784002,-0.228223602837153,0.819472413169691,0.921569885237125,"ENSG00000249664","NS","grey80"
"ENSG00000258938",10.9071523806353,-0.0673545251046003,0.297443418615017,-0.226444832493597,0.820855462064782,0.921569885237125,"ENSG00000258938","NS","grey80"
"ENSG00000278472",9.50414799231213,-0.0706484401086998,0.310181825343879,-0.227764602359846,0.819829246650827,0.921569885237125,"ENSG00000278472","NS","grey80"
"ENSG00000285728",19.2568093460055,0.0526048236764275,0.231811451523538,0.226929357159415,0.820478673777138,0.921569885237125,"ENSG00000285728","NS","grey80"
"LINC00862",10.4371887026165,-0.0692283722068212,0.308242917195354,-0.224590309606195,0.822298004134372,0.921711133537326,"LINC00862","NS","grey80"
"ENSG00000273306",24.3013043723282,0.0452067631748681,0.200902239687252,0.225018711813478,0.821964717595516,0.921711133537326,"ENSG00000273306","NS","grey80"
"ENSG00000279529",42.029906693337,0.0348094492675427,0.157645431783803,0.22080848695496,0.825241555047907,0.924270541653656,"ENSG00000279529","NS","grey80"
"LINC02973",15.4174302223937,0.0515241112401556,0.239079721699572,0.215510169051062,0.829369584573674,0.927269637793887,"LINC02973","NS","grey80"
"LINC00538",53.8590119733158,0.0287456458954572,0.133811642606012,0.21482171009659,0.829906325825529,0.927269637793887,"LINC00538","NS","grey80"
"ENSG00000284618",59.9748554267933,-0.0281412765662651,0.130979742971743,-0.21485212848781,0.829882609145573,0.927269637793887,"ENSG00000284618","NS","grey80"
"LINC02985",16.9151300129337,0.0504426442900742,0.240405236118332,0.209823401122783,0.833805508145087,0.927646774206452,"LINC02985","NS","grey80"
"ENSG00000264215",16.7070454974355,-0.0516014995429478,0.243061622459784,-0.212298013239361,0.831874545312179,0.927646774206452,"ENSG00000264215","NS","grey80"
"ENSG00000270956",39.7143481446713,0.0325036249981394,0.153907518201717,0.211189325758206,0.83273953972946,0.927646774206452,"ENSG00000270956","NS","grey80"
"ENSG00000272909",26.0953360899359,-0.0425947732569766,0.202945443170576,-0.20988287586815,0.833759087641366,0.927646774206452,"ENSG00000272909","NS","grey80"
"ENSG00000273792",24.7056554079886,-0.0411825002595256,0.196769572819848,-0.209293030773768,0.834219491947088,0.927646774206452,"ENSG00000273792","NS","grey80"
"ENSG00000285696",12.1035386243789,0.060895100242337,0.285420323667843,0.213352362087584,0.831052134556707,0.927646774206452,"ENSG00000285696","NS","grey80"
"MIR762HG",46.7733649222395,0.0298527329454643,0.143292879424212,0.208333680399335,0.83496843538514,0.927742705983489,"MIR762HG","NS","grey80"
"ENSG00000233967",39.6357332369317,-0.0344499774991226,0.16893972846194,-0.203918745535831,0.838416996039543,0.928053945342101,"ENSG00000233967","NS","grey80"
"ENSG00000249526",14.0096326639434,0.0557676305967417,0.276464167284407,0.201717391242866,0.840137665829849,0.928053945342101,"ENSG00000249526","NS","grey80"
"ENSG00000255983",152.413904166536,-0.0177109052687337,0.0881609973773587,-0.200892750712938,0.840782436255651,0.928053945342101,"ENSG00000255983","NS","grey80"
"ENSG00000258365",24.0922937300869,-0.0409667923649616,0.202319028619355,-0.202486106445464,0.839536718905455,0.928053945342101,"ENSG00000258365","NS","grey80"
"NBAT1",35.7384040671411,-0.0332955460792147,0.165398580127265,-0.201304908745865,0.840460164509503,0.928053945342101,"NBAT1","NS","grey80"
"ENSG00000260693",21.4195065512301,0.0446533853582263,0.217612016048806,0.205197241259929,0.837418024743021,0.928053945342101,"ENSG00000260693","NS","grey80"
"ENSG00000261071",16.1493442397874,-0.0499903257923439,0.242016541000763,-0.206557475723059,0.836355473430902,0.928053945342101,"ENSG00000261071","NS","grey80"
"ENSG00000267383",71.4825304107639,-0.0245203511436032,0.119441395197903,-0.205291901546992,0.837344070945751,0.928053945342101,"ENSG00000267383","NS","grey80"
"ENSG00000280164",213.665757688113,-0.0173924208669155,0.0868144812783613,-0.200340088552146,0.84121461188509,0.928053945342101,"ENSG00000280164","NS","grey80"
"ENSG00000285851",27.005524887901,0.0358920508794422,0.181781854234942,0.197445729830953,0.8434787466674,0.929819090814457,"ENSG00000285851","NS","grey80"
"NBR2",67.871592115688,0.0254423592418652,0.13149583709244,0.193484142193639,0.846579824103828,0.931866766528023,"NBR2","NS","grey80"
"ENSG00000233251",14.3824646727828,-0.0486031741586292,0.254413736264495,-0.191039897736104,0.848494334888964,0.931866766528023,"ENSG00000233251","NS","grey80"
"ENSG00000233288",11.9677263541002,-0.0522366424251634,0.273744151658728,-0.19082286181692,0.84866437665945,0.931866766528023,"ENSG00000233288","NS","grey80"
"LINC01252",42.5807894109377,0.0295390395767791,0.153240252396536,0.192762926938685,0.847144638920872,0.931866766528023,"LINC01252","NS","grey80"
"ENSG00000248015",17.2574074820459,0.0457161681859166,0.238988610615122,0.19129015423894,0.848298274442016,0.931866766528023,"ENSG00000248015","NS","grey80"
"ENSG00000255224",9.85496586062054,-0.0583909251447742,0.309950229166076,-0.188388068955056,0.850572451847327,0.933055636690663,"ENSG00000255224","NS","grey80"
"ENSG00000259049",15.9091291850897,-0.046596070729599,0.250461921134589,-0.186040538691548,0.852412970948113,0.933055636690663,"ENSG00000259049","NS","grey80"
"ENSG00000261003",9.41566690830957,0.0655329142208143,0.352171627278124,0.186082322211211,0.852380204626274,0.933055636690663,"ENSG00000261003","NS","grey80"
"ENSG00000275450",19.6357536390678,-0.0419489073043286,0.224427291103519,-0.186915357299302,0.851726998020055,0.933055636690663,"ENSG00000275450","NS","grey80"
"ENSG00000189229",45.0293446588119,0.0271233884754698,0.148755701857336,0.182335118162277,0.855319740288301,0.933386451214999,"ENSG00000189229","NS","grey80"
"ENSG00000268119",59.4712649868232,-0.024675685499404,0.135950447900935,-0.181504995977539,0.855971212059372,0.933386451214999,"ENSG00000268119","NS","grey80"
"ENSG00000273824",11.8034574292888,-0.0544362265948157,0.298923368460897,-0.182107631380906,0.855498259899777,0.933386451214999,"ENSG00000273824","NS","grey80"
"ENSG00000274383",23.1222902837156,-0.0375101547801011,0.206327903324811,-0.181798749348268,0.855740666042315,0.933386451214999,"ENSG00000274383","NS","grey80"
"ENSG00000276633",28.4716940736648,0.0371002409896458,0.20451468361995,0.181406245913322,0.856048716685756,0.933386451214999,"ENSG00000276633","NS","grey80"
"ENSG00000230747",13.4634441135518,-0.0493873958515408,0.274321610496775,-0.180034652618524,0.857125363795561,0.93350276940716,"ENSG00000230747","NS","grey80"
"LINC00639",18.0770239292348,0.043068823728718,0.240249651510918,0.179266956092799,0.857728091739557,0.93350276940716,"LINC00639","NS","grey80"
"ENSG00000276740",96.494303297509,0.0192095289606056,0.107482553798347,0.178722297542775,0.858155760162154,0.93350276940716,"ENSG00000276740","NS","grey80"
"ENSG00000283828",10.7703677015801,-0.051699311366374,0.293515291607363,-0.176138391574953,0.860185220287209,0.934983935094792,"ENSG00000283828","NS","grey80"
"ENSG00000260198",11.413964492596,-0.0535078521487225,0.312815935305113,-0.171052194308875,0.864182725186937,0.937872725009079,"ENSG00000260198","NS","grey80"
"ENSG00000263786",73.0152329064346,-0.0221087755290367,0.128947186850283,-0.171456051652423,0.863865184372647,0.937872725009079,"ENSG00000263786","NS","grey80"
"ENSG00000260122",14.272584228921,0.0475943683762736,0.279972294251118,0.169996708079923,0.865012725541785,0.938046332888071,"ENSG00000260122","NS","grey80"
"LINC03014",21.6079632225338,-0.0352993674850248,0.216229742463206,-0.163249361918985,0.87032210227018,0.943073485432084,"LINC03014","NS","grey80"
"ENSG00000258337",14.3864882819535,0.0446100580252786,0.278526792273989,0.160164333423965,0.872751624446662,0.943574510666121,"ENSG00000258337","NS","grey80"
"ENSG00000282143",20.7887021687877,0.0377686854360423,0.23591455144339,0.160094768232664,0.872806422366161,0.943574510666121,"ENSG00000282143","NS","grey80"
"ENSG00000282740",20.7887021687877,0.0377686854360423,0.23591455144339,0.160094768232664,0.872806422366161,0.943574510666121,"ENSG00000282740","NS","grey80"
"LINC00222",11.6575317347332,-0.0471899927653667,0.297149364971825,-0.158808997521638,0.873819359782069,0.943940666431248,"LINC00222","NS","grey80"
"RFPL1S",162.299366271995,0.0132072792815697,0.0859829804371093,0.153603413308404,0.877922445451948,0.945360345988297,"RFPL1S","NS","grey80"
"LINC01473",73.1153457484605,-0.0183431150803572,0.11856374834792,-0.15471099164755,0.877049164252989,0.945360345988297,"LINC01473","NS","grey80"
"ENSG00000255176",19.592826998737,0.0349712795874872,0.226959999461983,0.154085652407419,0.877542200895676,0.945360345988297,"ENSG00000255176","NS","grey80"
"ENSG00000269937",201.173396536277,0.0143001133288697,0.0935513134209253,0.152858498784808,0.878509864379124,0.945360345988297,"ENSG00000269937","NS","grey80"
"ENSG00000274677",13.5410624171205,-0.0426721324370294,0.27461001778451,-0.155391754391549,0.876512484251617,0.945360345988297,"ENSG00000274677","NS","grey80"
"MIR2052HG",11.1134413161669,-0.0465507445047321,0.314678320878354,-0.147931209162411,0.882397057821525,0.948350894450829,"MIR2052HG","NS","grey80"
"ENSG00000271851",22.3255804061947,-0.0308080370457828,0.208700149217013,-0.147618663241815,0.882643725335307,0.948350894450829,"ENSG00000271851","NS","grey80"
"ENSG00000267058",37.4996578327899,0.0238079203957949,0.166930999290878,0.142621325559248,0.886589254297294,0.951859628846788,"ENSG00000267058","NS","grey80"
"LINC01376",19.6899631700312,0.0313820648394304,0.223270424437408,0.140556300363142,0.888220472672578,0.952880200568283,"LINC01376","NS","grey80"
"LINC02175",13.9196523885356,-0.0367857629676394,0.263949231611509,-0.139366812106437,0.889160296488828,0.953158051366278,"LINC02175","NS","grey80"
"ENSG00000267160",36.8911983785929,0.0228363550843397,0.170730810236811,0.133756496865825,0.89359512846054,0.957179173561405,"ENSG00000267160","NS","grey80"
"ENSG00000273456",11.5776139004502,-0.0377004011365432,0.286592894864423,-0.131546879954501,0.895342703909377,0.958317878802085,"ENSG00000273456","NS","grey80"
"ENSG00000261529",46.5508486165891,0.0182487535792813,0.143311799668686,0.127336015746572,0.898674455864812,0.961149150657553,"ENSG00000261529","NS","grey80"
"ENSG00000231236",29.1481182065804,0.0226957320038127,0.186004984600609,0.122016794617333,0.902885717472606,0.96279693251345,"ENSG00000231236","NS","grey80"
"ENSG00000261675",14.1236336197159,-0.0330025226852107,0.270700087037596,-0.121915449109653,0.902965980278686,0.96279693251345,"ENSG00000261675","NS","grey80"
"ENSG00000266805",22.1991430942148,-0.0255822587066634,0.208291681121407,-0.122819397149866,0.902250113846883,0.96279693251345,"ENSG00000266805","NS","grey80"
"ENSG00000270638",18.2655416815135,-0.0312891496656902,0.255551583743242,-0.122437705951089,0.902552378105132,0.96279693251345,"ENSG00000270638","NS","grey80"
"ENSG00000276449",70.7314394957816,-0.0145202811759342,0.122005746345291,-0.119013092505004,0.905264983186227,0.964513680715919,"ENSG00000276449","NS","grey80"
"ENSG00000254531",20.0773305359132,-0.0265972171174486,0.226273190620289,-0.11754471240953,0.9064284142194,0.965018844035863,"ENSG00000254531","NS","grey80"
"ENSG00000180458",20.7580249451641,0.0244550619881942,0.218207212361332,0.1120726566439,0.910765797651612,0.965963724782013,"ENSG00000180458","NS","grey80"
"LINC01266",63.3311861615291,0.0153735427180198,0.133232278423129,0.115389025091917,0.908136777564715,0.965963724782013,"LINC01266","NS","grey80"
"LINC02899",98.9607559962861,0.0116060279946154,0.103529039293309,0.112104082814237,0.910740880217042,0.965963724782013,"LINC02899","NS","grey80"
"ENSG00000269044",82.2860935978568,0.0129416561252954,0.114368265158825,0.113157754970954,0.909905487132761,0.965963724782013,"ENSG00000269044","NS","grey80"
"ENSG00000276742",21.5085299679053,0.0247418331238085,0.217505771429689,0.113752536133537,0.909433964953059,0.965963724782013,"ENSG00000276742","NS","grey80"
"JPX",963.516425507217,-0.00461946991703839,0.0416917088555347,-0.110800685408345,0.911774401822585,0.966301409955805,"JPX","NS","grey80"
"ENSG00000226530",21.1175476778678,0.0235851859559252,0.217146676483752,0.108614077534316,0.913508594557772,0.966675761436796,"ENSG00000226530","NS","grey80"
"ENSG00000250950",58.6600659626433,0.0157698358621277,0.144100626910732,0.109436275193285,0.912856463075081,0.966675761436796,"ENSG00000250950","NS","grey80"
"ENSG00000233030",13.7328481812942,-0.0281200377820796,0.268841280048098,-0.104597172640484,0.916695458306156,0.968583880474429,"ENSG00000233030","NS","grey80"
"ENSG00000278012",10.5837892827572,0.0314620256060617,0.300053775509639,0.104854623317516,0.91649116575435,0.968583880474429,"ENSG00000278012","NS","grey80"
"ENSG00000260464",12.5573961666585,-0.028504867550419,0.281380522230603,-0.10130362728895,0.919309436849372,0.969151514750844,"ENSG00000260464","NS","grey80"
"ENSG00000272072",32.88539435476,-0.0198382353395938,0.19503237608256,-0.10171765189999,0.918980790628951,0.969151514750844,"ENSG00000272072","NS","grey80"
"MITA1",59.9582248435671,-0.0133690097669378,0.130190966010691,-0.102687691600967,0.918210842679072,0.969151514750844,"MITA1","NS","grey80"
"LINC02977",149.656917025185,0.00879841271862587,0.0892403085775613,0.0985923609954678,0.921461935512159,0.970472504695979,"LINC02977","NS","grey80"
"ENSG00000278475",16.0664436094712,0.0237608415094191,0.242509254609531,0.0979791123752242,0.92194887946118,0.970472504695979,"ENSG00000278475","NS","grey80"
"ENSG00000262265",65.6025066348237,-0.0114049769899178,0.119412529670535,-0.095509047680212,0.923910504104635,0.971077106416283,"ENSG00000262265","NS","grey80"
"MIR4453HG",131.687932411676,-0.00912749827984195,0.0951202527299746,-0.0959574645554496,0.923554354978877,0.971077106416283,"MIR4453HG","NS","grey80"
"ENSG00000268049",21.319317300629,-0.0205543117771933,0.225584452681778,-0.091115817304078,0.927400564531677,0.974014096282332,"ENSG00000268049","NS","grey80"
"LINC03015",36.6886845119611,-0.0148216960556813,0.167128736811334,-0.088684306113155,0.929332805293184,0.97432224156224,"LINC03015","NS","grey80"
"LINC02315",85.936412907583,0.0098013220340412,0.111705622742821,0.0877424232852332,0.930081400724265,0.97432224156224,"LINC02315","NS","grey80"
"ENSG00000271917",29.5956066570967,-0.0157254597667369,0.180247345876863,-0.0872437798750158,0.930477740691939,0.97432224156224,"ENSG00000271917","NS","grey80"
"ENSG00000277152",15.1550789505937,-0.0217191975630406,0.244079248808144,-0.0889842035695248,0.929094464039588,0.97432224156224,"ENSG00000277152","NS","grey80"
"LINC02236",20.0195631580407,-0.0197349986336627,0.236696494327033,-0.0833768099936272,0.933551927241667,0.974707388028731,"LINC02236","NS","grey80"
"ENSG00000254859",58.0709052246479,0.0164822690692661,0.197918469990574,0.083278074401298,0.933630433818949,0.974707388028731,"ENSG00000254859","NS","grey80"
"ENSG00000257265",25.8990343778527,0.0161644123975725,0.193560916477214,0.0835107246429856,0.933445450149244,0.974707388028731,"ENSG00000257265","NS","grey80"
"ENSG00000278383",10.5494564449882,0.02577360935798,0.300642749911647,0.0857283582110475,0.931682358516506,0.974707388028731,"ENSG00000278383","NS","grey80"
"ENSG00000239906",28.4687713412086,0.0155644882594834,0.194691928137655,0.0799441887928638,0.936281644700465,0.976273678914861,"ENSG00000239906","NS","grey80"
"ENSG00000260160",14.6090093497887,0.0217167109835061,0.272693777475018,0.0796377210532265,0.936525393416185,0.976273678914861,"ENSG00000260160","NS","grey80"
"ENSG00000230751",9.47214028070952,0.0221882715486132,0.300708480927155,0.0737866503804664,0.941180149520708,0.980395989084071,"ENSG00000230751","NS","grey80"
"ENSG00000272056",13.7488023427283,0.0201305343272372,0.282337790855701,0.0712994681520537,0.943159418507119,0.981727275769492,"ENSG00000272056","NS","grey80"
"ENSG00000266783",16.7844991895845,-0.016954850810188,0.242481702915566,-0.0699221863189067,0.944255594217001,0.982138062335662,"ENSG00000266783","NS","grey80"
"ENSG00000229728",13.063308422183,0.0163076498031573,0.271414978999812,0.060083823904091,0.952088873339805,0.983646125082312,"ENSG00000229728","NS","grey80"
"DIRC3",10.9868782056063,-0.0178271845975723,0.300399477848498,-0.0593449253815386,0.95267737886525,0.983646125082312,"DIRC3","NS","grey80"
"LINC01798",14.1839780263468,-0.0167042471469641,0.27472508403076,-0.0608035018203646,0.951515701434443,0.983646125082312,"LINC01798","NS","grey80"
"LINC02966",17.6161913357566,0.0152584622388728,0.250093745373868,0.0610109709703566,0.951350471763074,0.983646125082312,"LINC02966","NS","grey80"
"ENSG00000251555",11.3259696774492,0.0170555647360517,0.296552704391662,0.0575127607453079,0.954136741329843,0.983646125082312,"ENSG00000251555","NS","grey80"
"ENSG00000258768",38.4915053973117,-0.0103911289224205,0.171146782148315,-0.0607147197977442,0.951586408605263,0.983646125082312,"ENSG00000258768","NS","grey80"
"ENSG00000258824",18.3276986128956,0.0149618624986781,0.227746941439486,0.0656951193465472,0.947620558218032,0.983646125082312,"ENSG00000258824","NS","grey80"
"ENSG00000260743",11.9703154733509,-0.0177672780782748,0.275071856115696,-0.0645914065116202,0.94849932703319,0.983646125082312,"ENSG00000260743","NS","grey80"
"ENSG00000271382",16.9818991192528,0.0160375723678132,0.241600062285308,0.0663806632171902,0.947074764760488,0.983646125082312,"ENSG00000271382","NS","grey80"
"ENSG00000272540",13.8134418543853,-0.0150845039087629,0.260348255759734,-0.0579397156502705,0.953796647728034,0.983646125082312,"ENSG00000272540","NS","grey80"
"ENSG00000278462",17.2865786611493,0.0168026821305913,0.287280779703856,0.0584887097142817,0.953359355442713,0.983646125082312,"ENSG00000278462","NS","grey80"
"LINC01012",47.2595578612321,0.00973316622603967,0.153458472507764,0.0634254079750938,0.949427755340748,0.983646125082312,"LINC01012","NS","grey80"
"LINC03053",22.5248963138652,0.0107866973733052,0.205926998169248,0.0523811713335412,0.958224976617623,0.984598734183903,"LINC03053","NS","grey80"
"ENSG00000237188",14.3964204362362,0.0131826403715999,0.267442857564166,0.0492914280518298,0.960687050639436,0.984598734183903,"ENSG00000237188","NS","grey80"
"BMS1P4",30.2825313458164,0.0097774724526234,0.18442638016991,0.0530155851002201,0.957719490062209,0.984598734183903,"BMS1P4","NS","grey80"
"LINC01965",42.4184667156808,0.00765955100369922,0.153662061171301,0.0498467282380159,0.960244529192325,0.984598734183903,"LINC01965","NS","grey80"
"ENSG00000261324",122.532007679383,-0.00552644239982466,0.0998956097027686,-0.0553221749811443,0.955881796136508,0.984598734183903,"ENSG00000261324","NS","grey80"
"ENSG00000265478",25.482451846102,-0.01024598874131,0.201140697945902,-0.0509394112973878,0.95937380058574,0.984598734183903,"ENSG00000265478","NS","grey80"
"ENSG00000265967",18.0245389282551,-0.012377159148699,0.241268635897586,-0.0513003238181066,0.959086210076454,0.984598734183903,"ENSG00000265967","NS","grey80"
"ENSG00000272906",15.6895629046128,0.0134978477326522,0.251493770633494,0.0536707040442877,0.957197523934082,0.984598734183903,"ENSG00000272906","NS","grey80"
"LINC02816",111.997526600649,0.0042761724335939,0.103152687340721,0.0414547845900453,0.966933338513694,0.984686366110407,"LINC02816","NS","grey80"
"LINC00623",21.6683972082061,0.00973392919531037,0.212288584006557,0.0458523440667433,0.963427938120118,0.984686366110407,"LINC00623","NS","grey80"
"ENSG00000236095",17.9812233543165,0.00996006937858341,0.229657129474058,0.0433693018866566,0.965407148213041,0.984686366110407,"ENSG00000236095","NS","grey80"
"SNHG3",510.578763157316,0.00246755440589515,0.0598305766650436,0.0412423637450386,0.967102681001292,0.984686366110407,"SNHG3","NS","grey80"
"ENSG00000250043",15.7924600864389,0.0116836732620915,0.253904321585872,0.0460160472618815,0.96329745959255,0.984686366110407,"ENSG00000250043","NS","grey80"
"ENSG00000259523",10.1293800312344,0.0129608130134476,0.310098780925212,0.0417957560967434,0.966661518202691,0.984686366110407,"ENSG00000259523","NS","grey80"
"ENSG00000260077",14.3783999370666,-0.0113613393393885,0.256525395108416,-0.0442893356994415,0.964673772213663,0.984686366110407,"ENSG00000260077","NS","grey80"
"ENSG00000261478",44.8359904052849,0.00672408817629393,0.154557936468995,0.0435052921248261,0.965298746016489,0.984686366110407,"ENSG00000261478","NS","grey80"
"ENSG00000272800",25.0759230639817,-0.00983811858372306,0.205015999341966,-0.0479870771808064,0.961726541658249,0.984686366110407,"ENSG00000272800","NS","grey80"
"ENSG00000251023",48.1737822216493,-0.00573310781801389,0.142423596634403,-0.0402539182655991,0.967890691873881,0.984772506267031,"ENSG00000251023","NS","grey80"
"ENSG00000250899",23.4159704148135,0.00765319056003854,0.200628363735566,0.0381461046560977,0.969571191840468,0.984894237136545,"ENSG00000250899","NS","grey80"
"ENSG00000272173",15.1378898085846,0.00989468340906937,0.261846902755707,0.037788048302029,0.969856673640734,0.984894237136545,"ENSG00000272173","NS","grey80"
"ENSG00000285688",10.160529141875,0.0113616704905669,0.303327709097093,0.0374567510643418,0.970120823579497,0.984894237136545,"ENSG00000285688","NS","grey80"
"LINC01068",10.3997948876511,-0.00903118628558223,0.29998151750094,-0.0301058090538992,0.975982667877352,0.988449178819088,"LINC01068","NS","grey80"
"ENSG00000259453",16.2411121054952,0.00737620828383618,0.249836678115273,0.02952412087561,0.976446581647714,0.988449178819088,"ENSG00000259453","NS","grey80"
"LINC02256",15.716964913252,0.00772320741441581,0.241687904013686,0.0319552914571119,0.974507704920703,0.988449178819088,"LINC02256","NS","grey80"
"ENSG00000277476",160.851847428733,-0.00267279276343884,0.0869500761712247,-0.0307393953074348,0.975477373084219,0.988449178819088,"ENSG00000277476","NS","grey80"
"ENSG00000270012",56.7134892069285,0.00371076225434059,0.131724097658112,0.0281707168264066,0.977525992538693,0.988826871065152,"ENSG00000270012","NS","grey80"
"ENSG00000254330",23.6449046822137,0.00537401117986025,0.197385310907147,0.0272259934397461,0.978279483620928,0.988874568281083,"ENSG00000254330","NS","grey80"
"LINC00324",22.7841422237145,0.00502615108301886,0.212241856050355,0.0236812435423971,0.981106867295628,0.988876612105025,"LINC00324","NS","grey80"
"ENSG00000229587",16.0815660739595,-0.00671329456884588,0.262770863712834,-0.0255480933996641,0.979617788004781,0.988876612105025,"ENSG00000229587","NS","grey80"
"ENSG00000259985",34.2526777428094,0.00397059268044963,0.163045382104852,0.0243526840759966,0.980571289757165,0.988876612105025,"ENSG00000259985","NS","grey80"
"ENSG00000270048",22.7191781153766,0.0051914899420852,0.20530171327813,0.0252871242971659,0.979825943970974,0.988876612105025,"ENSG00000270048","NS","grey80"
"ENSG00000261229",15.9691387389304,-0.00490313263128345,0.242451123901206,-0.0202231796346771,0.983865336990975,0.990943504882996,"ENSG00000261229","NS","grey80"
"ENSG00000230922",34.0217549356067,0.00318271748042176,0.171065979953899,0.0186052041515179,0.985156051242962,0.991530173788747,"ENSG00000230922","NS","grey80"
"LINC01198",12.95985219681,0.00821256644353038,0.467609036205151,0.0175628908076262,0.985987560953358,0.991654156131251,"LINC01198","NS","grey80"
"ENSG00000272121",13.0743118367288,-0.00388984580518255,0.265596588239218,-0.0146456919155868,0.988314846276795,0.993187777478625,"ENSG00000272121","NS","grey80"
"ENSG00000275850",10.3799199327519,0.00430788068993864,0.310521410211019,0.0138730552814737,0.988931258432288,0.993187777478625,"ENSG00000275850","NS","grey80"
"ENSG00000272438",11.6666172183953,0.00347062476874998,0.276347854335196,0.012558898917812,0.989979711863384,0.993528026242823,"ENSG00000272438","NS","grey80"
"ENSG00000259287",21.1206076900166,0.00239541266479143,0.213882121670014,0.0111996862855474,0.991064130036106,0.993903855337069,"ENSG00000259287","NS","grey80"
"ENSG00000258561",11.4683173095823,0.00123056269931891,0.289574042319749,0.00424956149197971,0.996609350700531,0.997512644713037,"ENSG00000258561","NS","grey80"
"ENSG00000261837",17.7759688985088,0.00117933537045065,0.233571835872875,0.00504913345414009,0.995971391488904,0.997512644713037,"ENSG00000261837","NS","grey80"
"LINC00235",30.751011749091,-0.000709888225375595,0.177009797964929,-0.00401044593879626,0.996800135681099,0.997512644713037,"LINC00235","NS","grey80"
"ENSG00000274964",197.535768483862,-0.000144639886099901,0.0746515290827811,-0.0019375341386445,0.998454072391992,0.998454072391992,"ENSG00000274964","NS","grey80"
