"X","baseMean","log2FoldChange","lfcSE","stat","pvalue","padj","miR_name","expression","significant"
"hsa-miR-4521",2904.71616208177,-0.48705852754146,0.104989909690665,-4.6390984521893,3.49932333452892e-06,0.00285894716431013,"hsa-miR-4521","P.adj < 0.05","blue"
"hsa-miR-335-3p",554.016727985798,-0.723570432264838,0.170337375608392,-4.24786650422709,2.15815923345181e-05,0.00881608046865064,"hsa-miR-335-3p","P.adj < 0.05","blue"
"hsa-miR-4485-3p",2471.63975744793,-2.17682474848107,0.59068177830838,-3.68527492876986,0.000228455895004104,0.0622161554061178,"hsa-miR-4485-3p","|log2FC| > 1","darkgreen"
"hsa-miR-124-5p",197.069612920922,0.89605908574525,0.253795982467259,3.53062754198974,0.000414575085106307,0.0846769611329633,"hsa-miR-124-5p","NS","grey80"
"hsa-miR-1179",72.0975987211,-1.04368249013512,0.3289336145597,-3.17292743562301,0.00150910237405673,0.205489439934058,"hsa-miR-1179","|log2FC| > 1","darkgreen"
"hsa-miR-12136",1134.98516011525,-1.48410572111343,0.46736313035734,-3.17548737740331,0.00149585029313441,0.205489439934058,"hsa-miR-12136","|log2FC| > 1","darkgreen"
"hsa-let-7a-3p",2849.28573299042,0.21003377201914,0.0673717921453118,3.11753280313704,0.00182371650231552,0.212853768913111,"hsa-let-7a-3p","NS","grey80"
"hsa-miR-191-3p",673.12547158317,0.397253245229264,0.132572322198617,2.99650212533886,0.00273096334325269,0.278899631429681,"hsa-miR-191-3p","NS","grey80"
"hsa-miR-4488",10.3976536484418,-3.64259844032321,1.30534569108643,-2.79052397016111,0.0052622803537664,0.474722989597977,"hsa-miR-4488","|log2FC| > 1","darkgreen"
"hsa-miR-548ai",7.35410256947112,-4.74644934789479,1.74054920402784,-2.72698372267267,0.00639161919899357,0.474722989597977,"hsa-miR-548ai","|log2FC| > 1","darkgreen"
"hsa-miR-570-5p",7.35410256947112,-4.74644934789479,1.74054920402784,-2.72698372267267,0.00639161919899357,0.474722989597977,"hsa-miR-570-5p","|log2FC| > 1","darkgreen"
"hsa-let-7c-3p",342.234894463636,0.559633850977794,0.215233687012618,2.60012202896931,0.00931906154180747,0.543833805689765,"hsa-let-7c-3p","NS","grey80"
"hsa-miR-30b-5p",14048.699427986,0.158807482037427,0.0604724718394333,2.62611196808844,0.0086366402233226,0.543833805689765,"hsa-miR-30b-5p","NS","grey80"
"hsa-miR-501-3p",5545.58208277182,-0.189542297190465,0.0722695762480633,-2.62271217060781,0.00872329336497244,0.543833805689765,"hsa-miR-501-3p","NS","grey80"
"hsa-miR-550a-5p",232.387988623686,-0.427700638242289,0.171223760575158,-2.49790471138818,0.0124929770141358,0.680450814703262,"hsa-miR-550a-5p","NS","grey80"
"hsa-miR-126-5p",2212.97703347095,0.245426581358803,0.106899429083535,2.29586428536506,0.0216836423733514,0.761240948913525,"hsa-miR-126-5p","NS","grey80"
"hsa-miR-140-5p",735.843852608882,-0.300176061093554,0.131113058264658,-2.28944443113846,0.0220535430927101,0.761240948913525,"hsa-miR-140-5p","NS","grey80"
"hsa-miR-185-3p",87.0214615098999,0.743390551819051,0.310793229302209,2.39191359955977,0.0167607874710258,0.761240948913525,"hsa-miR-185-3p","NS","grey80"
"hsa-miR-26b-5p",63021.4492892409,-0.21560873875862,0.0923562600712981,-2.33453302019995,0.0195678291378856,0.761240948913525,"hsa-miR-26b-5p","NS","grey80"
"hsa-miR-3916",14.9288489980154,-1.79935878074719,0.79846111545253,-2.2535333855643,0.0242255381539188,0.761240948913525,"hsa-miR-3916","|log2FC| > 1","darkgreen"
"hsa-miR-6500-3p",240.279770899666,-0.400993899452939,0.173846931258489,-2.3065917617879,0.0210775892434379,0.761240948913525,"hsa-miR-6500-3p","NS","grey80"
"hsa-miR-652-3p",2410.46571197741,-0.165835868278063,0.070927705335211,-2.33809718634357,0.0193822071502918,0.761240948913525,"hsa-miR-652-3p","NS","grey80"
"hsa-miR-663a",8.90374472889796,-3.39234585441127,1.48185945071359,-2.28924939728777,0.0220648659918077,0.761240948913525,"hsa-miR-663a","|log2FC| > 1","darkgreen"
"hsa-miR-744-5p",2781.63117534881,-0.167002888890975,0.0736053391118461,-2.26889639944743,0.0232746267431247,0.761240948913525,"hsa-miR-744-5p","NS","grey80"
"hsa-miR-874-3p",497.543252675809,-0.34041291775448,0.150289792192282,-2.26504350554263,0.0235100098981455,0.761240948913525,"hsa-miR-874-3p","NS","grey80"
"hsa-miR-103a-3p",286189.32885365,-0.184538210277808,0.0782799356159305,-2.35741392511126,0.0184027210841258,0.761240948913525,"hsa-miR-103a-3p","NS","grey80"
"hsa-miR-199b-5p",36524.3457959273,0.148434017446886,0.0674168126310758,2.20173591206633,0.0276839684194188,0.779924213747075,"hsa-miR-199b-5p","NS","grey80"
"hsa-miR-30e-3p",2717.59757583858,-0.191166445842958,0.0866430629895055,-2.20636758728293,0.0273582725801244,0.779924213747075,"hsa-miR-30e-3p","NS","grey80"
"hsa-miR-331-5p",519.971176618075,-0.321801311384244,0.145311179277824,-2.21456678683326,0.0267898138290686,0.779924213747075,"hsa-miR-331-5p","NS","grey80"
"hsa-miR-1973",57.3404455749815,-2.03774542742515,0.932876325455206,-2.18436825099062,0.0289351992434912,0.78800192606441,"hsa-miR-1973","|log2FC| > 1","darkgreen"
"hsa-miR-107",13412.1149506121,-0.238124189034204,0.110885804169147,-2.14747226498862,0.0317557029146061,0.810762790038537,"hsa-miR-107","NS","grey80"
"hsa-miR-660-3p",50.1211949080064,1.0946812270761,0.507595745441304,2.15660047765843,0.0310368072951474,0.810762790038537,"hsa-miR-660-3p","|log2FC| > 1","darkgreen"
"hsa-miR-135a-5p",736.431364224685,-0.300280993330154,0.143438869535392,-2.09344227476683,0.036309691984958,0.89893995005184,"hsa-miR-135a-5p","NS","grey80"
"hsa-miR-1269a",4624.4191606714,-0.182797234946083,0.09109439199718,-2.0066793458783,0.0447838166156584,0.903377390711132,"hsa-miR-1269a","NS","grey80"
"hsa-miR-130b-3p",4093.17397869894,-0.180696157030658,0.0886440800145311,-2.03844584997709,0.0415053649281491,0.903377390711132,"hsa-miR-130b-3p","NS","grey80"
"hsa-miR-1912-3p",8.49005229936738,1.93210602004882,0.970240607223101,1.99136792014782,0.0464404533780508,0.903377390711132,"hsa-miR-1912-3p","|log2FC| > 1","darkgreen"
"hsa-miR-26b-3p",218.110784554065,0.330519869512472,0.161972028874585,2.04059844041587,0.0412907573337657,0.903377390711132,"hsa-miR-26b-3p","NS","grey80"
"hsa-miR-409-3p",3746.59928211953,-0.153528763043644,0.0764438965929849,-2.00838484020624,0.0446024125884015,0.903377390711132,"hsa-miR-409-3p","NS","grey80"
"hsa-miR-4485-5p",25.38523828505,-1.58028186507531,0.787763577007265,-2.00603570817383,0.0448524383583636,0.903377390711132,"hsa-miR-4485-5p","|log2FC| > 1","darkgreen"
"hsa-miR-4690-5p",5.43186049264555,-3.3166151847162,1.60778869064773,-2.06284271310556,0.0391275743908756,0.903377390711132,"hsa-miR-4690-5p","|log2FC| > 1","darkgreen"
"hsa-miR-3199",10.8413027433108,2.09262535283715,1.04729733441507,1.99811962092494,0.0457036930280556,0.903377390711132,"hsa-miR-3199","|log2FC| > 1","darkgreen"
"hsa-miR-6724-5p",32.5102604665421,-1.3252429830731,0.637432461541918,-2.07903278077085,0.0376143375851353,0.903377390711132,"hsa-miR-6724-5p","|log2FC| > 1","darkgreen"
"hsa-miR-4804-3p",7.57584970373688,2.48047429400834,1.26863110718421,1.95523685329921,0.0505551205951802,0.960547291308424,"hsa-miR-4804-3p","|log2FC| > 1","darkgreen"
"hsa-miR-2355-5p",137.477711394528,0.48266363918146,0.24931114702819,1.93598900384059,0.0528690477488992,0.977764225045613,"hsa-miR-2355-5p","NS","grey80"
"hsa-miR-324-5p",1518.40260338637,-0.27467780068372,0.142467558640822,-1.92800244002367,0.053854822676931,0.977764225045613,"hsa-miR-324-5p","NS","grey80"
"hsa-let-7b-5p",21749.5814784432,-0.0321509401780043,0.0822544379035699,-0.390871799716097,0.695891999609467,0.995144635579342,"hsa-let-7b-5p","NS","grey80"
"hsa-let-7b-3p",180.441932693766,0.174109902645436,0.220813807010576,0.788491919969013,0.430409022982864,0.995144635579342,"hsa-let-7b-3p","NS","grey80"
"hsa-let-7c-5p",23235.4422721592,-0.0711747458062296,0.0909138241796667,-0.782881442381875,0.433696736068232,0.995144635579342,"hsa-let-7c-5p","NS","grey80"
"hsa-let-7d-5p",9453.56404164852,-0.132793020004883,0.102240339144502,-1.29883195924456,0.194001604175314,0.995144635579342,"hsa-let-7d-5p","NS","grey80"
"hsa-let-7d-3p",1409.7521117502,0.0463386487856098,0.128963153787639,0.359316963215049,0.719357985724777,0.995144635579342,"hsa-let-7d-3p","NS","grey80"
"hsa-let-7e-5p",24061.6238990528,-0.128698607052803,0.0936232655954859,-1.374643431141,0.169242016897155,0.995144635579342,"hsa-let-7e-5p","NS","grey80"
"hsa-let-7e-3p",353.893395127108,0.295034569580378,0.159890427124372,1.84522972942515,0.0650041275706384,0.995144635579342,"hsa-let-7e-3p","NS","grey80"
"hsa-let-7g-5p",198089.448227526,-0.0906849938776289,0.0669767766721275,-1.35397668241875,0.175743816996315,0.995144635579342,"hsa-let-7g-5p","NS","grey80"
"hsa-let-7g-3p",22.3299847863349,-0.131753098485787,0.645951361252434,-0.203967521997835,0.838378879049833,0.995144635579342,"hsa-let-7g-3p","NS","grey80"
"hsa-let-7i-5p",58020.8735058684,-0.0974629264872452,0.0847319538900888,-1.15024995899033,0.250040934827165,0.995144635579342,"hsa-let-7i-5p","NS","grey80"
"hsa-let-7i-3p",240.335057364657,0.153781516614199,0.19296735897955,0.796930203260418,0.42549156848731,0.995144635579342,"hsa-let-7i-3p","NS","grey80"
"hsa-miR-100-5p",13032.3850509056,-0.0231793616765794,0.102837559396084,-0.225397819752829,0.821669807595496,0.995144635579342,"hsa-miR-100-5p","NS","grey80"
"hsa-miR-100-3p",5.19477063650811,0.418781862051311,1.81557728460313,0.230660443707223,0.817578606211081,0.995144635579342,"hsa-miR-100-3p","NS","grey80"
"hsa-miR-101-5p",20.0916705831652,-0.186967977512749,0.615984022399115,-0.303527316803693,0.761488032958572,0.995144635579342,"hsa-miR-101-5p","NS","grey80"
"hsa-miR-10395-3p",27.8723761143431,0.240483009021724,0.671191394932747,0.358292747549036,0.72012424496172,0.995144635579342,"hsa-miR-10395-3p","NS","grey80"
"hsa-miR-10399-5p",47.4296377822372,-0.771192456783706,0.436047510514821,-1.76859731608878,0.0769610989828753,0.995144635579342,"hsa-miR-10399-5p","NS","grey80"
"hsa-miR-10399-3p",9.21261084058014,-0.227444922624691,0.884716791332366,-0.257082181386162,0.797115332574904,0.995144635579342,"hsa-miR-10399-3p","NS","grey80"
"hsa-miR-103a-2-5p",4.92923493745544,-0.546650253929924,1.45937002762882,-0.374579608722073,0.707973140566936,0.995144635579342,"hsa-miR-103a-2-5p","NS","grey80"
"hsa-miR-10401-3p",197.148103722167,0.149330223467338,0.205952056059736,0.725072749086925,0.468407401324608,0.995144635579342,"hsa-miR-10401-3p","NS","grey80"
"hsa-miR-10527-5p",65.4149609063501,-0.251238788737493,0.438780643345224,-0.572584029281855,0.566926375806353,0.995144635579342,"hsa-miR-10527-5p","NS","grey80"
"hsa-miR-106a-5p",1002.14208897895,-0.0901554318698192,0.139436069089944,-0.646571812144705,0.517909106162968,0.995144635579342,"hsa-miR-106a-5p","NS","grey80"
"hsa-miR-106a-3p",230.934970395123,0.124969708588696,0.223986198800836,0.557934860530474,0.576888865763817,0.995144635579342,"hsa-miR-106a-3p","NS","grey80"
"hsa-miR-106b-5p",65719.6706552625,-0.0975557108451979,0.0796500377472436,-1.22480432658143,0.2206489544326,0.995144635579342,"hsa-miR-106b-5p","NS","grey80"
"hsa-miR-106b-3p",9790.39722762242,0.0156098318913723,0.0728606631428494,0.214242242906407,0.830358155685626,0.995144635579342,"hsa-miR-106b-3p","NS","grey80"
"hsa-miR-10a-5p",138.082879675117,0.103664456872081,0.207948457352502,0.498510343341259,0.618124380707503,0.995144635579342,"hsa-miR-10a-5p","NS","grey80"
"hsa-miR-10b-5p",236449.439054372,0.0717906059971688,0.0937682714734202,0.765617248447614,0.443904078326458,0.995144635579342,"hsa-miR-10b-5p","NS","grey80"
"hsa-miR-10b-3p",1120.5440073665,-0.130444961219743,0.13185719299268,-0.989289687267834,0.322521428249477,0.995144635579342,"hsa-miR-10b-3p","NS","grey80"
"hsa-miR-1180-5p",68.9324892282365,0.275906761851954,0.448072412180815,0.615763779138035,0.538050436296184,0.995144635579342,"hsa-miR-1180-5p","NS","grey80"
"hsa-miR-1180-3p",3702.30412343754,-0.0211603601592673,0.0943614247428067,-0.224247993467059,0.822564340850521,0.995144635579342,"hsa-miR-1180-3p","NS","grey80"
"hsa-miR-1185-1-3p",138.72531618163,-0.274986862108016,0.273487524463772,-1.0054822889899,0.314664673498016,0.995144635579342,"hsa-miR-1185-1-3p","NS","grey80"
"hsa-miR-1185-2-3p",55.5101431292698,-0.208643018918444,0.432412047759212,-0.482509726543574,0.629443890538059,0.995144635579342,"hsa-miR-1185-2-3p","NS","grey80"
"hsa-miR-1197",30.8024673901176,0.294755122258526,0.588535206806616,0.500828359713368,0.616491924825713,0.995144635579342,"hsa-miR-1197","NS","grey80"
"hsa-miR-1224-5p",7.44860848941907,-0.630921611082402,1.18934453631257,-0.530478420524388,0.595780266946943,0.995144635579342,"hsa-miR-1224-5p","NS","grey80"
"hsa-miR-1226-5p",7.14719491208715,0.287721721393199,1.08269980343565,0.26574468793676,0.790435844405918,0.995144635579342,"hsa-miR-1226-5p","NS","grey80"
"hsa-miR-1226-3p",212.076295401642,-0.0744370678373577,0.205461045798486,-0.362292849956409,0.717133200695278,0.995144635579342,"hsa-miR-1226-3p","NS","grey80"
"hsa-miR-1227-3p",6.7732082869982,0.180047099259662,1.33452292702253,0.134914953961389,0.892679116100936,0.995144635579342,"hsa-miR-1227-3p","NS","grey80"
"hsa-miR-1228-3p",66.2668223198418,0.30523874309561,0.342235643653518,0.891896413351485,0.372448457279466,0.995144635579342,"hsa-miR-1228-3p","NS","grey80"
"hsa-miR-1229-3p",44.1654187614437,0.392864751367033,0.360646694589387,1.08933412467381,0.276006569616462,0.995144635579342,"hsa-miR-1229-3p","NS","grey80"
"hsa-miR-1234-3p",26.7899786818338,-0.165669547196686,0.65607862631085,-0.252514775749137,0.800643194680382,0.995144635579342,"hsa-miR-1234-3p","NS","grey80"
"hsa-miR-1243",34.102995873306,-0.264088644246483,0.567762827211236,-0.465139018599802,0.641831905446657,0.995144635579342,"hsa-miR-1243","NS","grey80"
"hsa-miR-1245b-3p",3.62072734455887,-0.463265970167086,1.91406813325963,-0.242032121070921,0.808755274004316,0.995144635579342,"hsa-miR-1245b-3p","NS","grey80"
"hsa-miR-1246",65.302306353054,-0.248211681965395,0.501550528023296,-0.494888686377509,0.620678697218629,0.995144635579342,"hsa-miR-1246","NS","grey80"
"hsa-miR-1247-5p",143.205764859081,0.31028985854815,0.228776034797489,1.35630403255663,0.175002452975105,0.995144635579342,"hsa-miR-1247-5p","NS","grey80"
"hsa-miR-1248",25.1292862104948,-0.733959556858153,0.559555182604672,-1.31168395839289,0.189626791526507,0.995144635579342,"hsa-miR-1248","NS","grey80"
"hsa-miR-1249-3p",353.630349726504,-0.213469049614106,0.148537427465656,-1.4371398054774,0.150678272717926,0.995144635579342,"hsa-miR-1249-3p","NS","grey80"
"hsa-miR-1250-5p",547.79090296484,0.0533783493277337,0.130992428391082,0.407491867914465,0.683646765652866,0.995144635579342,"hsa-miR-1250-5p","NS","grey80"
"hsa-miR-1252-5p",95.3568888694287,-0.280437237421951,0.33317931786832,-0.841700617001642,0.399955552810529,0.995144635579342,"hsa-miR-1252-5p","NS","grey80"
"hsa-miR-1252-3p",8.34612796963188,0.970179258466302,1.19744104607048,0.810210458084798,0.417819227838064,0.995144635579342,"hsa-miR-1252-3p","NS","grey80"
"hsa-miR-1255a",44.828406239146,0.780752595840267,0.423226264128274,1.84476404707159,0.0650718695229225,0.995144635579342,"hsa-miR-1255a","NS","grey80"
"hsa-miR-1256",8.64408204285681,0.256225014811282,1.55251640339901,0.165038523425785,0.868913660481682,0.995144635579342,"hsa-miR-1256","NS","grey80"
"hsa-miR-125a-5p",193238.375858307,-0.0123538331843585,0.0646082361531655,-0.191211429376767,0.848359949477063,0.995144635579342,"hsa-miR-125a-5p","NS","grey80"
"hsa-miR-125a-3p",612.551382051556,0.0104920378602944,0.152151708877291,0.0689577392045994,0.945023258612931,0.995144635579342,"hsa-miR-125a-3p","NS","grey80"
"hsa-miR-125b-1-3p",121.670594390698,-0.143077829522801,0.284274468885844,-0.503308756792567,0.614747210735688,0.995144635579342,"hsa-miR-125b-1-3p","NS","grey80"
"hsa-miR-125b-2-3p",3069.80025549993,0.0787132833926486,0.0742975773195938,1.0594327060499,0.289402761219296,0.995144635579342,"hsa-miR-125b-2-3p","NS","grey80"
"hsa-miR-126-3p",10911.4371530149,0.0280494855493329,0.0521075509368276,0.538299824978122,0.590370072170955,0.995144635579342,"hsa-miR-126-3p","NS","grey80"
"hsa-miR-1260a",14.7879803459512,-0.530838044071683,0.57689248405627,-0.920168070728244,0.357484936861239,0.995144635579342,"hsa-miR-1260a","NS","grey80"
"hsa-miR-1260b",1338.67424583734,0.202361457031412,0.127096270828652,1.59219035863161,0.111341938913253,0.995144635579342,"hsa-miR-1260b","NS","grey80"
"hsa-miR-1262",24.2808059370621,0.0651440811973514,0.782108796230344,0.0832928634882216,0.933618674689052,0.995144635579342,"hsa-miR-1262","NS","grey80"
"hsa-miR-1267",70.8118068423365,-0.284652811542166,0.407710890868269,-0.698173185749255,0.485068893441339,0.995144635579342,"hsa-miR-1267","NS","grey80"
"hsa-miR-1268a",236.927197306777,0.0114231758307153,0.199636556556591,0.0572198600684495,0.954370058030684,0.995144635579342,"hsa-miR-1268a","NS","grey80"
"hsa-miR-1268b",285.212386466709,-0.0686143645172508,0.180112904807928,-0.380951962272892,0.703238894075393,0.995144635579342,"hsa-miR-1268b","NS","grey80"
"hsa-miR-1269b",5109.4122167791,-0.0920973664364787,0.0800141322163497,-1.15101375076414,0.249726578536228,0.995144635579342,"hsa-miR-1269b","NS","grey80"
"hsa-miR-1270",254.513350745679,-0.0155116196798529,0.152562199352574,-0.101674069629825,0.919015384898324,0.995144635579342,"hsa-miR-1270","NS","grey80"
"hsa-miR-1271-5p",573.263780235122,-0.0532538123096917,0.198951170918777,-0.267672776509734,0.788951206563983,0.995144635579342,"hsa-miR-1271-5p","NS","grey80"
"hsa-miR-1273c",40.9613018148201,0.491348363109053,0.551831852006136,0.890395074736624,0.373253786093368,0.995144635579342,"hsa-miR-1273c","NS","grey80"
"hsa-miR-1275",34.3009460627793,-0.409955734773563,0.602718259531508,-0.680178057144347,0.496391724474739,0.995144635579342,"hsa-miR-1275","NS","grey80"
"hsa-miR-1276",195.42963221749,0.235944810868404,0.182265566202768,1.29451116732558,0.195488914453,0.995144635579342,"hsa-miR-1276","NS","grey80"
"hsa-miR-1277-5p",40.2048380745112,-0.205307800265166,0.431965027198833,-0.475288014857422,0.634581700488337,0.995144635579342,"hsa-miR-1277-5p","NS","grey80"
"hsa-miR-1277-3p",118.036476005724,0.0916140262685956,0.299471809967873,0.305918698252179,0.759666548898532,0.995144635579342,"hsa-miR-1277-3p","NS","grey80"
"hsa-miR-1278",24.6243507025088,-0.154327284341781,0.73019114381661,-0.211351898264793,0.832612688483642,0.995144635579342,"hsa-miR-1278","NS","grey80"
"hsa-miR-128-1-5p",97.8977881921904,0.372320906539507,0.282748200589813,1.31679319536905,0.187907954365184,0.995144635579342,"hsa-miR-128-1-5p","NS","grey80"
"hsa-miR-1284",52.2657596490958,-0.677996174412149,0.428167688559907,-1.58348280948642,0.113311461775739,0.995144635579342,"hsa-miR-1284","NS","grey80"
"hsa-miR-1285-5p",24.6825976338346,0.503396287537235,0.559674801615266,0.899444259567152,0.368416073316299,0.995144635579342,"hsa-miR-1285-5p","NS","grey80"
"hsa-miR-1287-5p",32.138575149888,-0.549395757163377,0.771588089300399,-0.712032449414189,0.476444682297984,0.995144635579342,"hsa-miR-1287-5p","NS","grey80"
"hsa-miR-1288-3p",8.41472817700452,-1.75266111067033,1.13411483511292,-1.54540003922603,0.122249530840303,0.995144635579342,"hsa-miR-1288-3p","|log2FC| > 1","darkgreen"
"hsa-miR-129-1-3p",135.333818186341,0.00344778179603004,0.246382548300248,0.0139936120468585,0.988835077387186,0.995144635579342,"hsa-miR-129-1-3p","NS","grey80"
"hsa-miR-129-2-3p",268.220177966398,0.319856273274765,0.216863424845549,1.47492032601887,0.140233964984318,0.995144635579342,"hsa-miR-129-2-3p","NS","grey80"
"hsa-miR-1291",22.5446070913745,0.734433207661803,0.717407706142746,1.02373197468229,0.305961888430262,0.995144635579342,"hsa-miR-1291","NS","grey80"
"hsa-miR-1292-5p",164.316294913146,-0.279172337398605,0.224830997240597,-1.24169861284677,0.21434778196406,0.995144635579342,"hsa-miR-1292-5p","NS","grey80"
"hsa-miR-1292-3p",8.71934205944441,0.50035426772255,1.38129409425306,0.362235869829819,0.717175776812384,0.995144635579342,"hsa-miR-1292-3p","NS","grey80"
"hsa-miR-1294",14.2340930508708,-0.697388983373074,1.98290015175934,-0.351701512935138,0.72506212581254,0.995144635579342,"hsa-miR-1294","NS","grey80"
"hsa-miR-1296-5p",538.175171306158,0.237123197838109,0.190515523306825,1.24463977382159,0.213264193250885,0.995144635579342,"hsa-miR-1296-5p","NS","grey80"
"hsa-miR-1298-5p",149.420012769471,-0.0944638201174759,0.267895962827177,-0.352613824861615,0.724377971796902,0.995144635579342,"hsa-miR-1298-5p","NS","grey80"
"hsa-miR-1298-3p",7.98684681740245,-0.0950964084513563,1.65795891726088,-0.0573575180068185,0.954260402978404,0.995144635579342,"hsa-miR-1298-3p","NS","grey80"
"hsa-miR-1301-3p",7790.73259837295,-0.0792526148479113,0.0564536490721262,-1.40385282706273,0.160362679294265,0.995144635579342,"hsa-miR-1301-3p","NS","grey80"
"hsa-miR-1303",289.535424674004,0.1508971063554,0.173955102882263,0.867448576415323,0.385696275926347,0.995144635579342,"hsa-miR-1303","NS","grey80"
"hsa-miR-1304-5p",21.0463483600731,0.710698115107582,0.591151089326703,1.20222753191073,0.229275385097467,0.995144635579342,"hsa-miR-1304-5p","NS","grey80"
"hsa-miR-1305",14.4439992771641,0.241613165830498,0.648534097810135,0.372552756510935,0.709481340146985,0.995144635579342,"hsa-miR-1305","NS","grey80"
"hsa-miR-1306-5p",404.451554101619,-0.013864167732651,0.132591160944265,-0.104563287883714,0.916722346986567,0.995144635579342,"hsa-miR-1306-5p","NS","grey80"
"hsa-miR-1306-3p",92.7260354097946,-0.00506528958519381,0.355157711810585,-0.0142620853123844,0.988620888091019,0.995144635579342,"hsa-miR-1306-3p","NS","grey80"
"hsa-miR-1307-5p",731.622308738864,0.061559587822953,0.133822983824657,0.460007586616153,0.645510774984439,0.995144635579342,"hsa-miR-1307-5p","NS","grey80"
"hsa-miR-1307-3p",4226.66386960221,-0.049800186196544,0.0838032859132276,-0.594250996889413,0.55234424855294,0.995144635579342,"hsa-miR-1307-3p","NS","grey80"
"hsa-miR-130a-5p",29.5500986382567,-0.172281873150404,0.740330520458733,-0.232709402610679,0.815987067418677,0.995144635579342,"hsa-miR-130a-5p","NS","grey80"
"hsa-miR-130a-3p",1730.04691874587,0.0228242358747328,0.11705876867701,0.19498100084847,0.845407821288126,0.995144635579342,"hsa-miR-130a-3p","NS","grey80"
"hsa-miR-130b-5p",23054.2214316616,0.0541609355102722,0.0635607169477792,0.852113350999017,0.394151182531638,0.995144635579342,"hsa-miR-130b-5p","NS","grey80"
"hsa-miR-132-5p",1063.53729592225,-0.0644069280696,0.0995164590626597,-0.64719875160597,0.517503319185103,0.995144635579342,"hsa-miR-132-5p","NS","grey80"
"hsa-miR-132-3p",950.427198791855,-0.0776258401093373,0.138438879489495,-0.560722828699488,0.574986502146221,0.995144635579342,"hsa-miR-132-3p","NS","grey80"
"hsa-miR-1322",17.5102877188805,-0.398689419829061,1.01241466383842,-0.393800518769147,0.693728321378306,0.995144635579342,"hsa-miR-1322","NS","grey80"
"hsa-miR-134-5p",228.201785876605,-0.167802547709385,0.231485178878159,-0.72489542752846,0.46851618621845,0.995144635579342,"hsa-miR-134-5p","NS","grey80"
"hsa-miR-134-3p",5.97075922466455,0.740532307455457,1.53849980625931,0.481334027110462,0.630279116889059,0.995144635579342,"hsa-miR-134-3p","NS","grey80"
"hsa-miR-1343-3p",76.466164110559,0.323697379769763,0.359128468419059,0.901341464782034,0.367406793695557,0.995144635579342,"hsa-miR-1343-3p","NS","grey80"
"hsa-miR-135a-3p",93.196146150047,-0.0211819848529474,0.418898243762942,-0.0505659433247336,0.959671401381261,0.995144635579342,"hsa-miR-135a-3p","NS","grey80"
"hsa-miR-135b-5p",65.309218543907,0.0436413710434915,0.502561518034706,0.0868378685541892,0.930800386548415,0.995144635579342,"hsa-miR-135b-5p","NS","grey80"
"hsa-miR-137-5p",181.745070146493,0.0248426526033978,0.231197187788707,0.107452226564718,0.914430223493409,0.995144635579342,"hsa-miR-137-5p","NS","grey80"
"hsa-miR-137-3p",2516.16035038514,0.0975148085097434,0.0762306732826773,1.27920696893415,0.200824182433073,0.995144635579342,"hsa-miR-137-3p","NS","grey80"
"hsa-miR-138-1-3p",117.524080469492,-0.098356686472909,0.318053445053096,-0.309245782439141,0.757134570144265,0.995144635579342,"hsa-miR-138-1-3p","NS","grey80"
"hsa-miR-139-5p",1475.7862531214,0.0228136146524934,0.0953253510572492,0.239323688813821,0.810854598022958,0.995144635579342,"hsa-miR-139-5p","NS","grey80"
"hsa-miR-139-3p",56.0040631976746,-0.287054369818979,0.381913504880233,-0.751621417286614,0.452278759830716,0.995144635579342,"hsa-miR-139-3p","NS","grey80"
"hsa-miR-140-3p",16469.9061895673,0.0611409554068666,0.0795798975514132,0.768296483007735,0.442311063641868,0.995144635579342,"hsa-miR-140-3p","NS","grey80"
"hsa-miR-143-5p",11.2948661601075,-0.0348518011711203,1.10103308330897,-0.0316537274850808,0.974748196494567,0.995144635579342,"hsa-miR-143-5p","NS","grey80"
"hsa-miR-143-3p",37031.2965263217,-0.0693170170373384,0.0916391425942803,-0.756412762876121,0.449401758241535,0.995144635579342,"hsa-miR-143-3p","NS","grey80"
"hsa-miR-144-5p",14.0704592562776,-0.276393044198076,1.05474293001237,-0.262047780870013,0.793284605079827,0.995144635579342,"hsa-miR-144-5p","NS","grey80"
"hsa-miR-145-5p",503.15192473944,0.052421706364435,0.15354987188979,0.34139856790021,0.732803553067204,0.995144635579342,"hsa-miR-145-5p","NS","grey80"
"hsa-miR-145-3p",439.990524513566,0.18775142704636,0.155355921398643,1.20852443444747,0.226845602914015,0.995144635579342,"hsa-miR-145-3p","NS","grey80"
"hsa-miR-1468-5p",84.5620741010161,-0.181557946391071,0.296433628594117,-0.612474189423575,0.540224069713599,0.995144635579342,"hsa-miR-1468-5p","NS","grey80"
"hsa-miR-146a-5p",76.4245383290468,-0.235035986672531,0.393978482108913,-0.596570618309954,0.550794092695133,0.995144635579342,"hsa-miR-146a-5p","NS","grey80"
"hsa-miR-146b-5p",5591.69278596811,-0.0150886789370719,0.0836276407759317,-0.180426935365783,0.856817409942073,0.995144635579342,"hsa-miR-146b-5p","NS","grey80"
"hsa-miR-146b-3p",68.6318110526458,-0.338599132358165,0.513387291763642,-0.659539372692639,0.509549471529548,0.995144635579342,"hsa-miR-146b-3p","NS","grey80"
"hsa-miR-147b-5p",17.3328746684992,0.596673523207992,0.793833997438541,0.751635134213544,0.45227050856402,0.995144635579342,"hsa-miR-147b-5p","NS","grey80"
"hsa-miR-147b-3p",13.7838313941154,-0.795241083929789,1.01906119297061,-0.780366369964131,0.4351752569398,0.995144635579342,"hsa-miR-147b-3p","NS","grey80"
"hsa-miR-148a-5p",347.507958454541,0.100532635525177,0.20405430490512,0.492675886313313,0.62224161856955,0.995144635579342,"hsa-miR-148a-5p","NS","grey80"
"hsa-miR-148a-3p",12153.1158875903,-0.00625124594294697,0.0879289244780917,-0.071094306908127,0.943322699136469,0.995144635579342,"hsa-miR-148a-3p","NS","grey80"
"hsa-miR-148b-5p",166.737537859767,-0.368560339434,0.272091719914467,-1.35454448797582,0.17556273013313,0.995144635579342,"hsa-miR-148b-5p","NS","grey80"
"hsa-miR-148b-3p",3977.54204689745,-0.00425880152725759,0.0962541914783183,-0.0442453618055365,0.964708823944202,0.995144635579342,"hsa-miR-148b-3p","NS","grey80"
"hsa-miR-149-5p",8626.88748521803,0.102536200373297,0.0778815264621426,1.31656639297047,0.187984009988345,0.995144635579342,"hsa-miR-149-5p","NS","grey80"
"hsa-miR-151a-5p",64292.5081578658,-0.0113102605913392,0.0478700750954683,-0.236269957145104,0.813223197771069,0.995144635579342,"hsa-miR-151a-5p","NS","grey80"
"hsa-miR-151a-3p",12598.1560229607,-0.0521647704851259,0.0866542350417969,-0.601987548098079,0.547182426017961,0.995144635579342,"hsa-miR-151a-3p","NS","grey80"
"hsa-miR-151b",1105.78307129653,-0.0643861889523628,0.0965038636804847,-0.667187680335157,0.504652259358268,0.995144635579342,"hsa-miR-151b","NS","grey80"
"hsa-miR-152-5p",66.2467171355321,0.664340593852625,0.352057814483912,1.88702129741529,0.0591574611619691,0.995144635579342,"hsa-miR-152-5p","NS","grey80"
"hsa-miR-152-3p",3719.80694931843,0.0119649372585403,0.0885896724415576,0.135060181720771,0.892564292035725,0.995144635579342,"hsa-miR-152-3p","NS","grey80"
"hsa-miR-153-5p",41.1696876876493,0.462421413666735,0.56865452284354,0.813185150369349,0.416111911988322,0.995144635579342,"hsa-miR-153-5p","NS","grey80"
"hsa-miR-1538",10.6422893553771,-0.718459196262872,0.999867726724545,-0.718554241786025,0.472415615688604,0.995144635579342,"hsa-miR-1538","NS","grey80"
"hsa-miR-154-3p",801.498744645551,0.0692827181478288,0.128426634338762,0.539473128020124,0.58956043399421,0.995144635579342,"hsa-miR-154-3p","NS","grey80"
"hsa-miR-15a-5p",4375.44843646932,-0.0584293796939535,0.0819935023618376,-0.712609877745,0.476087197709285,0.995144635579342,"hsa-miR-15a-5p","NS","grey80"
"hsa-miR-15b-5p",28435.4586496883,-0.026106149512577,0.0406136193548325,-0.642792982435108,0.520358437256006,0.995144635579342,"hsa-miR-15b-5p","NS","grey80"
"hsa-miR-15b-3p",462.767332928834,0.0751090289626924,0.151562148105778,0.495565877769641,0.620200732202552,0.995144635579342,"hsa-miR-15b-3p","NS","grey80"
"hsa-miR-16-1-3p",12.7403430508121,-0.206120342724432,0.995945301874113,-0.206959501025374,0.83604148720061,0.995144635579342,"hsa-miR-16-1-3p","NS","grey80"
"hsa-miR-16-2-3p",9966.24672186465,-0.0080961807074876,0.060675824538427,-0.133433385851397,0.893850643379966,0.995144635579342,"hsa-miR-16-2-3p","NS","grey80"
"hsa-miR-17-5p",12391.834203122,0.0256080241723505,0.0761283321998336,0.336379681944569,0.736584569181202,0.995144635579342,"hsa-miR-17-5p","NS","grey80"
"hsa-miR-17-3p",692.880044539986,-0.035366769755387,0.150234072778181,-0.235411109486499,0.813889664219647,0.995144635579342,"hsa-miR-17-3p","NS","grey80"
"hsa-miR-181a-3p",577.353070398455,-0.0995302472002325,0.162203282055001,-0.613614261926483,0.539470256853804,0.995144635579342,"hsa-miR-181a-3p","NS","grey80"
"hsa-miR-181a-2-3p",19146.4659864685,-0.00426447859658643,0.0773005256850314,-0.0551675238789768,0.956005001708296,0.995144635579342,"hsa-miR-181a-2-3p","NS","grey80"
"hsa-miR-181b-3p",85.4763575467512,0.234920572096508,0.357068713273967,0.657914186719185,0.510593274091157,0.995144635579342,"hsa-miR-181b-3p","NS","grey80"
"hsa-miR-181b-2-3p",411.706506863566,0.216682185670638,0.146635813300803,1.47768939110492,0.139490935271222,0.995144635579342,"hsa-miR-181b-2-3p","NS","grey80"
"hsa-miR-181c-5p",5552.62971450611,-0.313844922980478,0.236515016026209,-1.32695559146105,0.184523373229369,0.995144635579342,"hsa-miR-181c-5p","NS","grey80"
"hsa-miR-181c-3p",1154.00293599546,0.0318856429576211,0.10466351766445,0.30464906654338,0.760633445542291,0.995144635579342,"hsa-miR-181c-3p","NS","grey80"
"hsa-miR-181d-5p",3659.51433552231,-0.184631491142484,0.191268466571114,-0.965300211019556,0.334394466142804,0.995144635579342,"hsa-miR-181d-5p","NS","grey80"
"hsa-miR-181d-3p",17.7140326977705,0.136312588077082,0.759107707809875,0.179569495441381,0.857490554468776,0.995144635579342,"hsa-miR-181d-3p","NS","grey80"
"hsa-miR-182-5p",30481.0497769857,-0.0492457593129472,0.0867764238872541,-0.567501599016465,0.57037344052155,0.995144635579342,"hsa-miR-182-5p","NS","grey80"
"hsa-miR-182-3p",119.115422777971,0.218090297749877,0.296519213593388,0.735501403456912,0.462034185564925,0.995144635579342,"hsa-miR-182-3p","NS","grey80"
"hsa-miR-183-5p",29870.5344149229,-0.0724523666405517,0.0828307705311472,-0.874703521118485,0.381735243752092,0.995144635579342,"hsa-miR-183-5p","NS","grey80"
"hsa-miR-183-3p",334.410446968545,-0.301583280868248,0.182274222183678,-1.65455804586752,0.0980141797174553,0.995144635579342,"hsa-miR-183-3p","NS","grey80"
"hsa-miR-184",87.5004503423336,0.664067172228186,0.360157568776009,1.84382400871099,0.0652087925865466,0.995144635579342,"hsa-miR-184","NS","grey80"
"hsa-miR-1843",348.464018884516,0.112540661960842,0.166127872808603,0.67743395529118,0.498130660608419,0.995144635579342,"hsa-miR-1843","NS","grey80"
"hsa-miR-185-5p",3292.04757942294,0.0295226136831915,0.0844184498273916,0.349717552780888,0.726550679308627,0.995144635579342,"hsa-miR-185-5p","NS","grey80"
"hsa-miR-186-5p",50728.431592171,0.0437646253176057,0.0601997112355886,0.72699061871468,0.467231702667125,0.995144635579342,"hsa-miR-186-5p","NS","grey80"
"hsa-miR-187-3p",56.2846738346564,-0.138510723893809,0.368404075834933,-0.375975004022131,0.706935478890532,0.995144635579342,"hsa-miR-187-3p","NS","grey80"
"hsa-miR-188-5p",174.850954147939,-0.23996771826197,0.260432535728094,-0.921419889381677,0.356831248610987,0.995144635579342,"hsa-miR-188-5p","NS","grey80"
"hsa-miR-188-3p",19.8148640067143,-0.0490104321408503,0.668205883242312,-0.073346304439941,0.941530545285597,0.995144635579342,"hsa-miR-188-3p","NS","grey80"
"hsa-miR-18a-5p",9382.720250204,0.020308153828335,0.0713981079504053,0.284435462105544,0.776076685923809,0.995144635579342,"hsa-miR-18a-5p","NS","grey80"
"hsa-miR-18a-3p",1093.12885426522,-0.0804736407393065,0.110596447520779,-0.727633143227204,0.466838186433686,0.995144635579342,"hsa-miR-18a-3p","NS","grey80"
"hsa-miR-18b-5p",67.9885278927226,0.0493296984325228,0.395619018839091,0.124689906408636,0.900769048553657,0.995144635579342,"hsa-miR-18b-5p","NS","grey80"
"hsa-miR-18b-3p",7.03361613144465,1.86976417332424,1.56028497402048,1.19834786879111,0.230781618300914,0.995144635579342,"hsa-miR-18b-3p","|log2FC| > 1","darkgreen"
"hsa-miR-1908-5p",243.248347205591,0.040535976602376,0.223710485946472,0.18119837535052,0.856211869777548,0.995144635579342,"hsa-miR-1908-5p","NS","grey80"
"hsa-miR-1908-3p",13.8846936729101,0.805943634751419,1.17346874827864,0.686804515189396,0.49220592410344,0.995144635579342,"hsa-miR-1908-3p","NS","grey80"
"hsa-miR-190a-5p",653.947120117794,0.103776099328011,0.186300551577137,0.557035920986221,0.577502886947174,0.995144635579342,"hsa-miR-190a-5p","NS","grey80"
"hsa-miR-190b-5p",28.3720542261871,0.624410437278037,0.659060189751533,0.94742551133826,0.343421996501093,0.995144635579342,"hsa-miR-190b-5p","NS","grey80"
"hsa-miR-191-5p",133262.558859803,-0.0729071442642058,0.0705025379078155,-1.03410666378471,0.301086301333154,0.995144635579342,"hsa-miR-191-5p","NS","grey80"
"hsa-miR-1910-5p",52.2765306600822,0.0852200815962419,0.537013020103568,0.158692766107992,0.873910937764347,0.995144635579342,"hsa-miR-1910-5p","NS","grey80"
"hsa-miR-1910-3p",7.97140098089687,0.341042925722703,1.17285710365993,0.290779605340216,0.771219884274634,0.995144635579342,"hsa-miR-1910-3p","NS","grey80"
"hsa-miR-1911-5p",20.5098203237412,-0.448104675144013,0.648385834417321,-0.691108058439783,0.489497636500076,0.995144635579342,"hsa-miR-1911-5p","NS","grey80"
"hsa-miR-1912-5p",5.6752419773666,-0.631010011721296,1.75747015195786,-0.359044511235845,0.719561791125212,0.995144635579342,"hsa-miR-1912-5p","NS","grey80"
"hsa-miR-1913",11.6592398066211,0.272605456698704,0.873077990777788,0.31223494301563,0.754861977920337,0.995144635579342,"hsa-miR-1913","NS","grey80"
"hsa-miR-1914-5p",35.3765452471609,-0.263355548322763,0.513660699267579,-0.51270332477894,0.608158863628706,0.995144635579342,"hsa-miR-1914-5p","NS","grey80"
"hsa-miR-1914-3p",11.8886421457886,-0.300357636787019,0.972625995395292,-0.308811031382056,0.757465277197118,0.995144635579342,"hsa-miR-1914-3p","NS","grey80"
"hsa-miR-1915-3p",10.3954942254638,-0.119190456748462,0.893400611859426,-0.133412105573101,0.893867472127302,0.995144635579342,"hsa-miR-1915-3p","NS","grey80"
"hsa-miR-192-5p",1850.87399442865,0.0726134848550004,0.0952943029062084,0.761991878218248,0.446064851544713,0.995144635579342,"hsa-miR-192-5p","NS","grey80"
"hsa-miR-193a-5p",279.562116978375,-0.29222613773186,0.182292792120297,-1.60305920126023,0.108921584354616,0.995144635579342,"hsa-miR-193a-5p","NS","grey80"
"hsa-miR-193a-3p",5.84438872596947,1.95689032961127,1.42101584625412,1.37710662042915,0.168479286153237,0.995144635579342,"hsa-miR-193a-3p","|log2FC| > 1","darkgreen"
"hsa-miR-193b-5p",6.0766016587816,0.576979051169962,1.44390813698826,0.399595401112871,0.689454544264747,0.995144635579342,"hsa-miR-193b-5p","NS","grey80"
"hsa-miR-193b-3p",209.135996750618,0.229826878298494,0.19862394302996,1.15709553839552,0.247233329313565,0.995144635579342,"hsa-miR-193b-3p","NS","grey80"
"hsa-miR-194-3p",16.894488336644,1.27567978336207,1.03048383339179,1.23794254895123,0.215737363987688,0.995144635579342,"hsa-miR-194-3p","|log2FC| > 1","darkgreen"
"hsa-miR-195-5p",7459.23203652105,0.00761981797328339,0.0621775279289994,0.122549387649899,0.902463935026777,0.995144635579342,"hsa-miR-195-5p","NS","grey80"
"hsa-miR-195-3p",180.98199460698,0.399695821058097,0.220479761018947,1.81284585583232,0.0698555991161281,0.995144635579342,"hsa-miR-195-3p","NS","grey80"
"hsa-miR-197-3p",6511.18185979477,-0.03572468833619,0.0779390212990292,-0.458367166289205,0.64668867657397,0.995144635579342,"hsa-miR-197-3p","NS","grey80"
"hsa-miR-199b-3p",262186.570920845,0.0183966144717868,0.0643809490354497,0.285746245549397,0.775072481920363,0.995144635579342,"hsa-miR-199b-3p","NS","grey80"
"hsa-miR-19a-3p",2501.56378061369,0.0499889293590607,0.0928799539993937,0.538210100312787,0.590432007771965,0.995144635579342,"hsa-miR-19a-3p","NS","grey80"
"hsa-miR-19b-1-5p",10.5914169787758,-0.548087898649419,1.38804490584202,-0.394863232697026,0.692943825735603,0.995144635579342,"hsa-miR-19b-1-5p","NS","grey80"
"hsa-miR-200a-3p",26.0234461303236,0.493499349151413,0.679114463001348,0.726680664361633,0.467421600965846,0.995144635579342,"hsa-miR-200a-3p","NS","grey80"
"hsa-miR-200b-3p",60.7504503450829,0.489686774303759,0.379092398526608,1.29173461722522,0.196449064835809,0.995144635579342,"hsa-miR-200b-3p","NS","grey80"
"hsa-miR-200c-3p",155.617919186274,0.0268494174798277,0.266220463569785,0.10085407079456,0.919666303327477,0.995144635579342,"hsa-miR-200c-3p","NS","grey80"
"hsa-miR-203a-3p",106.110234819182,-0.36862705923525,0.334157560277794,-1.10315343135975,0.269960540622594,0.995144635579342,"hsa-miR-203a-3p","NS","grey80"
"hsa-miR-203b-3p",15.0220326436059,1.19835349224553,0.820315919497069,1.46084388192812,0.144058290107049,0.995144635579342,"hsa-miR-203b-3p","|log2FC| > 1","darkgreen"
"hsa-miR-204-5p",7.91356747585142,-0.969387422243432,0.940387696270782,-1.03083805337698,0.3026167700417,0.995144635579342,"hsa-miR-204-5p","NS","grey80"
"hsa-miR-20a-5p",12979.4168767551,-0.0113733080814792,0.0639338287910708,-0.177891865645119,0.858807899231636,0.995144635579342,"hsa-miR-20a-5p","NS","grey80"
"hsa-miR-20a-3p",862.057144057402,0.192287386726685,0.147775864660161,1.3012096878532,0.193186690095675,0.995144635579342,"hsa-miR-20a-3p","NS","grey80"
"hsa-miR-20b-5p",543.528387213211,0.0166336039069908,0.151302239283168,0.109936270512562,0.912459917160222,0.995144635579342,"hsa-miR-20b-5p","NS","grey80"
"hsa-miR-20b-3p",96.9005451033198,-0.00228803429218103,0.363894103532828,-0.00628763772198529,0.99498322399359,0.995144635579342,"hsa-miR-20b-3p","NS","grey80"
"hsa-miR-21-5p",978740.022770651,-0.0422974999785239,0.071746911210711,-0.589537574019066,0.555500714376851,0.995144635579342,"hsa-miR-21-5p","NS","grey80"
"hsa-miR-21-3p",744.672958727715,-0.0623464310071882,0.133716063708704,-0.466259844015508,0.641029518236234,0.995144635579342,"hsa-miR-21-3p","NS","grey80"
"hsa-miR-210-5p",21.9105008135834,0.459985855059982,0.723593865403519,0.635696178551026,0.524974467656304,0.995144635579342,"hsa-miR-210-5p","NS","grey80"
"hsa-miR-210-3p",119.258877685815,-0.034767713567322,0.287163027031171,-0.121073084953754,0.903633147419,0.995144635579342,"hsa-miR-210-3p","NS","grey80"
"hsa-miR-2110",139.91002722178,0.10096838618947,0.247732345870798,0.407570460105073,0.683589055093541,0.995144635579342,"hsa-miR-2110","NS","grey80"
"hsa-miR-212-5p",436.582194299007,0.032519885914813,0.172222433281562,0.188824912615461,0.850230045627296,0.995144635579342,"hsa-miR-212-5p","NS","grey80"
"hsa-miR-212-3p",43.4964915692707,0.00321620435327156,0.443166022223522,0.00725733515655085,0.994209535155643,0.995144635579342,"hsa-miR-212-3p","NS","grey80"
"hsa-miR-214-5p",4167.3395899619,0.0431437070067632,0.0809014643136683,0.533287096504063,0.593834858471814,0.995144635579342,"hsa-miR-214-5p","NS","grey80"
"hsa-miR-214-3p",41311.897721834,-0.0934075254869315,0.0634405846845467,-1.47236230484623,0.140923066682459,0.995144635579342,"hsa-miR-214-3p","NS","grey80"
"hsa-miR-215-5p",179.449664189868,-0.257884944526233,0.274604731195626,-0.939113260734456,0.347672596569938,0.995144635579342,"hsa-miR-215-5p","NS","grey80"
"hsa-miR-215-3p",9.41210046588896,0.574705036664376,1.05269102784276,0.545938952136882,0.585107901771358,0.995144635579342,"hsa-miR-215-3p","NS","grey80"
"hsa-miR-218-2-3p",19.8293521396046,-0.409187515355983,0.732161721008372,-0.558875865283463,0.576246441753513,0.995144635579342,"hsa-miR-218-2-3p","NS","grey80"
"hsa-miR-219a-1-3p",35.0984563718363,-0.0834506074551397,0.55501533615777,-0.150357300093448,0.880482727815868,0.995144635579342,"hsa-miR-219a-1-3p","NS","grey80"
"hsa-miR-219b-3p",10.6565572842223,-0.93776790641042,1.33671524970592,-0.701546501109141,0.482962025298564,0.995144635579342,"hsa-miR-219b-3p","NS","grey80"
"hsa-miR-22-5p",381.847957539139,-0.274661364514952,0.161877684407523,-1.69672160508239,0.0897493060460767,0.995144635579342,"hsa-miR-22-5p","NS","grey80"
"hsa-miR-22-3p",6065.94014958569,-0.0787992109569272,0.0953137442755862,-0.826735027102601,0.408387263510495,0.995144635579342,"hsa-miR-22-3p","NS","grey80"
"hsa-miR-221-5p",11.4234859481835,-0.431112753738033,1.06220730072548,-0.405864988353578,0.68484180448885,0.995144635579342,"hsa-miR-221-5p","NS","grey80"
"hsa-miR-221-3p",129.61563005357,-0.151290962477988,0.288155177419354,-0.525032948680332,0.599560286315771,0.995144635579342,"hsa-miR-221-3p","NS","grey80"
"hsa-miR-222-3p",161.407165918157,0.23373908513122,0.253727724017451,0.921220123013219,0.356935514253364,0.995144635579342,"hsa-miR-222-3p","NS","grey80"
"hsa-miR-2277-5p",170.250328138328,0.0278653662263706,0.294980100897945,0.0944652406774084,0.924739592859299,0.995144635579342,"hsa-miR-2277-5p","NS","grey80"
"hsa-miR-2277-3p",69.2561455093217,0.624062092541332,0.347292537431529,1.79693493317394,0.0723459500200086,0.995144635579342,"hsa-miR-2277-3p","NS","grey80"
"hsa-miR-2355-3p",969.006450278724,0.0561595905166744,0.117919351548386,0.47625423460398,0.633893265543846,0.995144635579342,"hsa-miR-2355-3p","NS","grey80"
"hsa-miR-23a-5p",143.263769569646,-0.575255073088829,0.345764593532619,-1.6637188533723,0.0961686268146168,0.995144635579342,"hsa-miR-23a-5p","NS","grey80"
"hsa-miR-23a-3p",166086.634747188,-0.0605898512853872,0.0490166074654304,-1.23610862559427,0.216418189078667,0.995144635579342,"hsa-miR-23a-3p","NS","grey80"
"hsa-miR-23b-5p",856.483072544367,0.0402973418903345,0.152640933935989,0.264000886598567,0.791779235574954,0.995144635579342,"hsa-miR-23b-5p","NS","grey80"
"hsa-miR-23b-3p",130611.159806521,-0.0343803160409877,0.0399980518278303,-0.859549764797948,0.39003727662493,0.995144635579342,"hsa-miR-23b-3p","NS","grey80"
"hsa-miR-24-1-5p",1026.20999406035,0.0851160891539176,0.124777704255212,0.682141811006773,0.495149284695028,0.995144635579342,"hsa-miR-24-1-5p","NS","grey80"
"hsa-miR-24-2-5p",2494.67856002827,-0.0780143956711639,0.0849867268054439,-0.917959763878877,0.358639931225049,0.995144635579342,"hsa-miR-24-2-5p","NS","grey80"
"hsa-miR-25-5p",2151.99318867903,-0.0640292082318119,0.09194695825886,-0.696371140974009,0.486196431277429,0.995144635579342,"hsa-miR-25-5p","NS","grey80"
"hsa-miR-25-3p",97939.5045882779,-0.0653984819866227,0.063501998936471,-1.02986493467787,0.303073413367211,0.995144635579342,"hsa-miR-25-3p","NS","grey80"
"hsa-miR-2681-5p",24.9692220554657,0.271626856860492,0.640138690783945,0.424325010768907,0.671328801461598,0.995144635579342,"hsa-miR-2681-5p","NS","grey80"
"hsa-miR-2681-3p",666.80730369453,0.010494945555173,0.132389148659408,0.0792734575412437,0.936815117659727,0.995144635579342,"hsa-miR-2681-3p","NS","grey80"
"hsa-miR-2682-5p",927.631989896046,-0.168843662690826,0.132808800662348,-1.27132887164679,0.203611675212514,0.995144635579342,"hsa-miR-2682-5p","NS","grey80"
"hsa-miR-2682-3p",110.0387340878,-0.201710111801377,0.250777313075434,-0.804339552600207,0.421200900840836,0.995144635579342,"hsa-miR-2682-3p","NS","grey80"
"hsa-miR-26a-1-3p",41.8085496146751,0.294823320530256,0.369084729243106,0.798795770106393,0.424408843643027,0.995144635579342,"hsa-miR-26a-1-3p","NS","grey80"
"hsa-miR-26a-2-3p",392.786152345774,-0.0415079055991823,0.158748635887231,-0.261469368648106,0.79373056837901,0.995144635579342,"hsa-miR-26a-2-3p","NS","grey80"
"hsa-miR-27a-5p",1687.69715969563,-0.240607907951735,0.15354630840852,-1.56700548808755,0.117113408821779,0.995144635579342,"hsa-miR-27a-5p","NS","grey80"
"hsa-miR-27a-3p",33378.5563011748,-0.0269247265913335,0.0804868088185289,-0.334523470200438,0.737984583345795,0.995144635579342,"hsa-miR-27a-3p","NS","grey80"
"hsa-miR-27b-5p",1842.95689083159,-0.0669503144852221,0.0942591286874506,-0.710279369409614,0.477530910645197,0.995144635579342,"hsa-miR-27b-5p","NS","grey80"
"hsa-miR-27b-3p",333329.491631671,-0.00406947837984067,0.060836645400131,-0.0668918930863981,0.94666776696429,0.995144635579342,"hsa-miR-27b-3p","NS","grey80"
"hsa-miR-28-5p",171.649173803678,-0.185749304400263,0.30856866386182,-0.601970731815602,0.547193619893669,0.995144635579342,"hsa-miR-28-5p","NS","grey80"
"hsa-miR-28-3p",97.3923365051904,-0.0884007665998956,0.326171572238232,-0.271025356358551,0.786371530313383,0.995144635579342,"hsa-miR-28-3p","NS","grey80"
"hsa-miR-296-5p",207.548031330719,0.238756641250896,0.25241050083655,0.945906134885824,0.344196464118532,0.995144635579342,"hsa-miR-296-5p","NS","grey80"
"hsa-miR-296-3p",510.116369996321,0.00455960359306466,0.152057754048307,0.0299859985543134,0.976078219685401,0.995144635579342,"hsa-miR-296-3p","NS","grey80"
"hsa-miR-299-5p",46.2057528611567,-0.295696867842809,0.490923904268788,-0.602327296087237,0.546956294674047,0.995144635579342,"hsa-miR-299-5p","NS","grey80"
"hsa-miR-299-3p",53.0529483503989,0.343932133944876,0.426830683727971,0.805781184569363,0.420369028842259,0.995144635579342,"hsa-miR-299-3p","NS","grey80"
"hsa-miR-29a-5p",13.2230246390302,1.02775879668017,1.2642449608775,0.812942767014722,0.416250872906425,0.995144635579342,"hsa-miR-29a-5p","|log2FC| > 1","darkgreen"
"hsa-miR-29a-3p",20267.0900110769,-0.00556914385121977,0.0827458023862205,-0.0673042461444207,0.946339496621685,0.995144635579342,"hsa-miR-29a-3p","NS","grey80"
"hsa-miR-29b-1-5p",51.2114842715065,0.352498551836783,0.554998763965463,0.635133940332016,0.525341062814481,0.995144635579342,"hsa-miR-29b-1-5p","NS","grey80"
"hsa-miR-29b-2-5p",53.4477462616496,-0.172805543727749,0.513010538757051,-0.336845991792744,0.736233000579102,0.995144635579342,"hsa-miR-29b-2-5p","NS","grey80"
"hsa-miR-29c-5p",51.1230514377855,0.156508250663999,0.390120863783304,0.401178878633193,0.688288430071013,0.995144635579342,"hsa-miR-29c-5p","NS","grey80"
"hsa-miR-29c-3p",811.410794853127,-0.136960341425632,0.147859337255498,-0.926288078709342,0.354296289575259,0.995144635579342,"hsa-miR-29c-3p","NS","grey80"
"hsa-miR-301a-5p",1019.77447869061,-0.0789678596302866,0.111474965012072,-0.708390979281622,0.478702492748845,0.995144635579342,"hsa-miR-301a-5p","NS","grey80"
"hsa-miR-301a-3p",688.713215796373,0.0721115303275655,0.155872596327758,0.462631225927195,0.64362872231204,0.995144635579342,"hsa-miR-301a-3p","NS","grey80"
"hsa-miR-301b-5p",308.990009805965,-0.00408313235635265,0.226640132188997,-0.0180159282335208,0.98562614658054,0.995144635579342,"hsa-miR-301b-5p","NS","grey80"
"hsa-miR-301b-3p",243.04751413249,-0.061717673188657,0.206028269516227,-0.299559246571238,0.764513373813822,0.995144635579342,"hsa-miR-301b-3p","NS","grey80"
"hsa-miR-302a-5p",10.6210761027636,-0.647327658056917,1.0599500027956,-0.610715275578661,0.541388091415321,0.995144635579342,"hsa-miR-302a-5p","NS","grey80"
"hsa-miR-3059-5p",61.3764336082496,0.170391787278522,0.369124981890914,0.461610011887187,0.644361013559435,0.995144635579342,"hsa-miR-3059-5p","NS","grey80"
"hsa-miR-3064-5p",51.0209268828835,-0.670611826447876,0.484086645151998,-1.38531362755796,0.165956588543962,0.995144635579342,"hsa-miR-3064-5p","NS","grey80"
"hsa-miR-3064-3p",12.6795935008951,-0.562929905069028,0.838638430275905,-0.671242677113937,0.502065945388,0.995144635579342,"hsa-miR-3064-3p","NS","grey80"
"hsa-miR-3065-5p",408.539734255116,0.196078727203932,0.141933152971621,1.38148644695533,0.16712944216371,0.995144635579342,"hsa-miR-3065-5p","NS","grey80"
"hsa-miR-3065-3p",47.1768638952699,-0.60477839116714,0.48996335146099,-1.23433393408668,0.217078496026599,0.995144635579342,"hsa-miR-3065-3p","NS","grey80"
"hsa-miR-3074-5p",41.0420173113006,-0.00733990104463072,0.62138487682735,-0.0118121655649339,0.990575474629628,0.995144635579342,"hsa-miR-3074-5p","NS","grey80"
"hsa-miR-3074-3p",7.75805992448976,-0.265884624114642,1.19922062419547,-0.221714519205353,0.824536126709641,0.995144635579342,"hsa-miR-3074-3p","NS","grey80"
"hsa-miR-30a-5p",82443.558003194,0.0561173583305428,0.0709008536676148,0.791490587597471,0.428657766567174,0.995144635579342,"hsa-miR-30a-5p","NS","grey80"
"hsa-miR-30a-3p",792.645621701467,0.0139404001544475,0.162171654245244,0.0859607692807163,0.931497603325597,0.995144635579342,"hsa-miR-30a-3p","NS","grey80"
"hsa-miR-30b-3p",88.8796055003919,0.333260246875577,0.301990617729045,1.10354503521228,0.269790545519385,0.995144635579342,"hsa-miR-30b-3p","NS","grey80"
"hsa-miR-30c-1-3p",92.0531484054708,0.0120082857668876,0.341186755306473,0.0351956386938325,0.971923739896467,0.995144635579342,"hsa-miR-30c-1-3p","NS","grey80"
"hsa-miR-30c-2-3p",176.399780381502,-0.174904983702711,0.227011238334118,-0.770468391724659,0.441022097735826,0.995144635579342,"hsa-miR-30c-2-3p","NS","grey80"
"hsa-miR-30d-5p",285357.650787877,0.017028983400408,0.0542970681485865,0.313626204527422,0.753804954672729,0.995144635579342,"hsa-miR-30d-5p","NS","grey80"
"hsa-miR-30d-3p",75.8201236301313,0.0675490474665359,0.341816136071616,0.197618076907824,0.843343890396385,0.995144635579342,"hsa-miR-30d-3p","NS","grey80"
"hsa-miR-30e-5p",128274.727704787,-0.000744743063282358,0.0554884900399913,-0.0134215773892137,0.989291452124544,0.995144635579342,"hsa-miR-30e-5p","NS","grey80"
"hsa-miR-3115",27.5755856859611,-0.627445858325413,0.87912531610046,-0.713716061674321,0.47540277249605,0.995144635579342,"hsa-miR-3115","NS","grey80"
"hsa-miR-3117-3p",237.716679109846,-0.213442980244573,0.236197602833786,-0.903662770848589,0.366174245714086,0.995144635579342,"hsa-miR-3117-3p","NS","grey80"
"hsa-miR-3125",21.3876392685401,0.363662476630309,0.573175842689126,0.634469301644223,0.525774594832896,0.995144635579342,"hsa-miR-3125","NS","grey80"
"hsa-miR-3126-5p",20.7634480730092,0.777344373519408,0.65644892160154,1.18416581692741,0.236347430593006,0.995144635579342,"hsa-miR-3126-5p","NS","grey80"
"hsa-miR-3126-3p",15.7001714336765,1.11582560552598,0.87147656480647,1.28038509649857,0.200409732827273,0.995144635579342,"hsa-miR-3126-3p","|log2FC| > 1","darkgreen"
"hsa-miR-3127-5p",17.4903809671759,0.00898032493712246,0.982052169591644,0.00914444793788975,0.992703887858045,0.995144635579342,"hsa-miR-3127-5p","NS","grey80"
"hsa-miR-3127-3p",34.6451056706502,0.0635187750195137,0.515637539579916,0.123184931553397,0.901960657563667,0.995144635579342,"hsa-miR-3127-3p","NS","grey80"
"hsa-miR-3128",8.05141178685661,-2.13639883998127,2.12997999798153,-1.00301356914423,0.315854314322243,0.995144635579342,"hsa-miR-3128","|log2FC| > 1","darkgreen"
"hsa-miR-3131",8.41343569494406,-1.02277067273044,1.0755043725559,-0.950968400342123,0.341620417213583,0.995144635579342,"hsa-miR-3131","|log2FC| > 1","darkgreen"
"hsa-miR-3139",11.1395550379232,0.661297918763791,1.26025506895231,0.524733393307079,0.599768539955622,0.995144635579342,"hsa-miR-3139","NS","grey80"
"hsa-miR-3140-3p",12.8353359438521,0.349070593967923,0.848365613775786,0.411462450032986,0.680733469781724,0.995144635579342,"hsa-miR-3140-3p","NS","grey80"
"hsa-miR-3143",144.011275216431,0.059242349049519,0.27115396033682,0.218482330023614,0.827053324381532,0.995144635579342,"hsa-miR-3143","NS","grey80"
"hsa-miR-3149",9.59597130201896,0.49146245044763,1.23808901724182,0.396952435247745,0.691402536201284,0.995144635579342,"hsa-miR-3149","NS","grey80"
"hsa-miR-3150a-5p",17.485757629043,0.0148061033902748,0.769145892113302,0.0192500584636727,0.984641624108597,0.995144635579342,"hsa-miR-3150a-5p","NS","grey80"
"hsa-miR-3154",33.3723566732777,0.22782534291372,0.628202608819468,0.36266220438316,0.716857236714516,0.995144635579342,"hsa-miR-3154","NS","grey80"
"hsa-miR-3157-5p",19.0384231944225,0.268717198702723,1.03842243501647,0.258774454057766,0.79580926936532,0.995144635579342,"hsa-miR-3157-5p","NS","grey80"
"hsa-miR-3157-3p",24.847505634258,0.447792352304548,0.726441093638038,0.616419357641223,0.537617780587035,0.995144635579342,"hsa-miR-3157-3p","NS","grey80"
"hsa-miR-3171",17.0516425826034,-0.152696655392739,0.993882797738166,-0.153636480820716,0.877896370884747,0.995144635579342,"hsa-miR-3171","NS","grey80"
"hsa-miR-3173-5p",130.064563324467,0.363191112633894,0.279649975741478,1.29873464737807,0.194035009341115,0.995144635579342,"hsa-miR-3173-5p","NS","grey80"
"hsa-miR-3174",9.96896781405034,0.22498277384921,1.19467159317428,0.188321857767977,0.850624351873208,0.995144635579342,"hsa-miR-3174","NS","grey80"
"hsa-miR-3176",38.1595394292157,-0.239105043169072,0.523903160755946,-0.456391678996676,0.648108348275747,0.995144635579342,"hsa-miR-3176","NS","grey80"
"hsa-miR-3177-3p",161.741560852706,0.158371699202639,0.291454288437123,0.543384350430668,0.586865198401249,0.995144635579342,"hsa-miR-3177-3p","NS","grey80"
"hsa-miR-3187-3p",76.6944572307342,-0.223012785482102,0.338735029677404,-0.658369421357127,0.510300779463604,0.995144635579342,"hsa-miR-3187-3p","NS","grey80"
"hsa-miR-3188",9.15042708478018,-0.502550398650987,1.45958870591429,-0.344309596679283,0.730613467913736,0.995144635579342,"hsa-miR-3188","NS","grey80"
"hsa-miR-3192-5p",6.68741627388112,0.233341937658108,1.37408138594915,0.169816679014924,0.865154309489872,0.995144635579342,"hsa-miR-3192-5p","NS","grey80"
"hsa-miR-32-5p",544.025448783209,0.0186158432402259,0.110007085383182,0.169224038391549,0.865620422558396,0.995144635579342,"hsa-miR-32-5p","NS","grey80"
"hsa-miR-32-3p",673.860701926852,-0.00195113800798473,0.124791845342067,-0.0156351402820951,0.987525471213919,0.995144635579342,"hsa-miR-32-3p","NS","grey80"
"hsa-miR-3200-5p",58.2618473344813,-0.293770280183843,0.53161158863531,-0.552603228492394,0.580535130785816,0.995144635579342,"hsa-miR-3200-5p","NS","grey80"
"hsa-miR-3200-3p",292.25801979377,0.0314003917917537,0.165403171543451,0.189841533863846,0.849433308356039,0.995144635579342,"hsa-miR-3200-3p","NS","grey80"
"hsa-miR-320a-3p",42521.6925222293,-0.0921972879082252,0.0908270896650273,-1.01508578826263,0.310064935490096,0.995144635579342,"hsa-miR-320a-3p","NS","grey80"
"hsa-miR-323a-5p",19.3663657365401,-0.437009170585695,1.00260107309214,-0.435875426741674,0.662927114881635,0.995144635579342,"hsa-miR-323a-5p","NS","grey80"
"hsa-miR-323a-3p",2709.35369774875,0.144247845052142,0.0875089989834748,1.64837727236923,0.0992752768818533,0.995144635579342,"hsa-miR-323a-3p","NS","grey80"
"hsa-miR-323b-3p",350.755766165653,0.0691761190358956,0.16820539506379,0.411259811313788,0.680882035044416,0.995144635579342,"hsa-miR-323b-3p","NS","grey80"
"hsa-miR-324-3p",226.537677362539,0.0923527289690796,0.21064496394952,0.438428373683842,0.661075781935152,0.995144635579342,"hsa-miR-324-3p","NS","grey80"
"hsa-miR-326",54.0962600059794,-0.466336990591429,0.489989955339101,-0.951727653822409,0.341235120855849,0.995144635579342,"hsa-miR-326","NS","grey80"
"hsa-miR-328-3p",2432.6023994338,0.0781120497192125,0.118832506133576,0.657328977236325,0.510969408082629,0.995144635579342,"hsa-miR-328-3p","NS","grey80"
"hsa-miR-330-5p",277.526966111055,0.134311374153738,0.172384947990562,0.779136320887434,0.4358994165974,0.995144635579342,"hsa-miR-330-5p","NS","grey80"
"hsa-miR-330-3p",1753.66136123474,-0.055180881093292,0.106815651125506,-0.516599210994423,0.605435966597363,0.995144635579342,"hsa-miR-330-3p","NS","grey80"
"hsa-miR-331-3p",821.928688907363,-0.152440243868921,0.162658695242314,-0.937178572850531,0.348666709726938,0.995144635579342,"hsa-miR-331-3p","NS","grey80"
"hsa-miR-335-5p",569.902399103161,0.0514421560258391,0.170669244369182,0.301414330484538,0.763098567992133,0.995144635579342,"hsa-miR-335-5p","NS","grey80"
"hsa-miR-338-5p",2295.58058065374,-0.0836609127602994,0.0823713057923667,-1.01565602190626,0.309793217211722,0.995144635579342,"hsa-miR-338-5p","NS","grey80"
"hsa-miR-338-3p",166.985211404948,-0.0753400335361287,0.240157086444027,-0.313711473817734,0.753740185552725,0.995144635579342,"hsa-miR-338-3p","NS","grey80"
"hsa-miR-339-5p",6329.35424851737,0.0992852366512927,0.0776937824944133,1.27790453062872,0.201283090406257,0.995144635579342,"hsa-miR-339-5p","NS","grey80"
"hsa-miR-339-3p",2962.6483242118,-0.13223515952685,0.083949748235949,-1.57517041212786,0.115217114782611,0.995144635579342,"hsa-miR-339-3p","NS","grey80"
"hsa-miR-33a-5p",55.2070066240508,-0.20446815846331,0.515563023070797,-0.396591976758644,0.691668370014991,0.995144635579342,"hsa-miR-33a-5p","NS","grey80"
"hsa-miR-33a-3p",17.5644611433218,0.397487951825065,0.710975561680019,0.559074000920383,0.576111217574101,0.995144635579342,"hsa-miR-33a-3p","NS","grey80"
"hsa-miR-33b-5p",6.87698449067621,-1.70235602493097,2.23876636671848,-0.760399142241105,0.447016035861367,0.995144635579342,"hsa-miR-33b-5p","|log2FC| > 1","darkgreen"
"hsa-miR-33b-3p",109.324874448042,0.233577153189523,0.308614320129792,0.756857792895964,0.44913506424729,0.995144635579342,"hsa-miR-33b-3p","NS","grey80"
"hsa-miR-340-5p",23549.1166346992,-0.0208560702655676,0.0607441277187242,-0.343342987196091,0.731340444974498,0.995144635579342,"hsa-miR-340-5p","NS","grey80"
"hsa-miR-340-3p",2335.09690457428,-0.109984743397396,0.107589229827714,-1.02226536590622,0.306655320700572,0.995144635579342,"hsa-miR-340-3p","NS","grey80"
"hsa-miR-342-5p",225.491624627717,-0.363653391462437,0.229020968088234,-1.58786068584923,0.112317845145773,0.995144635579342,"hsa-miR-342-5p","NS","grey80"
"hsa-miR-342-3p",6035.72313125877,-0.0561888942405476,0.0845606691336904,-0.664480246149815,0.506382987888063,0.995144635579342,"hsa-miR-342-3p","NS","grey80"
"hsa-miR-345-5p",5060.52781173654,-0.077021419309756,0.100577101371663,-0.765794780912786,0.443798420133315,0.995144635579342,"hsa-miR-345-5p","NS","grey80"
"hsa-miR-346",316.547989310191,0.0627970035853548,0.157282780289831,0.399261784854238,0.6897003222057,0.995144635579342,"hsa-miR-346","NS","grey80"
"hsa-miR-34a-5p",2033.48490102381,-0.0989979072032952,0.116916842759547,-0.846737774187896,0.397141298885017,0.995144635579342,"hsa-miR-34a-5p","NS","grey80"
"hsa-miR-34a-3p",59.4910745115129,-0.044394760413289,0.391130400824539,-0.113503732565151,0.909631204047758,0.995144635579342,"hsa-miR-34a-3p","NS","grey80"
"hsa-miR-34b-3p",26.0949397261939,0.213439652389136,0.667629241825454,0.319697878729131,0.749197367989749,0.995144635579342,"hsa-miR-34b-3p","NS","grey80"
"hsa-miR-34c-5p",193.221543561925,-0.082628410674965,0.251124957596215,-0.329033049784815,0.742130707477638,0.995144635579342,"hsa-miR-34c-5p","NS","grey80"
"hsa-miR-34c-3p",6.00508433321977,1.0979398043153,1.52502334772699,0.719949505003807,0.471556086020105,0.995144635579342,"hsa-miR-34c-3p","|log2FC| > 1","darkgreen"
"hsa-miR-3605-5p",20.0847864170253,-0.407253931785603,0.761141647081896,-0.535056691940263,0.592610655862151,0.995144635579342,"hsa-miR-3605-5p","NS","grey80"
"hsa-miR-3605-3p",142.163502132363,0.038939839157935,0.278114535262665,0.140013678613232,0.888649182878597,0.995144635579342,"hsa-miR-3605-3p","NS","grey80"
"hsa-miR-3609",47.0782384990394,-0.072909687055374,0.570395842075093,-0.127822963768686,0.898289076673858,0.995144635579342,"hsa-miR-3609","NS","grey80"
"hsa-miR-361-5p",22493.0365214115,0.027095262108985,0.0704918907141024,0.384374171759368,0.700701140906068,0.995144635579342,"hsa-miR-361-5p","NS","grey80"
"hsa-miR-361-3p",3907.51294559016,0.110324794811134,0.085717072394024,1.28708076150797,0.198066140242331,0.995144635579342,"hsa-miR-361-3p","NS","grey80"
"hsa-miR-3611",8.32805290382819,-0.678168205729572,0.997788594176449,-0.67967123465599,0.496712653726791,0.995144635579342,"hsa-miR-3611","NS","grey80"
"hsa-miR-3613-5p",8811.02285907824,-0.0588452158234397,0.0934169639811186,-0.629920020044041,0.52874691371185,0.995144635579342,"hsa-miR-3613-5p","NS","grey80"
"hsa-miR-3613-3p",54.0502381564676,-0.110748134315027,0.435679028625097,-0.254196615027634,0.799343665557028,0.995144635579342,"hsa-miR-3613-3p","NS","grey80"
"hsa-miR-3615",670.204447594144,0.020751275079136,0.123889179413894,0.167498688564312,0.866977679327016,0.995144635579342,"hsa-miR-3615","NS","grey80"
"hsa-miR-3619-5p",9.90184440975449,-0.0503246334723347,1.10982720933687,-0.0453445662973104,0.963832665181415,0.995144635579342,"hsa-miR-3619-5p","NS","grey80"
"hsa-miR-3619-3p",6.720637463094,0.26082795512154,1.68340193938809,0.154940985286229,0.876867842199273,0.995144635579342,"hsa-miR-3619-3p","NS","grey80"
"hsa-miR-362-5p",7361.71291269465,-0.0986567713027328,0.0741246012214614,-1.33095854381701,0.183202652106143,0.995144635579342,"hsa-miR-362-5p","NS","grey80"
"hsa-miR-362-3p",614.402512297243,-0.0394678141199309,0.128515567803812,-0.307105316456145,0.758763211176202,0.995144635579342,"hsa-miR-362-3p","NS","grey80"
"hsa-miR-3620-3p",6.65971588456524,-1.06591012169089,1.27175189899409,-0.838143133526272,0.4019503203455,0.995144635579342,"hsa-miR-3620-3p","|log2FC| > 1","darkgreen"
"hsa-miR-363-5p",42.0928458965832,-0.0529197460201997,0.546604486785256,-0.0968154255949059,0.922872973629736,0.995144635579342,"hsa-miR-363-5p","NS","grey80"
"hsa-miR-363-3p",11871.4697224869,0.0837015911190667,0.0593135143448904,1.41117234484484,0.1581938024578,0.995144635579342,"hsa-miR-363-3p","NS","grey80"
"hsa-miR-3651",5.80279470184941,-0.86124221421508,1.42117578005497,-0.606006819354722,0.544510224883838,0.995144635579342,"hsa-miR-3651","NS","grey80"
"hsa-miR-365a-3p",503.292996446851,0.150106188258966,0.146819483559601,1.02238602547618,0.306598231963826,0.995144635579342,"hsa-miR-365a-3p","NS","grey80"
"hsa-miR-365b-3p",503.292996446851,0.150106188258966,0.146819483559601,1.02238602547618,0.306598231963826,0.995144635579342,"hsa-miR-365b-3p","NS","grey80"
"hsa-miR-3661",12.5694269278508,-0.724861070469134,0.971301438737498,-0.746278180552591,0.455499389286781,0.995144635579342,"hsa-miR-3661","NS","grey80"
"hsa-miR-3679-5p",43.1918887592648,-0.334702549068015,0.440653528080833,-0.759559444640637,0.447517968637828,0.995144635579342,"hsa-miR-3679-5p","NS","grey80"
"hsa-miR-3684",13.3314583012898,0.0966072246928402,0.686215418730192,0.140782649377956,0.888041650329527,0.995144635579342,"hsa-miR-3684","NS","grey80"
"hsa-miR-3685",5.62103740864069,1.33023566513368,1.13898375208811,1.16791452265666,0.242841245526641,0.995144635579342,"hsa-miR-3685","|log2FC| > 1","darkgreen"
"hsa-miR-369-5p",199.527517460205,0.171256754440711,0.243176279799531,0.704249421785264,0.481277458157041,0.995144635579342,"hsa-miR-369-5p","NS","grey80"
"hsa-miR-369-3p",4988.92642198323,0.0469871049140984,0.075015135574016,0.6263683262658,0.531073379735965,0.995144635579342,"hsa-miR-369-3p","NS","grey80"
"hsa-miR-3691-5p",13.0224152614182,0.0330217397306704,0.972505342700283,0.0339553298894805,0.972912771725982,0.995144635579342,"hsa-miR-3691-5p","NS","grey80"
"hsa-miR-370-5p",42.0441675710795,0.173523350565396,0.592355158909251,0.292938025364577,0.769569523080383,0.995144635579342,"hsa-miR-370-5p","NS","grey80"
"hsa-miR-370-3p",1009.6160380667,-0.00495791594729738,0.129046674736441,-0.0384195560050128,0.969353169054651,0.995144635579342,"hsa-miR-370-3p","NS","grey80"
"hsa-miR-374a-5p",14850.3799921138,-0.00844531122611657,0.0735245848195002,-0.114863773074672,0.908553099886565,0.995144635579342,"hsa-miR-374a-5p","NS","grey80"
"hsa-miR-374a-3p",4504.02222411068,0.0227960315921103,0.0974004969848489,0.234044304677997,0.814950583507421,0.995144635579342,"hsa-miR-374a-3p","NS","grey80"
"hsa-miR-374b-5p",20116.4789978932,0.129205645307235,0.0904194144603859,1.4289591021831,0.153015988616729,0.995144635579342,"hsa-miR-374b-5p","NS","grey80"
"hsa-miR-374b-3p",1031.46518452031,0.106445556591912,0.107868210016942,0.986811189090778,0.323735208435127,0.995144635579342,"hsa-miR-374b-3p","NS","grey80"
"hsa-miR-374c-5p",478.760868515519,0.044485807788722,0.188971238091383,0.235410469011213,0.813890161279309,0.995144635579342,"hsa-miR-374c-5p","NS","grey80"
"hsa-miR-375-3p",50312.6597654447,0.0201699353405266,0.0706804751347981,0.285367851617573,0.775362334668367,0.995144635579342,"hsa-miR-375-3p","NS","grey80"
"hsa-miR-376a-5p",60.9779686522103,0.866211181810967,0.464319708015445,1.86554903196604,0.0621044861383177,0.995144635579342,"hsa-miR-376a-5p","NS","grey80"
"hsa-miR-376b-5p",16.8254783825141,0.177857657079496,0.981806983645315,0.181153383549112,0.856247183674925,0.995144635579342,"hsa-miR-376b-5p","NS","grey80"
"hsa-miR-376b-3p",46.2194225363336,-0.164840193650362,0.48686212775098,-0.338576743300672,0.734928605014326,0.995144635579342,"hsa-miR-376b-3p","NS","grey80"
"hsa-miR-376c-5p",16.7826750805673,0.197739211218288,1.01378066189246,0.1950512755384,0.845352806352531,0.995144635579342,"hsa-miR-376c-5p","NS","grey80"
"hsa-miR-376c-3p",1366.28025923801,0.0592549089429984,0.0829935833682843,0.713969761735127,0.475245877698565,0.995144635579342,"hsa-miR-376c-3p","NS","grey80"
"hsa-miR-377-5p",70.6441613769806,0.185233654839335,0.322009112090915,0.575243519155561,0.565126614106439,0.995144635579342,"hsa-miR-377-5p","NS","grey80"
"hsa-miR-377-3p",26.7117044855244,-0.490942220926783,0.727483939751596,-0.674849565881026,0.499771345762014,0.995144635579342,"hsa-miR-377-3p","NS","grey80"
"hsa-miR-378a-5p",45.8525859944684,-0.854591166171447,0.542197550718699,-1.57616198199099,0.114988477659072,0.995144635579342,"hsa-miR-378a-5p","NS","grey80"
"hsa-miR-378a-3p",2407.88113097501,0.0377984754433642,0.0905134558019393,0.417600622012206,0.676239141928546,0.995144635579342,"hsa-miR-378a-3p","NS","grey80"
"hsa-miR-378c",74.290194389951,0.164672869932439,0.319571929990901,0.515292034369625,0.606348964418758,0.995144635579342,"hsa-miR-378c","NS","grey80"
"hsa-miR-379-5p",2034.52914161626,-0.0219921113803457,0.085396097972675,-0.257530635502605,0.79676916889815,0.995144635579342,"hsa-miR-379-5p","NS","grey80"
"hsa-miR-379-3p",45.2195896603667,0.279308690829355,0.517302832959283,0.539932652662159,0.589243478424793,0.995144635579342,"hsa-miR-379-3p","NS","grey80"
"hsa-miR-380-5p",14.2703626225398,-0.12106741475696,1.16302978872128,-0.104096572530675,0.917092710806874,0.995144635579342,"hsa-miR-380-5p","NS","grey80"
"hsa-miR-380-3p",45.0849004891483,0.704754307739241,0.626421821070184,1.12504750638353,0.260568903825172,0.995144635579342,"hsa-miR-380-3p","NS","grey80"
"hsa-miR-381-5p",7.15323830430003,-0.402740975444779,1.57391841576209,-0.255884276727122,0.798040195890966,0.995144635579342,"hsa-miR-381-5p","NS","grey80"
"hsa-miR-381-3p",385.999739147385,-0.18138771027718,0.185528562083236,-0.977680785321889,0.328232227977637,0.995144635579342,"hsa-miR-381-3p","NS","grey80"
"hsa-miR-382-5p",740.609487123373,-0.0755712294262578,0.130038510325719,-0.581144994947786,0.561142735632182,0.995144635579342,"hsa-miR-382-5p","NS","grey80"
"hsa-miR-382-3p",1056.55669102181,-0.0259769028434774,0.13124801897022,-0.197922247111184,0.843105897803855,0.995144635579342,"hsa-miR-382-3p","NS","grey80"
"hsa-miR-3907",3.68546533462824,0.853997617654865,3.18636729759525,0.268016062774489,0.788686954610721,0.995144635579342,"hsa-miR-3907","NS","grey80"
"hsa-miR-3909",61.7034758690654,0.434952707803888,0.36110225939367,1.20451394719662,0.228390994630986,0.995144635579342,"hsa-miR-3909","NS","grey80"
"hsa-miR-3911",11.1659440189865,1.20279805921362,1.13764445360978,1.05727062211493,0.29038809689299,0.995144635579342,"hsa-miR-3911","|log2FC| > 1","darkgreen"
"hsa-miR-3912-3p",67.8198224255029,0.0634440953820805,0.410951955430529,0.1543832424781,0.877307565817328,0.995144635579342,"hsa-miR-3912-3p","NS","grey80"
"hsa-miR-3928-3p",63.95378109766,0.368887280005834,0.407174267794839,0.905969038769669,0.36495224029443,0.995144635579342,"hsa-miR-3928-3p","NS","grey80"
"hsa-miR-3929",61.0598787470251,-0.553045578933113,0.416881762825907,-1.32662454501294,0.18463291231154,0.995144635579342,"hsa-miR-3929","NS","grey80"
"hsa-miR-3934-5p",6.51514522940401,2.47632025061107,1.79871036677433,1.376719841256,0.168598881932262,0.995144635579342,"hsa-miR-3934-5p","|log2FC| > 1","darkgreen"
"hsa-miR-3935",6.54394119214637,-1.31320647595495,1.69865524715986,-0.773085932622661,0.439471525842423,0.995144635579342,"hsa-miR-3935","|log2FC| > 1","darkgreen"
"hsa-miR-3938",28.787053124545,0.603944882720938,0.643540946601119,0.938471570318394,0.348002120512629,0.995144635579342,"hsa-miR-3938","NS","grey80"
"hsa-miR-3939",11.6816071069901,-0.256551981716,0.88423819236801,-0.290138996404292,0.771709903445888,0.995144635579342,"hsa-miR-3939","NS","grey80"
"hsa-miR-3940-3p",82.7849729613035,0.0216753169966979,0.277567760416379,0.0780901822466083,0.937756316778713,0.995144635579342,"hsa-miR-3940-3p","NS","grey80"
"hsa-miR-3942-5p",12.2271784339351,0.197761066529038,0.926415014854908,0.213469193998341,0.83096101496773,0.995144635579342,"hsa-miR-3942-5p","NS","grey80"
"hsa-miR-3942-3p",11.1403138422398,-0.836899148604734,1.03645436963261,-0.807463573047974,0.41939945314399,0.995144635579342,"hsa-miR-3942-3p","NS","grey80"
"hsa-miR-409-5p",744.383379449661,0.0306252396409409,0.135161602806932,0.226582394740366,0.820748483235632,0.995144635579342,"hsa-miR-409-5p","NS","grey80"
"hsa-miR-410-3p",552.383212267718,0.148671160264189,0.170985507125896,0.869495682781598,0.384576068408587,0.995144635579342,"hsa-miR-410-3p","NS","grey80"
"hsa-miR-411-5p",1280.46504186047,-0.0238710753585337,0.105709462217511,-0.22581777314708,0.821343153127143,0.995144635579342,"hsa-miR-411-5p","NS","grey80"
"hsa-miR-411-3p",186.039937304834,0.198119918430104,0.261662782320302,0.757157424809406,0.448955553846034,0.995144635579342,"hsa-miR-411-3p","NS","grey80"
"hsa-miR-412-5p",249.571947133637,0.222376393040114,0.224930754552349,0.988643787207675,0.322837454673201,0.995144635579342,"hsa-miR-412-5p","NS","grey80"
"hsa-miR-412-3p",13.6698860546266,-0.826083223328933,0.919547826624753,-0.898358083625855,0.368994675678821,0.995144635579342,"hsa-miR-412-3p","NS","grey80"
"hsa-miR-421",5359.87138774817,-0.0277116226370971,0.0679081719285617,-0.408074931927917,0.683218663447212,0.995144635579342,"hsa-miR-421","NS","grey80"
"hsa-miR-423-5p",12427.2295628538,-0.138401315021723,0.0953482310135643,-1.45153521518437,0.146630883690021,0.995144635579342,"hsa-miR-423-5p","NS","grey80"
"hsa-miR-423-3p",94254.9674849903,-0.106840636596378,0.0647772564425394,-1.64935414779647,0.0990751025213466,0.995144635579342,"hsa-miR-423-3p","NS","grey80"
"hsa-miR-424-5p",409.425620091019,0.281396523171114,0.191024452502665,1.47309163557052,0.14072632854236,0.995144635579342,"hsa-miR-424-5p","NS","grey80"
"hsa-miR-424-3p",568.113310634742,-0.144868183164483,0.185056850502722,-0.782830696464014,0.433726539037042,0.995144635579342,"hsa-miR-424-3p","NS","grey80"
"hsa-miR-425-5p",48767.1184444536,0.0190898397791089,0.0687003987209134,0.277870873161289,0.78111148356262,0.995144635579342,"hsa-miR-425-5p","NS","grey80"
"hsa-miR-425-3p",1568.10288831381,-0.0269049648225324,0.0965674336208144,-0.278613232367534,0.780541656715506,0.995144635579342,"hsa-miR-425-3p","NS","grey80"
"hsa-miR-4254",8.48227105519186,0.550296869676451,1.27150967647109,0.432790154773913,0.665167226402146,0.995144635579342,"hsa-miR-4254","NS","grey80"
"hsa-miR-4286",4993.58501982264,0.102433716414304,0.0879632205664583,1.16450620787484,0.244218929051917,0.995144635579342,"hsa-miR-4286","NS","grey80"
"hsa-miR-429",18.3737364960766,0.167566862670467,0.7142328768132,0.234610962489048,0.81451070017926,0.995144635579342,"hsa-miR-429","NS","grey80"
"hsa-miR-4326",293.76717139578,-0.0629805546624068,0.159881236378987,-0.393920863315793,0.693639466507325,0.995144635579342,"hsa-miR-4326","NS","grey80"
"hsa-miR-4421",172.445561821333,-0.192205725007588,0.273237972445578,-0.703437092902125,0.48178339723092,0.995144635579342,"hsa-miR-4421","NS","grey80"
"hsa-miR-4422",6.98850994435822,-0.554799432134271,1.7196115932732,-0.322630665148191,0.746974967199645,0.995144635579342,"hsa-miR-4422","NS","grey80"
"hsa-miR-4440",20.0414067680517,0.133268878846566,0.675579615822008,0.197265985718666,0.843619395779182,0.995144635579342,"hsa-miR-4440","NS","grey80"
"hsa-miR-4449",8.46525377392228,-0.395575531791441,0.910003451163829,-0.434696738001959,0.663782566446647,0.995144635579342,"hsa-miR-4449","NS","grey80"
"hsa-miR-4454",66.7308100560931,0.403546129839588,0.374612181378171,1.0772370731645,0.281374366748485,0.995144635579342,"hsa-miR-4454","NS","grey80"
"hsa-miR-4466",7.89894717337412,0.420722732269895,1.23062228617693,0.341878037636486,0.732442678278997,0.995144635579342,"hsa-miR-4466","NS","grey80"
"hsa-miR-4467",8.2518050567504,0.540625660934381,1.30918534857797,0.412948144830375,0.679644606264826,0.995144635579342,"hsa-miR-4467","NS","grey80"
"hsa-miR-4473",27.2719462140469,0.0673489951726925,0.632177212674562,0.106534993388575,0.915157892670509,0.995144635579342,"hsa-miR-4473","NS","grey80"
"hsa-miR-4477a",8.95538547900822,-0.399229205594254,1.33151359258159,-0.299831115370151,0.764305979965009,0.995144635579342,"hsa-miR-4477a","NS","grey80"
"hsa-miR-4477b",33.9558122562017,-0.0948199096543027,0.725673250154078,-0.130664744269091,0.8960405231705,0.995144635579342,"hsa-miR-4477b","NS","grey80"
"hsa-miR-448",30.7959783203308,-0.0522882290581476,0.684633056062888,-0.0763740935309798,0.939121479761246,0.995144635579342,"hsa-miR-448","NS","grey80"
"hsa-miR-4484",9.95684474851314,-0.929751639761876,1.10727627305,-0.839674489909248,0.401090920950211,0.995144635579342,"hsa-miR-4484","NS","grey80"
"hsa-miR-4492",7.90939559861534,-2.04386332267053,1.68221737067352,-1.21498170111762,0.224373070672268,0.995144635579342,"hsa-miR-4492","|log2FC| > 1","darkgreen"
"hsa-miR-4498",16.6287182208434,-0.460036742195213,0.856537467901028,-0.537088871690047,0.591206227308919,0.995144635579342,"hsa-miR-4498","NS","grey80"
"hsa-miR-449a",11.7139642546215,1.05820080027474,1.08076321705083,0.979123626322463,0.327518899101116,0.995144635579342,"hsa-miR-449a","|log2FC| > 1","darkgreen"
"hsa-miR-449c-5p",12.3178718354915,0.618295286435973,1.01634647409488,0.608350894301674,0.542954772748126,0.995144635579342,"hsa-miR-449c-5p","NS","grey80"
"hsa-miR-4501",25.2918273320612,0.497439550683694,0.580113394916969,0.857486751801157,0.391175933439403,0.995144635579342,"hsa-miR-4501","NS","grey80"
"hsa-miR-450a-1-3p",76.902883707776,-0.439811348119398,0.346477928050273,-1.26937767896021,0.204306393291425,0.995144635579342,"hsa-miR-450a-1-3p","NS","grey80"
"hsa-miR-450a-2-3p",143.85703594212,-0.210246750944915,0.277869689358649,-0.756637945758625,0.449266801239567,0.995144635579342,"hsa-miR-450a-2-3p","NS","grey80"
"hsa-miR-450b-5p",3509.94111677079,-0.0783510256021965,0.0820607826456514,-0.954792570533064,0.339682605251992,0.995144635579342,"hsa-miR-450b-5p","NS","grey80"
"hsa-miR-4517",107.627541255225,0.227837853847496,0.367556545175659,0.619871573062617,0.535342342479879,0.995144635579342,"hsa-miR-4517","NS","grey80"
"hsa-miR-451a",8.03170609737985,-0.122585241218925,1.10399102133654,-0.111038259233773,0.911586007825421,0.995144635579342,"hsa-miR-451a","NS","grey80"
"hsa-miR-454-5p",779.336738405017,0.0443993187642086,0.117710926375134,0.377189443082897,0.706032825100772,0.995144635579342,"hsa-miR-454-5p","NS","grey80"
"hsa-miR-454-3p",12529.8769370632,-0.00769542740034629,0.0705066812567278,-0.109144654991288,0.913087756864596,0.995144635579342,"hsa-miR-454-3p","NS","grey80"
"hsa-miR-455-5p",53.2796251853496,-0.426053746803215,0.36756322141287,-1.15913051682786,0.246402988435176,0.995144635579342,"hsa-miR-455-5p","NS","grey80"
"hsa-miR-455-3p",315.932151128151,-0.216036321666109,0.195457616745187,-1.1052847428696,0.269036226850458,0.995144635579342,"hsa-miR-455-3p","NS","grey80"
"hsa-miR-4638-3p",9.70730978689615,-0.340197033612259,1.10592075134706,-0.307614296230435,0.758375840562894,0.995144635579342,"hsa-miR-4638-3p","NS","grey80"
"hsa-miR-4652-5p",10.4082584630619,-0.0255626667101358,1.50280557413487,-0.0170099626658969,0.98642866786443,0.995144635579342,"hsa-miR-4652-5p","NS","grey80"
"hsa-miR-4659a-3p",23.2591721081115,-0.0132865606133113,0.730434227484402,-0.0181899479971933,0.985487321647472,0.995144635579342,"hsa-miR-4659a-3p","NS","grey80"
"hsa-miR-4660",19.8161771162215,0.426799054294389,0.895030987580958,0.476853941613707,0.633466131469598,0.995144635579342,"hsa-miR-4660","NS","grey80"
"hsa-miR-4661-5p",4.05882768204014,-1.02030585884788,2.16594396096482,-0.471067524015432,0.637592515786159,0.995144635579342,"hsa-miR-4661-5p","|log2FC| > 1","darkgreen"
"hsa-miR-4665-5p",10.5893000091774,-0.146943919019454,1.10648650933859,-0.132802268965115,0.894349759881346,0.995144635579342,"hsa-miR-4665-5p","NS","grey80"
"hsa-miR-4671-3p",6.63286653162886,-0.417356247123439,1.64972065016105,-0.252986011348464,0.80027902298836,0.995144635579342,"hsa-miR-4671-3p","NS","grey80"
"hsa-miR-4677-5p",5.96757434475406,-0.313445023373324,1.41438488277641,-0.221612255044777,0.824615741556471,0.995144635579342,"hsa-miR-4677-5p","NS","grey80"
"hsa-miR-4677-3p",131.46714378846,-0.0546759611142065,0.319636613779506,-0.171056627298409,0.864179239542179,0.995144635579342,"hsa-miR-4677-3p","NS","grey80"
"hsa-miR-4685-3p",13.770417408065,-0.858328299072916,0.683981203964034,-1.25490041845952,0.209514912080536,0.995144635579342,"hsa-miR-4685-3p","NS","grey80"
"hsa-miR-4705",334.101765770354,-0.157362431113889,0.170841106787816,-0.92110402509469,0.356996118976175,0.995144635579342,"hsa-miR-4705","NS","grey80"
"hsa-miR-4714-5p",9.76519822746043,0.2705288010385,1.13975493362631,0.237356990574955,0.81237985293627,0.995144635579342,"hsa-miR-4714-5p","NS","grey80"
"hsa-miR-4717-3p",6.84671834380709,0.557880200629041,1.41331033231827,0.394732981053032,0.693039959843755,0.995144635579342,"hsa-miR-4717-3p","NS","grey80"
"hsa-miR-4723-3p",10.8670662824737,-1.37553596916001,1.04313569638612,-1.31865487292351,0.187284519863708,0.995144635579342,"hsa-miR-4723-3p","|log2FC| > 1","darkgreen"
"hsa-miR-4733-5p",8.12481953352514,1.84985820633127,1.31524862325708,1.40647036128446,0.159584499660275,0.995144635579342,"hsa-miR-4733-5p","|log2FC| > 1","darkgreen"
"hsa-miR-4741",15.1885864494987,0.687212427012762,0.907054234596044,0.757631022271576,0.448671903199416,0.995144635579342,"hsa-miR-4741","NS","grey80"
"hsa-miR-4742-5p",22.9287494127761,0.130250436918816,0.665530300988688,0.195709251292271,0.844837742958258,0.995144635579342,"hsa-miR-4742-5p","NS","grey80"
"hsa-miR-4742-3p",34.8568141183027,0.224089363344185,0.588181254067786,0.380986918223612,0.70321295557133,0.995144635579342,"hsa-miR-4742-3p","NS","grey80"
"hsa-miR-4745-5p",9.50125460791826,0.199924058955938,0.959663362393921,0.208327280992805,0.834973431762437,0.995144635579342,"hsa-miR-4745-5p","NS","grey80"
"hsa-miR-4746-5p",42.5161569092754,0.309596416560962,0.548606222619077,0.564332673958621,0.572527748809938,0.995144635579342,"hsa-miR-4746-5p","NS","grey80"
"hsa-miR-4755-5p",6.82825555098195,0.06498675395085,1.04573305195055,0.0621446877189485,0.950447610093561,0.995144635579342,"hsa-miR-4755-5p","NS","grey80"
"hsa-miR-4762-5p",8.9118573834307,0.371514685537408,1.36147111857643,0.272877390102751,0.784947467251877,0.995144635579342,"hsa-miR-4762-5p","NS","grey80"
"hsa-miR-4781-3p",16.4055969049143,-0.03728261332721,0.679652011739756,-0.0548554446734807,0.956253628397409,0.995144635579342,"hsa-miR-4781-3p","NS","grey80"
"hsa-miR-4787-3p",15.8872739402335,0.425380215623192,0.825322157476643,0.515411117670412,0.60626576517334,0.995144635579342,"hsa-miR-4787-3p","NS","grey80"
"hsa-miR-4791",20.9246114763619,0.186811950907713,0.707925323639957,0.263886521175959,0.79186736216383,0.995144635579342,"hsa-miR-4791","NS","grey80"
"hsa-miR-4797-3p",8.55425684247698,0.386396221492012,1.1549486640986,0.334557053056191,0.737959246346623,0.995144635579342,"hsa-miR-4797-3p","NS","grey80"
"hsa-miR-483-5p",314.416894541698,0.018952513762315,0.215645711820879,0.0878872740027284,0.929966271337268,0.995144635579342,"hsa-miR-483-5p","NS","grey80"
"hsa-miR-483-3p",3256.74704786344,0.106858421674048,0.0952913161876332,1.12138677425379,0.262123263356984,0.995144635579342,"hsa-miR-483-3p","NS","grey80"
"hsa-miR-484",6278.88433095453,0.0218050402674681,0.0657962300167682,0.33140257826187,0.740340417658113,0.995144635579342,"hsa-miR-484","NS","grey80"
"hsa-miR-485-5p",170.699958348069,0.2287065471336,0.226288976603882,1.01068355412624,0.312167910808039,0.995144635579342,"hsa-miR-485-5p","NS","grey80"
"hsa-miR-485-3p",804.036086126292,0.0609200325726387,0.133169215140358,0.45746332970747,0.647338053939686,0.995144635579342,"hsa-miR-485-3p","NS","grey80"
"hsa-miR-487a-5p",12.6005893975044,-0.600815264698776,0.950091393541371,-0.632376283779707,0.527141027292982,0.995144635579342,"hsa-miR-487a-5p","NS","grey80"
"hsa-miR-487a-3p",171.39989573295,-0.451823752211451,0.246874415163028,-1.83017649647122,0.067223551138127,0.995144635579342,"hsa-miR-487a-3p","NS","grey80"
"hsa-miR-487b-5p",17.5278198404263,0.131203528450011,0.771574929826192,0.170046386135909,0.86497365697246,0.995144635579342,"hsa-miR-487b-5p","NS","grey80"
"hsa-miR-487b-3p",5820.60125590141,0.0491505760309961,0.0658586142393375,0.746304437144357,0.455483531663307,0.995144635579342,"hsa-miR-487b-3p","NS","grey80"
"hsa-miR-488-5p",72.6762452686052,-0.108969059272315,0.345743877285931,-0.315172780868069,0.752630470895581,0.995144635579342,"hsa-miR-488-5p","NS","grey80"
"hsa-miR-488-3p",186.113914794543,-0.162035781019214,0.259923516871252,-0.623397924780604,0.533023061354834,0.995144635579342,"hsa-miR-488-3p","NS","grey80"
"hsa-miR-489-3p",141.900778298248,-0.270095819615144,0.280697652415319,-0.962230418712273,0.335933872308402,0.995144635579342,"hsa-miR-489-3p","NS","grey80"
"hsa-miR-490-5p",44.4487522749848,-0.0592411297659705,0.407363829983638,-0.14542560091393,0.884374852910887,0.995144635579342,"hsa-miR-490-5p","NS","grey80"
"hsa-miR-490-3p",722.256215402542,0.0301033228356993,0.116539700818073,0.258309594278886,0.796167982305513,0.995144635579342,"hsa-miR-490-3p","NS","grey80"
"hsa-miR-491-5p",8.9838507580429,0.586435819596973,1.13102246970238,0.518500591549954,0.604109047459545,0.995144635579342,"hsa-miR-491-5p","NS","grey80"
"hsa-miR-491-3p",16.8292219888168,0.372929429450081,0.78731954016367,0.473669724204426,0.635735446331221,0.995144635579342,"hsa-miR-491-3p","NS","grey80"
"hsa-miR-493-5p",7.45237906200994,-0.0814346566877293,1.20773467655389,-0.0674276049770236,0.946241293597683,0.995144635579342,"hsa-miR-493-5p","NS","grey80"
"hsa-miR-494-3p",1298.38848836094,0.0668308434785288,0.0969925925970748,0.689030385610543,0.490804146190197,0.995144635579342,"hsa-miR-494-3p","NS","grey80"
"hsa-miR-495-3p",3368.46657838189,0.0597842641921638,0.0660053650644972,0.905748557465678,0.365068954874528,0.995144635579342,"hsa-miR-495-3p","NS","grey80"
"hsa-miR-496",64.0978127657201,0.0787083798008349,0.4238514364519,0.185698037170076,0.852681567661112,0.995144635579342,"hsa-miR-496","NS","grey80"
"hsa-miR-497-5p",1249.90301533813,-0.045036144676405,0.117059901998898,-0.384727339655804,0.700439437304347,0.995144635579342,"hsa-miR-497-5p","NS","grey80"
"hsa-miR-4999-5p",5.45378306362453,-1.26608617762805,1.69368935239342,-0.747531520959788,0.454742783181057,0.995144635579342,"hsa-miR-4999-5p","|log2FC| > 1","darkgreen"
"hsa-miR-499a-5p",329.822429258922,0.196498419728249,0.20668968202157,0.950692931579153,0.341760277421447,0.995144635579342,"hsa-miR-499a-5p","NS","grey80"
"hsa-miR-499b-3p",7.60523705846662,-0.70942789600387,1.43302385652594,-0.495056584559398,0.62056017891294,0.995144635579342,"hsa-miR-499b-3p","NS","grey80"
"hsa-miR-5001-3p",6.29794544572473,-0.91241499625894,1.40843282545192,-0.647822870761463,0.517099521159193,0.995144635579342,"hsa-miR-5001-3p","NS","grey80"
"hsa-miR-5002-5p",111.652108968689,-0.0413336307338169,0.2604847658078,-0.158679647178734,0.873921274190332,0.995144635579342,"hsa-miR-5002-5p","NS","grey80"
"hsa-miR-5002-3p",8.61341042118213,1.45184012863839,1.400269175415,1.03682931405536,0.29981541130861,0.995144635579342,"hsa-miR-5002-3p","|log2FC| > 1","darkgreen"
"hsa-miR-500a-5p",474.867584611935,0.0175904646965949,0.139571394449392,0.126032019426253,0.899706578816448,0.995144635579342,"hsa-miR-500a-5p","NS","grey80"
"hsa-miR-500a-3p",5040.27526100482,-0.118729364817064,0.0744102498158507,-1.59560497526743,0.110577016034851,0.995144635579342,"hsa-miR-500a-3p","NS","grey80"
"hsa-miR-500b-5p",179.337351913293,0.00215666282791525,0.211012311083983,0.0102205545109493,0.991845319325746,0.995144635579342,"hsa-miR-500b-5p","NS","grey80"
"hsa-miR-500b-3p",27.216595665507,0.45408034360834,0.5837106145621,0.777920312360588,0.436615992751523,0.995144635579342,"hsa-miR-500b-3p","NS","grey80"
"hsa-miR-501-5p",1364.88630880576,-0.0891453560408159,0.107587464930669,-0.828584966643306,0.407339297633672,0.995144635579342,"hsa-miR-501-5p","NS","grey80"
"hsa-miR-5010-3p",6.33851445699749,-1.36167818225126,1.27724726942125,-1.06610381157305,0.286376716803641,0.995144635579342,"hsa-miR-5010-3p","|log2FC| > 1","darkgreen"
"hsa-miR-502-5p",239.766505982741,-0.0476575821342712,0.206407362852586,-0.230890901737395,0.817399559146147,0.995144635579342,"hsa-miR-502-5p","NS","grey80"
"hsa-miR-502-3p",4811.33872558698,-0.0568056560825122,0.0597838515006813,-0.950183948618045,0.342018793159125,0.995144635579342,"hsa-miR-502-3p","NS","grey80"
"hsa-miR-503-5p",697.625262437418,-0.229379550960034,0.139312680448651,-1.64650877595152,0.0996590547702058,0.995144635579342,"hsa-miR-503-5p","NS","grey80"
"hsa-miR-505-5p",185.223250692938,0.0979986672791744,0.235466192601388,0.416189968489755,0.677270999683654,0.995144635579342,"hsa-miR-505-5p","NS","grey80"
"hsa-miR-505-3p",6452.22122754264,0.0411722536328855,0.0623867636547847,0.659951746506854,0.509284795434463,0.995144635579342,"hsa-miR-505-3p","NS","grey80"
"hsa-miR-5090",17.2227548650941,-0.0466300869881741,0.969375433219693,-0.0481032274908148,0.961633974019529,0.995144635579342,"hsa-miR-5090","NS","grey80"
"hsa-miR-5094",87.6639118587356,-0.134968827196887,0.309077556434181,-0.436682717289534,0.662341464760107,0.995144635579342,"hsa-miR-5094","NS","grey80"
"hsa-miR-532-5p",13888.0381364742,0.000684740397211313,0.0854289838404936,0.00801531712574046,0.993604770692753,0.995144635579342,"hsa-miR-532-5p","NS","grey80"
"hsa-miR-532-3p",768.976843343269,0.092768255469633,0.119698850598097,0.77501375331592,0.438331532758078,0.995144635579342,"hsa-miR-532-3p","NS","grey80"
"hsa-miR-539-5p",61.5262886571272,-0.214348650658956,0.512963354215291,-0.417863476791353,0.676046937349321,0.995144635579342,"hsa-miR-539-5p","NS","grey80"
"hsa-miR-539-3p",347.061925563425,0.0817208477398703,0.16899613736873,0.48356636436941,0.628693650640588,0.995144635579342,"hsa-miR-539-3p","NS","grey80"
"hsa-miR-541-3p",7.96591261490438,-0.998657668131643,1.5847666155151,-0.630160717896654,0.528589437307096,0.995144635579342,"hsa-miR-541-3p","NS","grey80"
"hsa-miR-542-5p",8.71582692667708,-0.115629357760899,1.19312198809497,-0.096913273675831,0.922795267559598,0.995144635579342,"hsa-miR-542-5p","NS","grey80"
"hsa-miR-542-3p",2479.75151592537,-0.00345952331903519,0.0786913725165362,-0.0439631843796879,0.964933750086837,0.995144635579342,"hsa-miR-542-3p","NS","grey80"
"hsa-miR-543",3668.16578022476,0.0435928454398542,0.0820390270729227,0.531367167495849,0.595164368746661,0.995144635579342,"hsa-miR-543","NS","grey80"
"hsa-miR-548a-5p",7.15756134466677,1.04821280233872,1.68464698989082,0.622215104190259,0.533800435554892,0.995144635579342,"hsa-miR-548a-5p","|log2FC| > 1","darkgreen"
"hsa-miR-548ab",9.02612933210089,-0.696542765219229,1.33198948367524,-0.522934132555851,0.60102009089118,0.995144635579342,"hsa-miR-548ab","NS","grey80"
"hsa-miR-548ad-5p",15.7174393743414,-0.0998524337707733,1.08116477575992,-0.0923563512329464,0.926414917822853,0.995144635579342,"hsa-miR-548ad-5p","NS","grey80"
"hsa-miR-548ae-5p",20.5658382643081,-0.044911044438414,0.798378108641288,-0.0562528505633069,0.955140379119532,0.995144635579342,"hsa-miR-548ae-5p","NS","grey80"
"hsa-miR-548ah-3p",8.22348524569373,0.471010798253285,1.07846361841691,0.436742408561436,0.662298169830615,0.995144635579342,"hsa-miR-548ah-3p","NS","grey80"
"hsa-miR-548al",15.1957823470041,0.099637463510103,1.10436273780898,0.0902216817888847,0.928111055012735,0.995144635579342,"hsa-miR-548al","NS","grey80"
"hsa-miR-548am-5p",15.4283404197355,-1.25770654197633,0.706093910171783,-1.78121709287982,0.0748769923419809,0.995144635579342,"hsa-miR-548am-5p","|log2FC| > 1","darkgreen"
"hsa-miR-548ar-3p",15.1259131835539,-0.203167059692938,0.838577831416475,-0.242275734083932,0.808566515142564,0.995144635579342,"hsa-miR-548ar-3p","NS","grey80"
"hsa-miR-548as-5p",19.975467682466,-0.374510620075357,0.738610884433998,-0.507047253118057,0.612121663660686,0.995144635579342,"hsa-miR-548as-5p","NS","grey80"
"hsa-miR-548at-5p",12.5354842420682,-0.720524622554607,0.823034397724124,-0.875448978252938,0.381329660137284,0.995144635579342,"hsa-miR-548at-5p","NS","grey80"
"hsa-miR-548au-5p",12.859438014673,-0.595047747022885,0.966431538528541,-0.615716399248401,0.53808171190704,0.995144635579342,"hsa-miR-548au-5p","NS","grey80"
"hsa-miR-548av-3p",12.3709776415848,0.938232047813129,1.0123881280152,0.92675133365357,0.354055658055171,0.995144635579342,"hsa-miR-548av-3p","NS","grey80"
"hsa-miR-548ay-5p",30.0609256607643,0.418358036798391,0.67071011992044,0.623753875739964,0.53278923514201,0.995144635579342,"hsa-miR-548ay-5p","NS","grey80"
"hsa-miR-548ay-3p",38.879407211263,0.201341835914087,0.476404995748952,0.422627465519247,0.672567084437798,0.995144635579342,"hsa-miR-548ay-3p","NS","grey80"
"hsa-miR-548b-5p",22.2710460549429,-0.828080305386097,0.619315041810379,-1.33709057504151,0.181193073283197,0.995144635579342,"hsa-miR-548b-5p","NS","grey80"
"hsa-miR-548b-3p",8.72563798528934,0.723292813752024,1.07727077644359,0.67141226659823,0.501957932659365,0.995144635579342,"hsa-miR-548b-3p","NS","grey80"
"hsa-miR-548ba",16.475932612562,-0.27440582620143,0.992664110012091,-0.276433713512708,0.782214965491622,0.995144635579342,"hsa-miR-548ba","NS","grey80"
"hsa-miR-548bc",44.2032536729432,0.548360046581191,0.399807589838898,1.37155987159261,0.170200493193118,0.995144635579342,"hsa-miR-548bc","NS","grey80"
"hsa-miR-548c-5p",43.1929363989295,0.485220687001969,0.415874491894134,1.16674789259614,0.243312195641615,0.995144635579342,"hsa-miR-548c-5p","NS","grey80"
"hsa-miR-548e-3p",337.761654876862,0.205902511563533,0.165335596763312,1.24536104501618,0.212999065748101,0.995144635579342,"hsa-miR-548e-3p","NS","grey80"
"hsa-miR-548j-5p",41.2556954434687,0.144273588440577,0.711015236614476,0.202912091065082,0.839203743570105,0.995144635579342,"hsa-miR-548j-5p","NS","grey80"
"hsa-miR-548k",312.582595131754,-0.103574165621123,0.215466605181114,-0.480697069200405,0.630731814435097,0.995144635579342,"hsa-miR-548k","NS","grey80"
"hsa-miR-548l",34.6666810342462,-0.200038991022358,0.624162466337409,-0.320491861992582,0.748595498490585,0.995144635579342,"hsa-miR-548l","NS","grey80"
"hsa-miR-548n",60.8749329810579,-0.122852839014413,0.448916543571616,-0.273665207428058,0.784341917779674,0.995144635579342,"hsa-miR-548n","NS","grey80"
"hsa-miR-548o-5p",43.1929363989295,0.485220687001969,0.415874491894134,1.16674789259614,0.243312195641615,0.995144635579342,"hsa-miR-548o-5p","NS","grey80"
"hsa-miR-548p",24.9981616432675,0.367319744552423,0.611089686918038,0.601089745770313,0.547780212820646,0.995144635579342,"hsa-miR-548p","NS","grey80"
"hsa-miR-548s",40.9836135243039,-0.535411904434271,0.572458580726488,-0.935284966389705,0.349641460806907,0.995144635579342,"hsa-miR-548s","NS","grey80"
"hsa-miR-548t-3p",172.447315169232,0.19271230344633,0.206595326663152,0.932800884506654,0.350922784461785,0.995144635579342,"hsa-miR-548t-3p","NS","grey80"
"hsa-miR-548u",10.0503133433794,0.565552194188612,1.1680900477529,0.48416831842424,0.628266419168618,0.995144635579342,"hsa-miR-548u","NS","grey80"
"hsa-miR-548v",6.8806826802421,-1.87648495001647,1.39014511461868,-1.34984824985785,0.17706466424639,0.995144635579342,"hsa-miR-548v","|log2FC| > 1","darkgreen"
"hsa-miR-548w",9.763152816297,-0.830947890180126,0.896299589704244,-0.927087214727296,0.353881253762288,0.995144635579342,"hsa-miR-548w","NS","grey80"
"hsa-miR-551a",14.0036256462366,0.378662849869846,0.713963579551851,0.530367179384038,0.595857377084226,0.995144635579342,"hsa-miR-551a","NS","grey80"
"hsa-miR-551b-5p",32.877506143452,0.632956475818433,0.607924415228202,1.0411762711995,0.297793746364536,0.995144635579342,"hsa-miR-551b-5p","NS","grey80"
"hsa-miR-551b-3p",9.71432820683831,-0.879859832849067,1.23754640557904,-0.710971183692612,0.477102092880366,0.995144635579342,"hsa-miR-551b-3p","NS","grey80"
"hsa-miR-556-5p",16.7277873732566,-0.766564208235035,0.944016308455891,-0.812024327724686,0.416777672228845,0.995144635579342,"hsa-miR-556-5p","NS","grey80"
"hsa-miR-556-3p",30.0133445882911,0.953475804057024,0.675376298473997,1.41176971447086,0.15801777860921,0.995144635579342,"hsa-miR-556-3p","NS","grey80"
"hsa-miR-5579-5p",41.9091208667606,-0.360073519346741,0.372659661273832,-0.966226175690525,0.333931017556589,0.995144635579342,"hsa-miR-5579-5p","NS","grey80"
"hsa-miR-5579-3p",33.8008733663014,-0.886621558295781,0.537061468089273,-1.65087538573593,0.0987640228186992,0.995144635579342,"hsa-miR-5579-3p","NS","grey80"
"hsa-miR-5581-3p",26.311347096805,-0.202607995711145,0.560789719386471,-0.3612904957188,0.717882297899243,0.995144635579342,"hsa-miR-5581-3p","NS","grey80"
"hsa-miR-5585-3p",8.59841702566873,0.256109523362452,1.60016073072249,0.160052373767988,0.872839817649641,0.995144635579342,"hsa-miR-5585-3p","NS","grey80"
"hsa-miR-561-5p",52.4475587714457,0.516524305061088,0.417871930382727,1.23608279835405,0.216427788205126,0.995144635579342,"hsa-miR-561-5p","NS","grey80"
"hsa-miR-561-3p",22.5826438360942,0.44863564730684,0.70560115523437,0.635820454627549,0.524893453829387,0.995144635579342,"hsa-miR-561-3p","NS","grey80"
"hsa-miR-5680",5.74054863773708,-0.984873673549693,1.75715707949394,-0.560492675949799,0.575143433949573,0.995144635579342,"hsa-miR-5680","NS","grey80"
"hsa-miR-5699-5p",8.07457597696433,1.31417333469544,1.24896548086241,1.0522094924417,0.292703445325805,0.995144635579342,"hsa-miR-5699-5p","|log2FC| > 1","darkgreen"
"hsa-miR-574-5p",750.476189051938,-0.228313471634407,0.177036546327953,-1.28964033907138,0.197175562960899,0.995144635579342,"hsa-miR-574-5p","NS","grey80"
"hsa-miR-574-3p",4812.50779461888,-0.0104644689985686,0.0795020457720274,-0.131625153754855,0.895280788805881,0.995144635579342,"hsa-miR-574-3p","NS","grey80"
"hsa-miR-576-5p",162.198798582424,0.198998746146674,0.238421420528111,0.834651289745214,0.403914074934897,0.995144635579342,"hsa-miR-576-5p","NS","grey80"
"hsa-miR-576-3p",255.578845089985,-0.204979032658515,0.172883124943085,-1.18565089985501,0.235760192311331,0.995144635579342,"hsa-miR-576-3p","NS","grey80"
"hsa-miR-579-3p",19.7164955888034,0.108315381630471,0.66922671622748,0.1618515504597,0.871422756781124,0.995144635579342,"hsa-miR-579-3p","NS","grey80"
"hsa-miR-580-3p",5.43267514864546,-0.0210653338693445,1.78926433077403,-0.0117731815847643,0.990606577182775,0.995144635579342,"hsa-miR-580-3p","NS","grey80"
"hsa-miR-582-5p",239.651402466806,-0.180089671453954,0.197684562696878,-0.910995117661751,0.362297946161385,0.995144635579342,"hsa-miR-582-5p","NS","grey80"
"hsa-miR-582-3p",692.109876871222,0.199413160304427,0.166012151077313,1.20119617154746,0.229675114142675,0.995144635579342,"hsa-miR-582-3p","NS","grey80"
"hsa-miR-584-5p",255.98768866919,-0.0476614750649053,0.180475339429384,-0.264088574181927,0.791711667936608,0.995144635579342,"hsa-miR-584-5p","NS","grey80"
"hsa-miR-585-3p",89.399202751568,-0.10983748335487,0.294941905681037,-0.372403789489491,0.709592232902029,0.995144635579342,"hsa-miR-585-3p","NS","grey80"
"hsa-miR-589-5p",1371.98582096147,0.0344677668500125,0.125589901342789,0.274446961750015,0.783741157623712,0.995144635579342,"hsa-miR-589-5p","NS","grey80"
"hsa-miR-589-3p",78.528837714354,0.238192676222309,0.341258139074104,0.697983868952019,0.485187282181639,0.995144635579342,"hsa-miR-589-3p","NS","grey80"
"hsa-miR-590-5p",25.1052280767936,-0.0480113320705555,0.757133932972876,-0.063411940714425,0.949438479073373,0.995144635579342,"hsa-miR-590-5p","NS","grey80"
"hsa-miR-590-3p",1423.84373485748,-0.134115841766687,0.107768348232182,-1.24448267015972,0.213321973568066,0.995144635579342,"hsa-miR-590-3p","NS","grey80"
"hsa-miR-592",187.67524653668,0.0955462801183651,0.245393378089608,0.38935965127582,0.697010115328381,0.995144635579342,"hsa-miR-592","NS","grey80"
"hsa-miR-597-3p",22.8063173652174,0.124279116213045,0.694858771718468,0.178855216730859,0.858051387553484,0.995144635579342,"hsa-miR-597-3p","NS","grey80"
"hsa-miR-598-5p",8.94208714642974,1.25787985362815,1.23139348344671,1.02150926615862,0.30701322123601,0.995144635579342,"hsa-miR-598-5p","|log2FC| > 1","darkgreen"
"hsa-miR-598-3p",3563.98982064546,0.0200090171334277,0.102687357209354,0.194853754904163,0.845507438408156,0.995144635579342,"hsa-miR-598-3p","NS","grey80"
"hsa-miR-605-5p",7.1923159728749,0.323546091686141,1.39089329787339,0.232617478408177,0.816058453781939,0.995144635579342,"hsa-miR-605-5p","NS","grey80"
"hsa-miR-605-3p",23.4335228676862,0.148628700985503,0.724868427874846,0.205042315639612,0.837539064216254,0.995144635579342,"hsa-miR-605-3p","NS","grey80"
"hsa-miR-615-5p",10.0842163171627,-0.557392460192051,1.08588150114274,-0.513308735442561,0.607735374411238,0.995144635579342,"hsa-miR-615-5p","NS","grey80"
"hsa-miR-615-3p",9544.00197313676,0.0449412923597599,0.088647561007404,0.506965920427369,0.612178730821999,0.995144635579342,"hsa-miR-615-3p","NS","grey80"
"hsa-miR-616-5p",61.7595940241035,-0.0183102984969718,0.300136226516426,-0.0610066259228113,0.951353932163498,0.995144635579342,"hsa-miR-616-5p","NS","grey80"
"hsa-miR-619-5p",23.0432972704352,-1.03921600982229,0.803410121755299,-1.29350624504431,0.195836025550817,0.995144635579342,"hsa-miR-619-5p","|log2FC| > 1","darkgreen"
"hsa-miR-624-5p",32.6199340745432,-0.334258197218551,0.434947319142478,-0.768502718622473,0.442188576146099,0.995144635579342,"hsa-miR-624-5p","NS","grey80"
"hsa-miR-625-5p",22.4295335506343,0.361764414641971,0.699957531964207,0.516837662460457,0.605269486549913,0.995144635579342,"hsa-miR-625-5p","NS","grey80"
"hsa-miR-625-3p",907.987688959769,0.00319426395406738,0.154719789910656,0.0206454775818396,0.983528462321715,0.995144635579342,"hsa-miR-625-3p","NS","grey80"
"hsa-miR-627-5p",7.54141624371895,-0.580959920676715,1.13419179584436,-0.512223702203923,0.608494456491214,0.995144635579342,"hsa-miR-627-5p","NS","grey80"
"hsa-miR-627-3p",26.6388708069586,0.206626293450761,0.617241695491444,0.334757510647829,0.737808014569311,0.995144635579342,"hsa-miR-627-3p","NS","grey80"
"hsa-miR-628-5p",510.567969710948,0.0810637338855315,0.174352218511098,0.464942371125446,0.64197272648852,0.995144635579342,"hsa-miR-628-5p","NS","grey80"
"hsa-miR-628-3p",255.082464172642,0.157742250546517,0.181198947904347,0.870547276189415,0.384001395069809,0.995144635579342,"hsa-miR-628-3p","NS","grey80"
"hsa-miR-629-5p",1193.56701326533,-0.0944922024021643,0.105655212684207,-0.894344916843738,0.371137374488172,0.995144635579342,"hsa-miR-629-5p","NS","grey80"
"hsa-miR-629-3p",38.7276321743981,-0.965450334050323,0.585190596172737,-1.64980493597225,0.0989828389043424,0.995144635579342,"hsa-miR-629-3p","NS","grey80"
"hsa-miR-636",26.6553276401462,-0.308283234287241,0.63336103412382,-0.486741712353231,0.626441381233663,0.995144635579342,"hsa-miR-636","NS","grey80"
"hsa-miR-641",128.290888491074,-0.0414708452475788,0.385322654112044,-0.107626283596396,0.914292146795296,0.995144635579342,"hsa-miR-641","NS","grey80"
"hsa-miR-642a-5p",10.4322119383216,1.6641596839206,1.42566502798323,1.16728660046796,0.243094648087316,0.995144635579342,"hsa-miR-642a-5p","|log2FC| > 1","darkgreen"
"hsa-miR-642a-3p",24.0579162277984,0.654089806184339,0.648778516246309,1.00818659959451,0.313364889789475,0.995144635579342,"hsa-miR-642a-3p","NS","grey80"
"hsa-miR-643",24.1191079982293,-0.464509877042188,0.662717966025395,-0.700916378996112,0.483355202145752,0.995144635579342,"hsa-miR-643","NS","grey80"
"hsa-miR-6505-5p",16.5962140991839,-0.530940940178327,0.82906816856666,-0.640406857130032,0.521908126027739,0.995144635579342,"hsa-miR-6505-5p","NS","grey80"
"hsa-miR-6505-3p",15.2553253872007,1.33547657533223,0.810767438789997,1.64717588723755,0.0995218985288116,0.995144635579342,"hsa-miR-6505-3p","|log2FC| > 1","darkgreen"
"hsa-miR-6509-3p",11.5649833615315,-1.12220132676303,1.23675311082372,-0.907376999452711,0.36420746819616,0.995144635579342,"hsa-miR-6509-3p","|log2FC| > 1","darkgreen"
"hsa-miR-651-5p",314.514560426424,0.19972608095897,0.178442446594013,1.11927450430772,0.263023049194025,0.995144635579342,"hsa-miR-651-5p","NS","grey80"
"hsa-miR-6514-5p",16.2584666139309,-0.150665572724089,0.983935768314222,-0.153125414865469,0.878299374056373,0.995144635579342,"hsa-miR-6514-5p","NS","grey80"
"hsa-miR-6515-5p",6.94264103621792,-0.488950549061463,1.24765461833982,-0.391895755342998,0.695135239390732,0.995144635579342,"hsa-miR-6515-5p","NS","grey80"
"hsa-miR-6516-5p",43.5073778941757,0.626886607559426,0.542611126559633,1.15531469384738,0.247961580884228,0.995144635579342,"hsa-miR-6516-5p","NS","grey80"
"hsa-miR-6516-3p",130.809634121143,0.314556925998848,0.288781279582905,1.0892566389801,0.276040728399912,0.995144635579342,"hsa-miR-6516-3p","NS","grey80"
"hsa-miR-652-5p",32.641120488391,-0.384110852646536,0.516190648813823,-0.744125941702356,0.456800286423474,0.995144635579342,"hsa-miR-652-5p","NS","grey80"
"hsa-miR-653-5p",537.180772910364,0.17492501887257,0.130995245257903,1.33535395523844,0.181760527253264,0.995144635579342,"hsa-miR-653-5p","NS","grey80"
"hsa-miR-653-3p",354.280795500746,-0.267246802558255,0.198098050562654,-1.34906326336478,0.17731664677653,0.995144635579342,"hsa-miR-653-3p","NS","grey80"
"hsa-miR-654-5p",143.743386468522,-0.257780865291035,0.298340783140435,-0.86404836300806,0.387561323416727,0.995144635579342,"hsa-miR-654-5p","NS","grey80"
"hsa-miR-654-3p",1736.3519513966,0.0152904322971329,0.0910851167769123,0.167869711739873,0.866685778481407,0.995144635579342,"hsa-miR-654-3p","NS","grey80"
"hsa-miR-655-3p",749.049253888775,0.141076782885362,0.126087635475647,1.1188788048342,0.263191846291591,0.995144635579342,"hsa-miR-655-3p","NS","grey80"
"hsa-miR-656-3p",123.498193325491,-0.305665186362075,0.272477436182505,-1.12179999432078,0.261947488651905,0.995144635579342,"hsa-miR-656-3p","NS","grey80"
"hsa-miR-659-5p",16.6564279661193,0.539430309900534,1.01880930846942,0.529471320507399,0.596478534361496,0.995144635579342,"hsa-miR-659-5p","NS","grey80"
"hsa-miR-660-5p",4671.70979378079,-0.0890477665634631,0.0826038146651298,-1.0780103427966,0.281029140490028,0.995144635579342,"hsa-miR-660-5p","NS","grey80"
"hsa-miR-664a-5p",111.500501123342,0.244833066602206,0.279265748116288,0.876702811761417,0.380648079144304,0.995144635579342,"hsa-miR-664a-5p","NS","grey80"
"hsa-miR-664a-3p",388.674235548595,0.212370822457335,0.169003514210802,1.2566059554977,0.208896357148698,0.995144635579342,"hsa-miR-664a-3p","NS","grey80"
"hsa-miR-664b-3p",9.83656324335767,-0.145203881368958,0.824464987469957,-0.176118917814263,0.860200518958021,0.995144635579342,"hsa-miR-664b-3p","NS","grey80"
"hsa-miR-668-3p",17.2045340455128,0.200093449525563,0.837084531215463,0.239036133226621,0.811077564474254,0.995144635579342,"hsa-miR-668-3p","NS","grey80"
"hsa-miR-671-5p",351.376747241236,0.167063094112034,0.178128563342231,0.937879310187117,0.348306436932998,0.995144635579342,"hsa-miR-671-5p","NS","grey80"
"hsa-miR-671-3p",530.739492391488,-0.024081733704281,0.139586271587507,-0.172522221780127,0.863026992820999,0.995144635579342,"hsa-miR-671-3p","NS","grey80"
"hsa-miR-6716-3p",23.6993686209971,0.583920896656026,0.621970080887954,0.938824735463791,0.347820736889931,0.995144635579342,"hsa-miR-6716-3p","NS","grey80"
"hsa-miR-6721-5p",7.52803739432352,-0.394454073864146,1.0687231180568,-0.369089118780698,0.712061299221502,0.995144635579342,"hsa-miR-6721-5p","NS","grey80"
"hsa-miR-6726-3p",39.0188741735169,0.755392518494878,0.588916093955835,1.28268275607956,0.199603243634849,0.995144635579342,"hsa-miR-6726-3p","NS","grey80"
"hsa-miR-6733-5p",7.80438318703619,-0.185822442404833,1.36844780487054,-0.135790668627228,0.891986768087927,0.995144635579342,"hsa-miR-6733-5p","NS","grey80"
"hsa-miR-6735-5p",12.5596227545255,-1.00124586490227,1.10911329667061,-0.902744442707392,0.366661543322628,0.995144635579342,"hsa-miR-6735-5p","|log2FC| > 1","darkgreen"
"hsa-miR-6735-3p",8.18138508075463,1.70684764922505,1.59444727555676,1.07049488270413,0.28439661114935,0.995144635579342,"hsa-miR-6735-3p","|log2FC| > 1","darkgreen"
"hsa-miR-6741-3p",12.5366165828624,0.607592069004061,1.09347689132999,0.555651494623768,0.578449121600018,0.995144635579342,"hsa-miR-6741-3p","NS","grey80"
"hsa-miR-6747-3p",18.7298689523845,-0.0756753938026458,0.705561305437361,-0.107255589584432,0.914586215615118,0.995144635579342,"hsa-miR-6747-3p","NS","grey80"
"hsa-miR-6764-5p",8.03372738244724,-2.31356117754879,1.26022562674843,-1.83583092459255,0.0663826662755351,0.995144635579342,"hsa-miR-6764-5p","|log2FC| > 1","darkgreen"
"hsa-miR-6767-5p",6.7951013200329,0.106010689836796,1.5272830419589,0.0694112924221476,0.944662240546936,0.995144635579342,"hsa-miR-6767-5p","NS","grey80"
"hsa-miR-6783-3p",17.8928462377828,-0.407571588821876,0.760936669337529,-0.535618278426124,0.592222393494944,0.995144635579342,"hsa-miR-6783-3p","NS","grey80"
"hsa-miR-6786-3p",19.8394495698666,0.300207443576197,0.616699490965405,0.486796969957345,0.626402217842424,0.995144635579342,"hsa-miR-6786-3p","NS","grey80"
"hsa-miR-6794-3p",14.0717469620349,2.02197033527331,1.08058276353881,1.87118507114767,0.061319433281248,0.995144635579342,"hsa-miR-6794-3p","|log2FC| > 1","darkgreen"
"hsa-miR-6797-3p",11.5120368704184,1.52485516911298,0.876723113344563,1.73926653227596,0.0819878913330344,0.995144635579342,"hsa-miR-6797-3p","|log2FC| > 1","darkgreen"
"hsa-miR-6798-3p",9.45962757198453,0.122203279416009,0.938903267488213,0.130155345760945,0.896443522895957,0.995144635579342,"hsa-miR-6798-3p","NS","grey80"
"hsa-miR-6800-3p",14.2551794994735,0.730095688645159,1.54633224454361,0.472146714408484,0.63682207070517,0.995144635579342,"hsa-miR-6800-3p","NS","grey80"
"hsa-miR-6803-3p",22.4046706367015,-0.0865893472779002,0.610917111589648,-0.141736654016105,0.887288021484515,0.995144635579342,"hsa-miR-6803-3p","NS","grey80"
"hsa-miR-6804-5p",5.03437025992767,-0.880262508307151,1.64318534748168,-0.53570494019815,0.592162488803015,0.995144635579342,"hsa-miR-6804-5p","NS","grey80"
"hsa-miR-6818-3p",5.16562131374281,-1.28852985881294,1.42507043534514,-0.904186787441746,0.365896364984258,0.995144635579342,"hsa-miR-6818-3p","|log2FC| > 1","darkgreen"
"hsa-miR-6832-5p",6.52547545492224,0.659375765354814,1.66141677332885,0.396875591928492,0.691459204039013,0.995144635579342,"hsa-miR-6832-5p","NS","grey80"
"hsa-miR-6837-5p",12.7168623452518,1.82555707462085,1.26650992201863,1.44140763754237,0.149469553836495,0.995144635579342,"hsa-miR-6837-5p","|log2FC| > 1","darkgreen"
"hsa-miR-6838-5p",7.27299632149903,-1.18348151480237,1.32055582929021,-0.896199530949386,0.370146206171122,0.995144635579342,"hsa-miR-6838-5p","|log2FC| > 1","darkgreen"
"hsa-miR-6842-3p",15.8193063804839,-0.151301801833014,1.09562830088602,-0.138095923326057,0.890164607623079,0.995144635579342,"hsa-miR-6842-3p","NS","grey80"
"hsa-miR-6847-5p",13.0356889986054,0.247698328906835,1.2374717258265,0.200164839112909,0.841351664985863,0.995144635579342,"hsa-miR-6847-5p","NS","grey80"
"hsa-miR-6855-3p",20.2411992510423,0.440182904420147,0.821121469190212,0.536075259186993,0.591906538240659,0.995144635579342,"hsa-miR-6855-3p","NS","grey80"
"hsa-miR-6866-5p",31.0717521783923,-0.422950142295084,0.537729437249809,-0.78654823968396,0.431546369439545,0.995144635579342,"hsa-miR-6866-5p","NS","grey80"
"hsa-miR-6873-3p",21.1199904203035,-0.233133421378368,0.695985100891849,-0.334968982927402,0.737648483950268,0.995144635579342,"hsa-miR-6873-3p","NS","grey80"
"hsa-miR-6877-5p",11.9554467995545,-0.115758596591582,1.02331603207681,-0.113121062275015,0.909934576889175,0.995144635579342,"hsa-miR-6877-5p","NS","grey80"
"hsa-miR-6882-5p",13.6038775767187,-1.17935031930134,0.913655385580938,-1.29080432065912,0.196771539210356,0.995144635579342,"hsa-miR-6882-5p","|log2FC| > 1","darkgreen"
"hsa-miR-6895-5p",8.27659103171091,1.15137742631395,1.45574114484357,0.790921813532777,0.428989618305321,0.995144635579342,"hsa-miR-6895-5p","|log2FC| > 1","darkgreen"
"hsa-miR-7-1-3p",358.305144349043,0.132366340030445,0.201429188049808,0.657135846656516,0.51109357142355,0.995144635579342,"hsa-miR-7-1-3p","NS","grey80"
"hsa-miR-7-2-3p",45.9218041612267,0.601510087631127,0.47549285850045,1.26502444122525,0.205862566502107,0.995144635579342,"hsa-miR-7-2-3p","NS","grey80"
"hsa-miR-708-5p",3867.10765056728,-0.0853589583422878,0.0909667091253698,-0.938353812762936,0.348062613494341,0.995144635579342,"hsa-miR-708-5p","NS","grey80"
"hsa-miR-708-3p",3599.30153257711,0.0374559514977133,0.101015878561323,0.370792711315928,0.710791930534586,0.995144635579342,"hsa-miR-708-3p","NS","grey80"
"hsa-miR-7114-5p",6.70123262282889,-0.627360941263367,1.20390740635315,-0.521103980217013,0.602294338389355,0.995144635579342,"hsa-miR-7114-5p","NS","grey80"
"hsa-miR-7156-5p",10.0351985752799,1.53013608551436,1.04323884268349,1.46671694238151,0.14245307204429,0.995144635579342,"hsa-miR-7156-5p","|log2FC| > 1","darkgreen"
"hsa-miR-744-3p",473.209081079699,0.0141342332593274,0.189970682124872,0.0744021819642498,0.940690372661146,0.995144635579342,"hsa-miR-744-3p","NS","grey80"
"hsa-miR-758-5p",10.2673535174968,0.00515612194037067,0.847302971001026,0.0060853344279899,0.995144635579342,0.995144635579342,"hsa-miR-758-5p","NS","grey80"
"hsa-miR-758-3p",78.4597060511596,0.192415250833802,0.363634901702999,0.529144067119712,0.5967055139474,0.995144635579342,"hsa-miR-758-3p","NS","grey80"
"hsa-miR-760",195.921784273867,-0.128982989723513,0.199359535574019,-0.646986808793121,0.517640480895932,0.995144635579342,"hsa-miR-760","NS","grey80"
"hsa-miR-766-5p",291.175876182689,-0.0688983084342281,0.171613180308611,-0.401474457325065,0.688070840149088,0.995144635579342,"hsa-miR-766-5p","NS","grey80"
"hsa-miR-766-3p",1678.38450445064,-0.00678182287475203,0.101242830727301,-0.066985709763677,0.946593079603235,0.995144635579342,"hsa-miR-766-3p","NS","grey80"
"hsa-miR-767-5p",2545.75949491683,-0.0497991998350964,0.0874031131313516,-0.569764600492627,0.568837368195552,0.995144635579342,"hsa-miR-767-5p","NS","grey80"
"hsa-miR-767-3p",60.6552169185893,0.157778689752749,0.396228799843189,0.398200963219208,0.690482056001362,0.995144635579342,"hsa-miR-767-3p","NS","grey80"
"hsa-miR-769-5p",8802.71727847214,0.0315958617099908,0.0792217868809959,0.398827935520477,0.69001999167615,0.995144635579342,"hsa-miR-769-5p","NS","grey80"
"hsa-miR-769-3p",126.663941410626,0.0105883966665267,0.272545520767748,0.0388500116850194,0.969009971348147,0.995144635579342,"hsa-miR-769-3p","NS","grey80"
"hsa-miR-7704",7.01907658959362,-0.330135842586704,1.36553022811688,-0.241763848056279,0.808963153070989,0.995144635579342,"hsa-miR-7704","NS","grey80"
"hsa-miR-7706",385.681704687724,-0.0259416581446927,0.185055109453298,-0.140183420070547,0.888515071413334,0.995144635579342,"hsa-miR-7706","NS","grey80"
"hsa-miR-7854-3p",13.6722903656366,0.578367035437398,1.05388304997299,0.548796221224186,0.583145303830278,0.995144635579342,"hsa-miR-7854-3p","NS","grey80"
"hsa-miR-7974",20.1350292910071,0.103045371306058,0.736484688469915,0.139915157666265,0.888727025009499,0.995144635579342,"hsa-miR-7974","NS","grey80"
"hsa-miR-7976",21.4408215341923,0.186342404520718,0.799818994029162,0.232980719277496,0.815776377624025,0.995144635579342,"hsa-miR-7976","NS","grey80"
"hsa-miR-873-5p",659.246219250491,-0.0593962758741525,0.148335360691145,-0.40041885897877,0.688848036121315,0.995144635579342,"hsa-miR-873-5p","NS","grey80"
"hsa-miR-873-3p",154.35552790258,-0.0997095277863672,0.227609353546197,-0.438073067880884,0.661333316934696,0.995144635579342,"hsa-miR-873-3p","NS","grey80"
"hsa-miR-874-5p",14.4552530730118,0.116331193903966,1.0809521094813,0.107619193194219,0.914297771449009,0.995144635579342,"hsa-miR-874-5p","NS","grey80"
"hsa-miR-876-5p",11.5959983278836,-0.0932049241421717,1.38530226561344,-0.0672812904849317,0.946357771164638,0.995144635579342,"hsa-miR-876-5p","NS","grey80"
"hsa-miR-876-3p",487.556250570556,-0.0904809507726888,0.148738719127299,-0.608321433071172,0.542974308522773,0.995144635579342,"hsa-miR-876-3p","NS","grey80"
"hsa-miR-877-5p",640.146317255813,-0.0547153041565201,0.123306165017516,-0.44373534890772,0.657233935347389,0.995144635579342,"hsa-miR-877-5p","NS","grey80"
"hsa-miR-877-3p",69.3481946890235,0.127740810041639,0.332495004865313,0.384188658994694,0.700838623350895,0.995144635579342,"hsa-miR-877-3p","NS","grey80"
"hsa-miR-885-5p",400.357736917748,0.238662912818257,0.157413108863688,1.51615652940905,0.12947977707783,0.995144635579342,"hsa-miR-885-5p","NS","grey80"
"hsa-miR-885-3p",7.46602206403344,0.957220823131812,1.67929534078214,0.570013385903865,0.568668619156375,0.995144635579342,"hsa-miR-885-3p","NS","grey80"
"hsa-miR-887-5p",135.303673539915,-0.33599896812603,0.2462984269398,-1.36419453546959,0.17250634759513,0.995144635579342,"hsa-miR-887-5p","NS","grey80"
"hsa-miR-887-3p",724.57445969777,-0.105486330480271,0.192635345796938,-0.547595925575706,0.583969387707179,0.995144635579342,"hsa-miR-887-3p","NS","grey80"
"hsa-miR-889-5p",6.37317878477241,1.25446655212692,1.56680350591448,0.800653398713671,0.423332327942995,0.995144635579342,"hsa-miR-889-5p","|log2FC| > 1","darkgreen"
"hsa-miR-889-3p",1248.16639586565,-0.145433750918636,0.113373469708243,-1.28278468757194,0.199567520207872,0.995144635579342,"hsa-miR-889-3p","NS","grey80"
"hsa-miR-92a-1-5p",1337.62128400835,-0.00139521690215685,0.121232897615592,-0.0115085668131173,0.990817694918255,0.995144635579342,"hsa-miR-92a-1-5p","NS","grey80"
"hsa-miR-92a-2-5p",8.00322213774151,0.0427277356847876,1.3275306351762,0.0321858754537266,0.974323820099384,0.995144635579342,"hsa-miR-92a-2-5p","NS","grey80"
"hsa-miR-92b-5p",295.319670616335,-0.0873155222440446,0.183415702834748,-0.476052600156669,0.63403690465751,0.995144635579342,"hsa-miR-92b-5p","NS","grey80"
"hsa-miR-92b-3p",27689.4080724592,-0.0882302658408538,0.0581952876923525,-1.51610670450295,0.129492373289265,0.995144635579342,"hsa-miR-92b-3p","NS","grey80"
"hsa-miR-93-5p",168367.666649131,-0.0357592508697629,0.0888886554388927,-0.402292628830975,0.687468678811269,0.995144635579342,"hsa-miR-93-5p","NS","grey80"
"hsa-miR-93-3p",3982.12816683353,0.046706569801095,0.103763554108756,0.450125000076051,0.652620311315533,0.995144635579342,"hsa-miR-93-3p","NS","grey80"
"hsa-miR-935",804.810401298504,0.0677732908770306,0.113576927808394,0.596717063798075,0.550696298035094,0.995144635579342,"hsa-miR-935","NS","grey80"
"hsa-miR-937-3p",43.3385971671375,0.376357126581581,0.442525754355415,0.850475080551603,0.395061009152431,0.995144635579342,"hsa-miR-937-3p","NS","grey80"
"hsa-miR-940",520.223437110776,-0.259747112679009,0.164579017175773,-1.57825169414881,0.114507798593082,0.995144635579342,"hsa-miR-940","NS","grey80"
"hsa-miR-942-5p",219.224016426138,-0.154228264240729,0.197618347170947,-0.780434946697109,0.435134904600781,0.995144635579342,"hsa-miR-942-5p","NS","grey80"
"hsa-miR-942-3p",16.8905925805914,-0.108174753203487,0.788828453713132,-0.137133432109722,0.890925327088087,0.995144635579342,"hsa-miR-942-3p","NS","grey80"
"hsa-miR-95-5p",9.99176972509415,-0.203868780833975,1.18409935989217,-0.172172021824706,0.863302292754269,0.995144635579342,"hsa-miR-95-5p","NS","grey80"
"hsa-miR-95-3p",3506.75240633379,-0.0819688179932866,0.0790912211828239,-1.03638326438039,0.30002337482726,0.995144635579342,"hsa-miR-95-3p","NS","grey80"
"hsa-miR-96-5p",2514.69021396241,0.0385483685806299,0.114323771555591,0.337185941787141,0.735976734239264,0.995144635579342,"hsa-miR-96-5p","NS","grey80"
"hsa-miR-96-3p",5.39305312586275,0.586961351435934,1.6950295377846,0.346283848364726,0.729129405763425,0.995144635579342,"hsa-miR-96-3p","NS","grey80"
"hsa-miR-98-5p",14562.759651197,-0.143128046679218,0.0999308032833499,-1.43227155167945,0.152066121362125,0.995144635579342,"hsa-miR-98-5p","NS","grey80"
"hsa-miR-98-3p",14.2236454110101,1.24036860669332,0.785273086147244,1.57953790671586,0.114212728910915,0.995144635579342,"hsa-miR-98-3p","|log2FC| > 1","darkgreen"
"hsa-miR-9901",8.65739074543289,-1.50461313200965,1.36799385707109,-1.09986833949026,0.271389491104146,0.995144635579342,"hsa-miR-9901","|log2FC| > 1","darkgreen"
"hsa-miR-9903",12.3880259341637,0.493094862792045,0.986596104302745,0.499794050109825,0.617220100548456,0.995144635579342,"hsa-miR-9903","NS","grey80"
"hsa-miR-9983-3p",14.5579664306408,-0.210328762458093,1.01740778571027,-0.206730050047,0.836220687768489,0.995144635579342,"hsa-miR-9983-3p","NS","grey80"
"hsa-miR-99a-5p",90808.2217258014,0.0547867840393938,0.0820989750725054,0.667326041415365,0.504563895806086,0.995144635579342,"hsa-miR-99a-5p","NS","grey80"
"hsa-miR-99a-3p",27.1905675697296,-0.509082924473088,0.697735801716395,-0.729621331198384,0.465621679720875,0.995144635579342,"hsa-miR-99a-3p","NS","grey80"
"hsa-miR-99b-5p",98059.4686374009,0.0159041232207009,0.0937904805485565,0.169570761634675,0.865347718330273,0.995144635579342,"hsa-miR-99b-5p","NS","grey80"
"hsa-miR-99b-3p",3408.68036889815,-0.0184827519178744,0.0602010008179215,-0.307017352980155,0.758830163916257,0.995144635579342,"hsa-miR-99b-3p","NS","grey80"
"hsa-let-7a-5p",643399.460810868,-0.0749770328763089,0.0853483519665692,-0.878482491444911,0.379681935174714,0.995144635579342,"hsa-let-7a-5p","NS","grey80"
"hsa-let-7f-5p",143531.908638313,-0.0732040531047766,0.0763835132120204,-0.958375047526048,0.337873672975505,0.995144635579342,"hsa-let-7f-5p","NS","grey80"
"hsa-miR-1-3p",522.746821052064,0.0786006803742669,0.166991395606773,0.470687008086055,0.637864263464764,0.995144635579342,"hsa-miR-1-3p","NS","grey80"
"hsa-miR-101-3p",136478.092048587,-0.0262109099364118,0.0785508896528814,-0.333680624780171,0.738620571606128,0.995144635579342,"hsa-miR-101-3p","NS","grey80"
"hsa-miR-105-5p",3033.63449863619,-0.0615159069920973,0.0812845038144659,-0.756797471908164,0.44917120766012,0.995144635579342,"hsa-miR-105-5p","NS","grey80"
"hsa-miR-105-3p",21.1185070342172,-0.833302181099113,0.902066321853501,-0.923770415668444,0.355605861307347,0.995144635579342,"hsa-miR-105-3p","NS","grey80"
"hsa-miR-1185-5p",7.745570035206,0.158865591944905,1.31208834021355,0.121078426715573,0.903628916435358,0.995144635579342,"hsa-miR-1185-5p","NS","grey80"
"hsa-miR-124-3p",5059.91208242878,-0.136507290798925,0.124947468139961,-1.09251746218671,0.274605719381427,0.995144635579342,"hsa-miR-124-3p","NS","grey80"
"hsa-miR-125b-5p",93298.4056925317,0.0347976288353785,0.081134068615855,0.428890470169007,0.668002935768334,0.995144635579342,"hsa-miR-125b-5p","NS","grey80"
"hsa-miR-128-3p",31038.0242266062,0.0538133360959746,0.0635473912941973,0.846822111813242,0.397094281444696,0.995144635579342,"hsa-miR-128-3p","NS","grey80"
"hsa-miR-1285-3p",102.913626144535,-0.00185012655247566,0.279540721930762,-0.00661845093515181,0.994719278735131,0.995144635579342,"hsa-miR-1285-3p","NS","grey80"
"hsa-miR-1289",8.96367164140341,-0.2778240515686,1.24450567184402,-0.223240486447073,0.823348343285546,0.995144635579342,"hsa-miR-1289","NS","grey80"
"hsa-miR-129-5p",2612.31127514583,0.0622943831082377,0.0998003471819834,0.624190044095192,0.532502784442229,0.995144635579342,"hsa-miR-129-5p","NS","grey80"
"hsa-miR-1302",21.2256323198587,-0.0111274276659536,0.620610768692361,-0.0179298011367081,0.985694854963213,0.995144635579342,"hsa-miR-1302","NS","grey80"
"hsa-miR-133a-3p",21.8315366028391,-0.419201764596604,0.804929737235625,-0.520792990002172,0.602510986933974,0.995144635579342,"hsa-miR-133a-3p","NS","grey80"
"hsa-miR-138-5p",1843.52919551278,-0.13710200333537,0.0989715159074728,-1.38526728703989,0.165970752642916,0.995144635579342,"hsa-miR-138-5p","NS","grey80"
"hsa-miR-153-3p",487.194200059971,-0.121433864747327,0.151754333330339,-0.800200311137011,0.423594749577436,0.995144635579342,"hsa-miR-153-3p","NS","grey80"
"hsa-miR-16-5p",179001.15295139,-0.0726988543546329,0.047061915901479,-1.54474914507992,0.122406952502426,0.995144635579342,"hsa-miR-16-5p","NS","grey80"
"hsa-miR-181a-5p",72614.5221883147,-0.179677682637179,0.162330626697217,-1.10686249596213,0.268353382962504,0.995144635579342,"hsa-miR-181a-5p","NS","grey80"
"hsa-miR-181b-5p",33543.7563060275,-0.2175265333985,0.137577422121922,-1.58112087029604,0.113850403632184,0.995144635579342,"hsa-miR-181b-5p","NS","grey80"
"hsa-miR-194-5p",1062.91538709514,-0.101819433643864,0.11590361761634,-0.878483655108184,0.379681303944463,0.995144635579342,"hsa-miR-194-5p","NS","grey80"
"hsa-miR-196a-5p",1787.10784469604,-0.196736850891049,0.113104287731235,-1.739428759399,0.0819593731786484,0.995144635579342,"hsa-miR-196a-5p","NS","grey80"
"hsa-miR-199a-5p",58702.3135688435,0.0788821033270588,0.0844975303163458,0.933543300398677,0.350539524636243,0.995144635579342,"hsa-miR-199a-5p","NS","grey80"
"hsa-miR-199a-3p",262186.570920845,0.0183966144717868,0.0643809490354497,0.285746245549397,0.775072481920363,0.995144635579342,"hsa-miR-199a-3p","NS","grey80"
"hsa-miR-19b-3p",5441.55811951424,0.0536525403434676,0.0786546610438886,0.682127920092745,0.495158067445457,0.995144635579342,"hsa-miR-19b-3p","NS","grey80"
"hsa-miR-218-5p",359872.651791195,-0.0496211692322318,0.0467916747880129,-1.06047003995984,0.288930812965016,0.995144635579342,"hsa-miR-218-5p","NS","grey80"
"hsa-miR-24-3p",263756.685833481,-0.0778522959307715,0.064220904831083,-1.21225784867937,0.225413693628669,0.995144635579342,"hsa-miR-24-3p","NS","grey80"
"hsa-miR-26a-5p",250135.13846688,-0.15605988146348,0.0910987920408763,-1.71308398242488,0.0866970903532702,0.995144635579342,"hsa-miR-26a-5p","NS","grey80"
"hsa-miR-29b-3p",344.682838689814,-0.105479115807482,0.162685354177694,-0.648362701981595,0.516750388121696,0.995144635579342,"hsa-miR-29b-3p","NS","grey80"
"hsa-miR-30c-5p",91115.3549764886,0.091427255526156,0.0721105453364831,1.26787635705065,0.204842108515342,0.995144635579342,"hsa-miR-30c-5p","NS","grey80"
"hsa-miR-3130-5p",15.0545315083387,0.114619851655264,0.907550692911581,0.126295811959047,0.899497771287976,0.995144635579342,"hsa-miR-3130-5p","NS","grey80"
"hsa-miR-3130-3p",110.735703969435,-0.0930776630189898,0.307560411586847,-0.302632131810329,0.762170224418039,0.995144635579342,"hsa-miR-3130-3p","NS","grey80"
"hsa-miR-3158-3p",86.076588824802,0.302702544893761,0.538935243137619,0.561667749044322,0.574342411688524,0.995144635579342,"hsa-miR-3158-3p","NS","grey80"
"hsa-miR-3179",12.86415232403,-0.134179377547545,1.06745966231535,-0.125699717080181,0.899969625828662,0.995144635579342,"hsa-miR-3179","NS","grey80"
"hsa-miR-3180-3p",14.2464182582903,-0.0613926959607991,1.08638880832071,-0.0565107956659614,0.95493489557171,0.995144635579342,"hsa-miR-3180-3p","NS","grey80"
"hsa-miR-3180",14.2464182582903,-0.0613926959607991,1.08638880832071,-0.0565107956659614,0.95493489557171,0.995144635579342,"hsa-miR-3180","NS","grey80"
"hsa-miR-320b",1733.27483946834,-0.190569892338939,0.10276457566411,-1.85443175439973,0.0636774153448241,0.995144635579342,"hsa-miR-320b","NS","grey80"
"hsa-miR-320c",1022.80223569433,-0.0937221902438735,0.1426007440669,-0.65723493139632,0.511029868034085,0.995144635579342,"hsa-miR-320c","NS","grey80"
"hsa-miR-320d",602.322653996746,-0.00888835347295183,0.161625325003987,-0.0549935690630943,0.956143587185537,0.995144635579342,"hsa-miR-320d","NS","grey80"
"hsa-miR-329-5p",12.1970133777801,0.651107387135023,0.875727874292533,0.743504239443135,0.457176455792268,0.995144635579342,"hsa-miR-329-5p","NS","grey80"
"hsa-miR-329-3p",3461.30872676964,0.0262354342669366,0.0719794489002074,0.364485067165622,0.715495822728044,0.995144635579342,"hsa-miR-329-3p","NS","grey80"
"hsa-miR-3688-3p",13.5727792012557,0.0784526566568248,1.01496701864595,0.0772957694344464,0.93838825634251,0.995144635579342,"hsa-miR-3688-3p","NS","grey80"
"hsa-miR-376a-3p",122.077531868675,0.197864752244682,0.296929320589124,0.666369868263961,0.505174717167838,0.995144635579342,"hsa-miR-376a-3p","NS","grey80"
"hsa-miR-378d",13.1823905179604,-1.82216235926487,0.977507403720951,-1.86409059647905,0.0623089828617595,0.995144635579342,"hsa-miR-378d","|log2FC| > 1","darkgreen"
"hsa-miR-3910",10.7620270153412,-0.688254307591315,1.44648621114832,-0.475811177657154,0.634208905877997,0.995144635579342,"hsa-miR-3910","NS","grey80"
"hsa-miR-3913-5p",136.776704082505,-0.277345346898599,0.320193764337694,-0.866179725493014,0.386391609872923,0.995144635579342,"hsa-miR-3913-5p","NS","grey80"
"hsa-miR-3913-3p",39.8163294435078,-0.419433932223717,0.544698869469856,-0.770029011868417,0.441282683341513,0.995144635579342,"hsa-miR-3913-3p","NS","grey80"
"hsa-miR-450a-5p",2352.35177322594,-0.0392628952295824,0.0967766286030842,-0.405706375561125,0.684958357197002,0.995144635579342,"hsa-miR-450a-5p","NS","grey80"
"hsa-miR-4536-5p",13.0302906789593,0.05018297994096,1.10610490032855,0.0453690964808617,0.963813113048769,0.995144635579342,"hsa-miR-4536-5p","NS","grey80"
"hsa-miR-486-5p",578.647865666265,-0.156544582274796,0.148970774931484,-1.05084089377125,0.293331670504367,0.995144635579342,"hsa-miR-486-5p","NS","grey80"
"hsa-miR-486-3p",109.869396142439,0.101257175905302,0.337277912097458,0.300218817400778,0.764010252520747,0.995144635579342,"hsa-miR-486-3p","NS","grey80"
"hsa-miR-548a-3p",12.075434759666,-1.38959513601694,1.03619892874583,-1.34105054296751,0.179904043137841,0.995144635579342,"hsa-miR-548a-3p","|log2FC| > 1","darkgreen"
"hsa-miR-548aa",173.431702584368,0.212218275891675,0.204337459812776,1.03856765218732,0.299005856542293,0.995144635579342,"hsa-miR-548aa","NS","grey80"
"hsa-miR-548d-5p",39.3394688541162,0.374944525181128,0.58810896435569,0.637542611838782,0.523771463055609,0.995144635579342,"hsa-miR-548d-5p","NS","grey80"
"hsa-miR-548h-5p",26.1727871491171,-0.265203600741743,0.693156222422472,-0.382602928694628,0.702014198420685,0.995144635579342,"hsa-miR-548h-5p","NS","grey80"
"hsa-miR-548o-3p",142.317990564445,0.25867029770956,0.258033092097295,1.00246947245055,0.316116903393998,0.995144635579342,"hsa-miR-548o-3p","NS","grey80"
"hsa-miR-550a-3p",112.14741622764,0.216826230570787,0.3329001428606,0.651325135242076,0.514836626281403,0.995144635579342,"hsa-miR-550a-3p","NS","grey80"
"hsa-miR-550a-3-5p",17.6618489422346,0.013832305841724,0.586095423648312,0.0236007743510793,0.981171054481455,0.995144635579342,"hsa-miR-550a-3-5p","NS","grey80"
"hsa-miR-6511a-3p",104.219618696035,0.366064598143898,0.285777735760128,1.28094162818604,0.200214169658429,0.995144635579342,"hsa-miR-6511a-3p","NS","grey80"
"hsa-miR-6511b-5p",19.2999919007263,0.4925873415664,0.78051997294543,0.631101520320531,0.527974147139054,0.995144635579342,"hsa-miR-6511b-5p","NS","grey80"
"hsa-miR-6511b-3p",108.011808452264,-0.157017663034013,0.293049906644173,-0.535805197251493,0.592093189883028,0.995144635579342,"hsa-miR-6511b-3p","NS","grey80"
"hsa-miR-6770-3p",10.8182972323915,1.77184806660468,1.3600359842483,1.30279499007814,0.192644761624271,0.995144635579342,"hsa-miR-6770-3p","|log2FC| > 1","darkgreen"
"hsa-miR-6862-5p",5.77845684743262,-0.99656074771295,1.69286003386566,-0.588684668417207,0.556072824528877,0.995144635579342,"hsa-miR-6862-5p","NS","grey80"
"hsa-miR-7-5p",49005.0416248564,0.0337115812553076,0.0693930490464525,0.485806312282671,0.627104498424316,0.995144635579342,"hsa-miR-7-5p","NS","grey80"
"hsa-miR-9-5p",184334.789205567,-0.0123441248351579,0.0626690620880007,-0.196973186192322,0.84384852101669,0.995144635579342,"hsa-miR-9-5p","NS","grey80"
"hsa-miR-9-3p",76281.5288478915,0.0137393901990907,0.0572546091129198,0.239970028823239,0.810353491340144,0.995144635579342,"hsa-miR-9-3p","NS","grey80"
"hsa-miR-92a-3p",778598.145640676,0.0629668375769041,0.0826788292417628,0.761583565640262,0.44630858649886,0.995144635579342,"hsa-miR-92a-3p","NS","grey80"
"hsa-miR-941",235.63762943219,-0.327081520004875,0.202708128922883,-1.61355897142787,0.106623122259008,0.995144635579342,"hsa-miR-941","NS","grey80"
