"X","baseMean","log2FoldChange","lfcSE","stat","pvalue","padj","miR_name","expression","significant"
"hsa-miR-335-3p",554.016727985798,3.97619718748523,0.155579559875508,25.5573237941212,4.55221166684979e-144,2.42177660676409e-141,"hsa-miR-335-3p","P.adj < 0.05 & |log2FC| > 1","red"
"hsa-miR-27a-5p",1687.69715969563,2.14676327904064,0.152192943108795,14.1055375839997,3.51103465728621e-45,9.33935218838132e-43,"hsa-miR-27a-5p","P.adj < 0.05 & |log2FC| > 1","red"
"hsa-miR-335-5p",569.902399103161,1.81714532420105,0.168628291956663,10.7760406223414,4.46702044152753e-27,7.92151624964215e-25,"hsa-miR-335-5p","P.adj < 0.05 & |log2FC| > 1","red"
"hsa-miR-4521",2904.71616208177,0.979449510989922,0.104405842838224,9.38117527107719,6.52413929484502e-21,8.67710526214388e-19,"hsa-miR-4521","P.adj < 0.05","blue"
"hsa-miR-132-5p",1063.53729592225,0.890654075071063,0.098523467031077,9.04001962080898,1.56643698457294e-19,1.66668895158561e-17,"hsa-miR-132-5p","P.adj < 0.05","blue"
"hsa-miR-145-3p",439.990524513566,1.2356810763179,0.1537577790225,8.03654347879907,9.24081689612112e-16,8.19352431456072e-14,"hsa-miR-145-3p","P.adj < 0.05 & |log2FC| > 1","red"
"hsa-miR-23a-5p",143.263769569646,2.03334236549833,0.337619591532792,6.02258404575091,1.71654182330017e-09,1.30457178570813e-07,"hsa-miR-23a-5p","P.adj < 0.05 & |log2FC| > 1","red"
"hsa-miR-92a-1-5p",1337.62128400835,0.66053172347615,0.120778234950143,5.46896320971087,4.52675689435015e-08,3.01029333474285e-06,"hsa-miR-92a-1-5p","P.adj < 0.05","blue"
"hsa-miR-374a-5p",14850.3799921138,-0.384655618010253,0.0735684267478365,-5.22854212077554,1.70851912742418e-07,1.00992463976629e-05,"hsa-miR-374a-5p","P.adj < 0.05","blue"
"hsa-miR-32-5p",544.025448783209,-0.57819437077095,0.111315944053481,-5.19417389563854,2.05630868908246e-07,1.09395622259187e-05,"hsa-miR-32-5p","P.adj < 0.05","blue"
"hsa-miR-212-5p",436.582194299007,0.848654812830715,0.171061876303906,4.96109847014076,7.00956439707967e-07,3.39008023567853e-05,"hsa-miR-212-5p","P.adj < 0.05","blue"
"hsa-miR-29b-3p",344.682838689814,-0.653581841033726,0.164001710216652,-3.98521356984827,6.74194592737868e-05,0.00298892936113788,"hsa-miR-29b-3p","P.adj < 0.05","blue"
"hsa-miR-15a-5p",4375.44843646932,-0.3225904800137,0.082091273395979,-3.92965618230379,8.50674085932294e-05,0.00348122010550754,"hsa-miR-15a-5p","P.adj < 0.05","blue"
"hsa-miR-497-5p",1249.90301533813,-0.449350931926829,0.117425581441966,-3.82668688039586,0.000129879554178459,0.00493542305878142,"hsa-miR-497-5p","P.adj < 0.05","blue"
"hsa-miR-483-3p",3256.74704786344,0.342104207143473,0.0952100940945161,3.59315060442922,0.000326703629817009,0.0115870887375099,"hsa-miR-483-3p","P.adj < 0.05","blue"
"hsa-miR-21-3p",744.672958727715,0.473025297745122,0.133097145406531,3.55398529623093,0.00037944042700016,0.0126163941977553,"hsa-miR-21-3p","P.adj < 0.05","blue"
"hsa-miR-15b-5p",28435.4586496883,-0.143470423623266,0.0406276774611477,-3.53134691886996,0.000413449099353113,0.0129385247562268,"hsa-miR-15b-5p","P.adj < 0.05","blue"
"hsa-miR-23b-5p",856.483072544367,0.518659361238939,0.15223390783806,3.40698973444646,0.000656835973775859,0.0183914072657241,"hsa-miR-23b-5p","P.adj < 0.05","blue"
"hsa-miR-26b-5p",63021.4492892409,-0.315632876997276,0.0923588048632914,-3.41746385159999,0.000632074872745975,0.0183914072657241,"hsa-miR-26b-5p","P.adj < 0.05","blue"
"hsa-miR-130a-3p",1730.04691874587,-0.397583678854931,0.117330288220113,-3.38858520580006,0.000702541977285018,0.0186876165957815,"hsa-miR-130a-3p","P.adj < 0.05","blue"
"hsa-miR-140-5p",735.843852608882,-0.442708589170106,0.131333857328264,-3.37086413340904,0.000749328039310291,0.0189829769958607,"hsa-miR-140-5p","P.adj < 0.05","blue"
"hsa-miR-4326",293.76717139578,0.530199933749338,0.158436246386352,3.34645604047213,0.000818516567214363,0.0197932188071837,"hsa-miR-4326","P.adj < 0.05","blue"
"hsa-miR-124-5p",197.069612920922,0.831277282560969,0.253956597510208,3.27330453593573,0.00106297882469283,0.0245871623798514,"hsa-miR-124-5p","P.adj < 0.05","blue"
"hsa-miR-375-3p",50312.6597654447,0.223705721049999,0.0706743806361099,3.16530147185613,0.00154922343227294,0.0343411194153835,"hsa-miR-375-3p","P.adj < 0.05","blue"
"hsa-miR-19b-3p",5441.55811951424,-0.241407103723142,0.0787434647297815,-3.06574144980237,0.00217130985231016,0.0462054736571602,"hsa-miR-19b-3p","P.adj < 0.05","blue"
"hsa-miR-25-3p",97939.5045882779,-0.193670069228981,0.0635048258111899,-3.04969058264632,0.0022907723878377,0.0468727273203713,"hsa-miR-25-3p","P.adj < 0.05","blue"
"hsa-miR-16-5p",179001.15295139,-0.142278687218438,0.0470631690748013,-3.02314293778863,0.00250164051615526,0.0492915835035037,"hsa-miR-16-5p","P.adj < 0.05","blue"
"hsa-miR-26a-2-3p",392.786152345774,-0.464639738680711,0.159600956315209,-2.91125911403097,0.00359975356448722,0.0683953177252572,"hsa-miR-26a-2-3p","NS","grey80"
"hsa-miR-106b-5p",65719.6706552625,-0.229117581975157,0.0796535704606819,-2.87642576032737,0.00402206795519451,0.073784143178051,"hsa-miR-106b-5p","NS","grey80"
"hsa-miR-132-3p",950.427198791855,0.388440314766053,0.138050242841999,2.81376045973806,0.00489657007140333,0.0744278650853305,"hsa-miR-132-3p","NS","grey80"
"hsa-miR-137-3p",2516.16035038514,-0.217749789289235,0.0764395776509169,-2.84865243870984,0.00439048146763245,0.0744278650853305,"hsa-miR-137-3p","NS","grey80"
"hsa-miR-33b-3p",109.324874448042,0.876246449600988,0.306447320695241,2.85937056853046,0.00424482600615942,0.0744278650853305,"hsa-miR-33b-3p","NS","grey80"
"hsa-miR-501-5p",1364.88630880576,-0.30547324778683,0.107788664889275,-2.8340015909894,0.00459691031339075,0.0744278650853305,"hsa-miR-501-5p","NS","grey80"
"hsa-miR-92b-5p",295.319670616335,0.513530414405112,0.182191215962161,2.81863432160071,0.00482284274363168,0.0744278650853305,"hsa-miR-92b-5p","NS","grey80"
"hsa-miR-7-5p",49005.0416248564,0.196318411513114,0.0693881140757835,2.82928011703418,0.00466528457842107,0.0744278650853305,"hsa-miR-7-5p","NS","grey80"
"hsa-miR-130b-3p",4093.17397869894,-0.241060230140502,0.0886705041346501,-2.71860673955842,0.00655574998459273,0.0968794164389814,"hsa-miR-130b-3p","NS","grey80"
"hsa-miR-6500-3p",240.279770899666,-0.471486793249704,0.174111985220947,-2.70795139491053,0.00676999364874416,0.097341530300862,"hsa-miR-6500-3p","NS","grey80"
"hsa-miR-324-5p",1518.40260338637,-0.382897597855046,0.142542685237784,-2.68619604868754,0.00722706698521198,0.101178937792968,"hsa-miR-324-5p","NS","grey80"
"hsa-miR-30b-3p",88.8796055003919,0.802074748728244,0.300142169194506,2.67231609233977,0.00753296531317869,0.102757372990027,"hsa-miR-30b-3p","NS","grey80"
"hsa-miR-17-5p",12391.834203122,-0.201501871116528,0.0761598205442389,-2.64577660079282,0.00815036228251783,0.108399818357487,"hsa-miR-17-5p","NS","grey80"
"hsa-miR-26a-5p",250135.13846688,-0.239176914014539,0.0910993416686299,-2.62545161835016,0.00865341058835864,0.112283278853824,"hsa-miR-26a-5p","NS","grey80"
"hsa-miR-20a-5p",12979.4168767551,-0.166098928160908,0.0639590127405348,-2.59695891233857,0.00940531738948148,0.119134020266765,"hsa-miR-20a-5p","NS","grey80"
"hsa-miR-323a-3p",2709.35369774875,0.22635029044078,0.087477465908318,2.58752683437366,0.00966676658933097,0.119598135477304,"hsa-miR-323a-3p","NS","grey80"
"hsa-miR-660-3p",50.1211949080064,1.2945543732097,0.506866447988864,2.55403445689927,0.0106482718398911,0.128747286791411,"hsa-miR-660-3p","|log2FC| > 1","darkgreen"
"hsa-miR-500b-5p",179.337351913293,-0.534348681836542,0.212897610919313,-2.50988575930547,0.0120770225349066,0.142777244190452,"hsa-miR-500b-5p","NS","grey80"
"hsa-miR-152-3p",3719.80694931843,-0.220909684154636,0.0886804499251101,-2.49107536487684,0.0127357101879705,0.144802079988263,"hsa-miR-152-3p","NS","grey80"
"hsa-miR-27a-3p",33378.5563011748,-0.200034227717063,0.0804953824484436,-2.48503978281217,0.0129536957556412,0.144802079988263,"hsa-miR-27a-3p","NS","grey80"
"hsa-miR-4286",4993.58501982264,0.21825855017419,0.0879366810119333,2.48199667832098,0.0130648493222493,0.144802079988263,"hsa-miR-4286","NS","grey80"
"hsa-miR-143-3p",37031.2965263217,0.225934972193979,0.0916296238818592,2.46574156503451,0.0136729944810244,0.145480661278099,"hsa-miR-143-3p","NS","grey80"
"hsa-miR-24-2-5p",2494.67856002827,0.209452445734535,0.0848344819087864,2.46895414484569,0.0135508581742793,0.145480661278099,"hsa-miR-24-2-5p","NS","grey80"
"hsa-miR-1255a",44.828406239146,1.03632351666891,0.421928539048259,2.45615885336066,0.0140431065740857,0.146488876419874,"hsa-miR-1255a","|log2FC| > 1","darkgreen"
"hsa-miR-374c-5p",478.760868515519,-0.459782700538267,0.189699670628092,-2.42374010991129,0.0153615944829739,0.157160928171964,"hsa-miR-374c-5p","NS","grey80"
"hsa-miR-12136",1134.98516011525,-1.09047656238483,0.467208958565839,-2.33402322963198,0.0195945055972205,0.193704469266132,"hsa-miR-12136","|log2FC| > 1","darkgreen"
"hsa-miR-4485-3p",2471.63975744793,-1.37610437556169,0.59054222707954,-2.33023874070287,0.0197935364718783,0.193704469266132,"hsa-miR-4485-3p","|log2FC| > 1","darkgreen"
"hsa-miR-455-3p",315.932151128151,-0.455798275620383,0.195969493109223,-2.32586342082513,0.02002583798804,0.193704469266132,"hsa-miR-455-3p","NS","grey80"
"hsa-miR-708-5p",3867.10765056728,-0.210412625589232,0.0910173016434723,-2.3117871194803,0.0207894175853076,0.197499467060423,"hsa-miR-708-5p","NS","grey80"
"hsa-let-7i-3p",240.335057364657,-0.446745644095658,0.194595445110063,-2.29576619248709,0.021689253433114,0.201324821608619,"hsa-let-7i-3p","NS","grey80"
"hsa-miR-148b-3p",3977.54204689745,-0.219924956661049,0.0963267250795829,-2.2831146442418,0.0224236161694502,0.201324821608619,"hsa-miR-148b-3p","NS","grey80"
"hsa-miR-195-5p",7459.23203652105,-0.142529179750977,0.0622210515858711,-2.29069062830403,0.0219813130399637,0.201324821608619,"hsa-miR-195-5p","NS","grey80"
"hsa-miR-378a-5p",45.8525859944684,-1.2414940104085,0.544909556683258,-2.27834875564524,0.0227058069483405,0.201324821608619,"hsa-miR-378a-5p","|log2FC| > 1","darkgreen"
"hsa-miR-151b",1105.78307129653,0.217026553378896,0.0962111548999028,2.25573171431825,0.0240874381352883,0.210074050622514,"hsa-miR-151b","NS","grey80"
"hsa-miR-487a-3p",171.39989573295,-0.550087451819881,0.247227047804457,-2.22502940800786,0.0260792640118489,0.223776910553284,"hsa-miR-487a-3p","NS","grey80"
"hsa-miR-99b-3p",3408.68036889815,0.133322616853058,0.0601225371337946,2.2175148157232,0.0265879317620668,0.224520312657453,"hsa-miR-99b-3p","NS","grey80"
"hsa-miR-15b-3p",462.767332928834,-0.334986555471939,0.152325916258858,-2.19914354496757,0.0278677170892012,0.231650398303985,"hsa-miR-15b-3p","NS","grey80"
"hsa-miR-124-3p",5059.91208242878,-0.27178822083851,0.124977599131269,-2.1746954872532,0.0296529432986967,0.242697935921641,"hsa-miR-124-3p","NS","grey80"
"hsa-miR-101-3p",136478.092048587,0.17005144265428,0.0785489526130849,2.16491037750581,0.0303945493347879,0.244998488577381,"hsa-miR-101-3p","NS","grey80"
"hsa-miR-331-3p",821.928688907363,-0.350821639660183,0.162865218535399,-2.15406114832267,0.0312353768526133,0.24801821620284,"hsa-miR-331-3p","NS","grey80"
"hsa-miR-30e-3p",2717.59757583858,-0.185787719745878,0.0866488336241225,-2.1441456506133,0.0320212182579449,0.249090941275012,"hsa-miR-30e-3p","NS","grey80"
"hsa-miR-500a-5p",474.867584611935,-0.300125478242559,0.140206726513735,-2.14059257858187,0.0323069077969471,0.249090941275012,"hsa-miR-500a-5p","NS","grey80"
"hsa-miR-769-5p",8802.71727847214,0.167705154226335,0.0792019958735123,2.11743596075742,0.0342228649201249,0.260093773392949,"hsa-miR-769-5p","NS","grey80"
"hsa-miR-326",54.0962600059794,-1.0401679507627,0.493290839796304,-2.10863017685919,0.0349765160081089,0.262077556567802,"hsa-miR-326","|log2FC| > 1","darkgreen"
"hsa-miR-146b-5p",5591.69278596811,0.174913731091929,0.0835843417952532,2.09266146427754,0.0363793855603254,0.268803237751293,"hsa-miR-146b-5p","NS","grey80"
"hsa-miR-874-3p",497.543252675809,-0.309137533954385,0.150261885909076,-2.0573249968488,0.0396549744308658,0.288992416400283,"hsa-miR-874-3p","NS","grey80"
"hsa-miR-18a-5p",9382.720250204,-0.145259816215339,0.0714308589707067,-2.03357230066223,0.0419947369814767,0.297882667655274,"hsa-miR-18a-5p","NS","grey80"
"hsa-miR-191-3p",673.12547158317,0.270663816129201,0.132753978196008,2.03883770420478,0.0414662279237937,0.297882667655274,"hsa-miR-191-3p","NS","grey80"
"hsa-miR-27b-5p",1842.95689083159,0.190011855956117,0.0940950456315542,2.01936089919274,0.0434497224476601,0.30414805713362,"hsa-miR-27b-5p","NS","grey80"
"hsa-miR-543",3668.16578022476,0.165106800840053,0.0819993011196932,2.01351473226643,0.0440605066935434,0.3044180462463,"hsa-miR-543","NS","grey80"
"hsa-miR-1243",34.102995873306,-1.1306030392931,0.57473820518366,-1.96716179487636,0.0491645609964035,0.307281400228108,"hsa-miR-1243","|log2FC| > 1","darkgreen"
"hsa-miR-17-3p",692.880044539986,-0.296854039689818,0.150561932851855,-1.97164073326494,0.04865063374846,0.307281400228108,"hsa-miR-17-3p","NS","grey80"
"hsa-miR-1908-5p",243.248347205591,0.435553635545573,0.222897423978556,1.9540541463928,0.0506948140446915,0.307281400228108,"hsa-miR-1908-5p","NS","grey80"
"hsa-miR-2682-3p",110.0387340878,-0.5020618751639,0.252317172884988,-1.98980461545022,0.0466124628181748,0.307281400228108,"hsa-miR-2682-3p","NS","grey80"
"hsa-miR-29c-3p",811.410794853127,-0.292377275923149,0.148037349462482,-1.97502371519592,0.0482654568052547,0.307281400228108,"hsa-miR-29c-3p","NS","grey80"
"hsa-miR-362-5p",7361.71291269465,-0.144427564294378,0.0741386404417498,-1.94807408705928,0.0514060989103413,0.307281400228108,"hsa-miR-362-5p","NS","grey80"
"hsa-miR-450a-1-3p",76.902883707776,-0.693991529531372,0.347940676591337,-1.99456854636883,0.04608995695884,0.307281400228108,"hsa-miR-450a-1-3p","NS","grey80"
"hsa-miR-485-5p",170.699958348069,0.43982439308892,0.225714719052049,1.94858534231211,0.0513449639844709,0.307281400228108,"hsa-miR-485-5p","NS","grey80"
"hsa-miR-5579-5p",41.9091208667606,-0.73642545243942,0.376164662450828,-1.9577209821927,0.0502627617914461,0.307281400228108,"hsa-miR-5579-5p","NS","grey80"
"hsa-miR-589-3p",78.528837714354,0.664038693982137,0.339668301159874,1.95496221376745,0.0505875304004055,0.307281400228108,"hsa-miR-589-3p","NS","grey80"
"hsa-miR-153-3p",487.194200059971,-0.296242229587037,0.152064899696771,-1.94813024029717,0.0513993812362838,0.307281400228108,"hsa-miR-153-3p","NS","grey80"
"hsa-miR-941",235.63762943219,-0.398445194777932,0.202942843346673,-1.96333700763863,0.0496070280064069,0.307281400228108,"hsa-miR-941","NS","grey80"
"hsa-miR-34a-5p",2033.48490102381,-0.227343958489919,0.116994249111882,-1.94320627052797,0.0519912407679943,0.307326000984144,"hsa-miR-34a-5p","NS","grey80"
"hsa-miR-379-5p",2034.52914161626,0.164933246290196,0.0852807120088255,1.93400409547622,0.0531126243075295,0.310504572874788,"hsa-miR-379-5p","NS","grey80"
"hsa-miR-4746-5p",42.5161569092754,-1.07024199462333,0.557260303942858,-1.92054231577399,0.0547894334631772,0.316825854374025,"hsa-miR-4746-5p","|log2FC| > 1","darkgreen"
"hsa-miR-1276",195.42963221749,0.348594408389282,0.181953569157103,1.91584265152995,0.0553851269546683,0.316826747740683,"hsa-miR-1276","NS","grey80"
"hsa-miR-885-5p",400.357736917748,0.299872642092112,0.157331922967924,1.90598726841499,0.05665185749232,0.32062540623313,"hsa-miR-885-5p","NS","grey80"
"hsa-miR-1226-3p",212.076295401642,0.38735501755704,0.204289334840369,1.89610983784208,0.0579455219902732,0.32449492314553,"hsa-miR-1226-3p","NS","grey80"
"hsa-miR-424-3p",568.113310634742,-0.349202662699028,0.185318007954465,-1.88434284694465,0.0595186152472726,0.329832326161969,"hsa-miR-424-3p","NS","grey80"
"hsa-miR-185-3p",87.0214615098999,0.583287605188789,0.311495861783324,1.87253725249976,0.0611323130950579,0.335282376974957,"hsa-miR-185-3p","NS","grey80"
"hsa-miR-191-5p",133262.558859803,-0.13167709356976,0.0705035310298378,-1.86766664940559,0.0618085500294889,0.335532128731511,"hsa-miR-191-5p","NS","grey80"
"hsa-miR-181a-2-3p",19146.4659864685,0.140191961657009,0.0772904080395891,1.81383389236606,0.0697033028618139,0.367150070519653,"hsa-miR-181a-2-3p","NS","grey80"
"hsa-miR-410-3p",552.383212267718,-0.311512367465752,0.171605446571779,-1.81528251980891,0.0694805038880068,0.367150070519653,"hsa-miR-410-3p","NS","grey80"
"hsa-miR-494-3p",1298.38848836094,0.17637824827421,0.0969075005406746,1.82006807822042,0.068748638136894,0.367150070519653,"hsa-miR-494-3p","NS","grey80"
"hsa-miR-106a-5p",1002.14208897895,-0.251170243623602,0.139598777312087,-1.79922953810753,0.0719823787878676,0.372756477094048,"hsa-miR-106a-5p","NS","grey80"
"hsa-miR-1306-5p",404.451554101619,-0.239432921645605,0.133162517695653,-1.79805042581753,0.0721690171817424,0.372756477094048,"hsa-miR-1306-5p","NS","grey80"
"hsa-let-7d-3p",1409.7521117502,0.223232595316975,0.128859349196342,1.73237407071518,0.0832069815532786,0.37332409960547,"hsa-let-7d-3p","NS","grey80"
"hsa-miR-10b-5p",236449.439054372,0.161915864744552,0.093767893595632,1.72677297671635,0.0842084435200309,0.37332409960547,"hsa-miR-10b-5p","NS","grey80"
"hsa-miR-1268b",285.212386466709,0.312767847864188,0.179257699376205,1.74479449949755,0.081020646632376,0.37332409960547,"hsa-miR-1268b","NS","grey80"
"hsa-miR-212-3p",43.4964915692707,0.7712752648557,0.438648459713449,1.75829926624966,0.0786966024831863,0.37332409960547,"hsa-miR-212-3p","NS","grey80"
"hsa-miR-2277-3p",69.2561455093217,0.601271065723948,0.347456043538839,1.73049534438947,0.0835418123125003,0.37332409960547,"hsa-miR-2277-3p","NS","grey80"
"hsa-miR-3065-5p",408.539734255116,-0.248225282310803,0.142889094866391,-1.73718842955025,0.0823539165495882,0.37332409960547,"hsa-miR-3065-5p","NS","grey80"
"hsa-miR-323b-3p",350.755766165653,0.299954828454269,0.167779057715923,1.78779659713038,0.0738088300922079,0.37332409960547,"hsa-miR-323b-3p","NS","grey80"
"hsa-miR-340-3p",2335.09690457428,-0.18723670451781,0.107634602527275,-1.73955865605917,0.0819365442465831,0.37332409960547,"hsa-miR-340-3p","NS","grey80"
"hsa-miR-374b-5p",20116.4789978932,-0.157685932620697,0.0904395016563849,-1.74355154255281,0.0812373192344223,0.37332409960547,"hsa-miR-374b-5p","NS","grey80"
"hsa-miR-377-5p",70.6441613769806,0.561043294633605,0.319991358747157,1.75330764190078,0.0795492144855844,0.37332409960547,"hsa-miR-377-5p","NS","grey80"
"hsa-miR-412-5p",249.571947133637,0.397773672750611,0.224614556294811,1.7709167175636,0.0765745519219705,0.37332409960547,"hsa-miR-412-5p","NS","grey80"
"hsa-miR-4454",66.7308100560931,0.652498123325358,0.373436942121708,1.74727791958167,0.0805891412834403,0.37332409960547,"hsa-miR-4454","NS","grey80"
"hsa-miR-574-3p",4812.50779461888,0.139522148782136,0.079460345387267,1.75587141110632,0.0791103674939466,0.37332409960547,"hsa-miR-574-3p","NS","grey80"
"hsa-miR-576-3p",255.578845089985,0.307418822851144,0.171508735676794,1.79243827807389,0.0730627878242146,0.37332409960547,"hsa-miR-576-3p","NS","grey80"
"hsa-miR-656-3p",123.498193325491,-0.487022880731682,0.273320518983214,-1.78187456449837,0.0747696892447833,0.37332409960547,"hsa-miR-656-3p","NS","grey80"
"hsa-miR-6726-3p",39.0188741735169,1.02929867008779,0.587745508349278,1.75126590584868,0.0799001176389007,0.37332409960547,"hsa-miR-6726-3p","|log2FC| > 1","darkgreen"
"hsa-miR-550a-3p",112.14741622764,0.576728314747073,0.331881675419408,1.73775281210765,0.0822543786064209,0.37332409960547,"hsa-miR-550a-3p","NS","grey80"
"hsa-miR-34a-3p",59.4910745115129,-0.678156922654529,0.394511400296346,-1.7189792795471,0.0856181449135169,0.376364811144698,"hsa-miR-34a-3p","NS","grey80"
"hsa-miR-652-3p",2410.46571197741,-0.121194791873167,0.0709066178539721,-1.70921693265304,0.0874107734823043,0.376364811144698,"hsa-miR-652-3p","NS","grey80"
"hsa-miR-873-3p",154.35552790258,-0.391706773030435,0.228735972370364,-1.71248435028048,0.0868074462149864,0.376364811144698,"hsa-miR-873-3p","NS","grey80"
"hsa-miR-181b-5p",33543.7563060275,-0.234918787835382,0.137578367338266,-1.7075270798772,0.0877241289134259,0.376364811144698,"hsa-miR-181b-5p","NS","grey80"
"hsa-miR-338-3p",166.985211404948,-0.410620181866559,0.241253814538836,-1.70202565564185,0.0887505589827918,0.377722379030762,"hsa-miR-338-3p","NS","grey80"
"hsa-miR-29a-3p",20267.0900110769,-0.140047281871556,0.0827567835596145,-1.69227555552195,0.0905934463443712,0.380007602114497,"hsa-miR-29a-3p","NS","grey80"
"hsa-miR-548n",60.8749329810579,0.753626191810205,0.445502361120216,1.6916323179864,0.0907161005047764,0.380007602114497,"hsa-miR-548n","NS","grey80"
"hsa-miR-362-3p",614.402512297243,-0.216464010335553,0.128809706419085,-1.68049455552117,0.0928611327270563,0.385954082896828,"hsa-miR-362-3p","NS","grey80"
"hsa-miR-1270",254.513350745679,0.251855364330588,0.151818909390017,1.65891959929432,0.0971319946768234,0.391013666958908,"hsa-miR-1270","NS","grey80"
"hsa-miR-26a-1-3p",41.8085496146751,-0.628020543273185,0.376680554361576,-1.66724970535736,0.0954647628518892,0.391013666958908,"hsa-miR-26a-1-3p","NS","grey80"
"hsa-miR-32-3p",673.860701926852,-0.20625758537981,0.125108450756646,-1.6486303213922,0.0992233929313019,0.391013666958908,"hsa-miR-32-3p","NS","grey80"
"hsa-miR-361-5p",22493.0365214115,-0.116322909885971,0.0705041569328155,-1.64987307055975,0.0989688996452193,0.391013666958908,"hsa-miR-361-5p","NS","grey80"
"hsa-miR-4677-3p",131.46714378846,0.528773790646339,0.31810365026993,1.66226885544269,0.0964588795165973,0.391013666958908,"hsa-miR-4677-3p","NS","grey80"
"hsa-miR-548e-3p",337.761654876862,0.272840142839897,0.165234534395252,1.65122953163802,0.0986917151257463,0.391013666958908,"hsa-miR-548e-3p","NS","grey80"
"hsa-miR-671-5p",351.376747241236,-0.29611955600594,0.179095839974993,-1.65341392657298,0.0982466504569938,0.391013666958908,"hsa-miR-671-5p","NS","grey80"
"hsa-miR-590-3p",1423.84373485748,-0.176567494440372,0.107814781547476,-1.63769282751476,0.101485787583417,0.396988522017483,"hsa-miR-590-3p","NS","grey80"
"hsa-miR-485-3p",804.036086126292,0.216301456265169,0.133018185517822,1.62610439635104,0.103927448961483,0.403572283558458,"hsa-miR-485-3p","NS","grey80"
"hsa-miR-30e-5p",128274.727704787,-0.0887876079323446,0.0554902569663661,-1.60005760986403,0.109585803719713,0.422461214339762,"hsa-miR-30e-5p","NS","grey80"
"hsa-miR-342-3p",6035.72313125877,-0.135006752589659,0.0845835601158277,-1.59613466736068,0.110458730166982,0.422762909703843,"hsa-miR-342-3p","NS","grey80"
"hsa-miR-181d-5p",3659.51433552231,-0.302272682538459,0.191292784972591,-1.58015725779605,0.114070857404329,0.43346925813645,"hsa-miR-181d-5p","NS","grey80"
"hsa-miR-370-3p",1009.6160380667,0.20229656573797,0.128872525397514,1.56974161182902,0.116475236201486,0.439466848646743,"hsa-miR-370-3p","NS","grey80"
"hsa-miR-30c-1-3p",92.0531484054708,-0.533365156862478,0.343442241840312,-1.55299812278326,0.120423583084113,0.451164409864424,"hsa-miR-30c-1-3p","NS","grey80"
"hsa-miR-130b-5p",23054.2214316616,0.0983190982722735,0.0635585756501011,1.54690531162205,0.121886080058997,0.453108042879877,"hsa-miR-130b-5p","NS","grey80"
"hsa-miR-30c-5p",91115.3549764886,0.111321518662849,0.0721105033942498,1.54376288367064,0.122645786042673,0.453108042879877,"hsa-miR-30c-5p","NS","grey80"
"hsa-miR-181c-5p",5552.62971450611,-0.362111206751119,0.236521529461057,-1.53098623865757,0.125772793761405,0.453500010393157,"hsa-miR-181c-5p","NS","grey80"
"hsa-miR-411-5p",1280.46504186047,0.161918903037021,0.105567080619405,1.53380108729896,0.125078595434151,0.453500010393157,"hsa-miR-411-5p","NS","grey80"
"hsa-miR-181a-5p",72614.5221883147,-0.24847327866032,0.162331546525927,-1.53065306145306,0.125855160256985,0.453500010393157,"hsa-miR-181a-5p","NS","grey80"
"hsa-miR-376a-3p",122.077531868675,0.452989579604863,0.296184915354785,1.52941475450311,0.126161657026668,0.453500010393157,"hsa-miR-376a-3p","NS","grey80"
"hsa-miR-4705",334.101765770354,-0.260944854564513,0.171096706222872,-1.52513078904397,0.127226479077131,0.454258301134456,"hsa-miR-4705","NS","grey80"
"hsa-miR-3605-3p",142.163502132363,0.417627068216063,0.277058949441934,1.5073581599052,0.131718877257112,0.467162951338558,"hsa-miR-3605-3p","NS","grey80"
"hsa-miR-19a-3p",2501.56378061369,-0.139410892786927,0.0929856987698764,-1.49927241103974,0.133802976551175,0.471411811425332,"hsa-miR-19a-3p","NS","grey80"
"hsa-miR-199a-5p",58702.3135688435,-0.126205703601235,0.0845028823295159,-1.49350767834286,0.135304345863223,0.473565210521281,"hsa-miR-199a-5p","NS","grey80"
"hsa-miR-532-3p",768.976843343269,-0.178778959916379,0.120074228817675,-1.48890366964458,0.136512737110411,0.474671739495023,"hsa-miR-532-3p","NS","grey80"
"hsa-miR-10399-5p",47.4296377822372,-0.644992135803149,0.435327296579291,-1.48162575807067,0.138439901362942,0.475161467903776,"hsa-miR-10399-5p","NS","grey80"
"hsa-miR-382-5p",740.609487123373,0.192255994164911,0.129730641703519,1.48196287045496,0.138350174713746,0.475161467903776,"hsa-miR-382-5p","NS","grey80"
"hsa-miR-488-3p",186.113914794543,-0.382329648358852,0.26050912563526,-1.46762478061576,0.142206172950711,0.484959512883193,"hsa-miR-488-3p","NS","grey80"
"hsa-miR-1267",70.8118068423365,-0.581704073998208,0.40912943180848,-1.42180940497704,0.155081588566227,0.503798280852229,"hsa-miR-1267","NS","grey80"
"hsa-miR-1277-5p",40.2048380745112,-0.624655704426548,0.435091830483204,-1.43568704503787,0.15109141322821,0.503798280852229,"hsa-miR-1277-5p","NS","grey80"
"hsa-miR-130a-5p",29.5500986382567,1.03984988256456,0.734131181062335,1.41643606672561,0.156647870414479,0.503798280852229,"hsa-miR-130a-5p","|log2FC| > 1","darkgreen"
"hsa-miR-152-5p",66.2467171355321,0.502861743562921,0.35285652236405,1.42511675905513,0.154123452960624,0.503798280852229,"hsa-miR-152-5p","NS","grey80"
"hsa-miR-215-5p",179.449664189868,-0.392560799505458,0.275006008979071,-1.42746262513607,0.153446590775469,0.503798280852229,"hsa-miR-215-5p","NS","grey80"
"hsa-miR-342-5p",225.491624627717,0.325035529295367,0.22741004774839,1.42929273580292,0.152920113004032,0.503798280852229,"hsa-miR-342-5p","NS","grey80"
"hsa-miR-374a-3p",4504.02222411068,-0.137853215135716,0.0974473823558477,-1.41464256712734,0.157173321485173,0.503798280852229,"hsa-miR-374a-3p","NS","grey80"
"hsa-miR-454-5p",779.336738405017,-0.16744714135872,0.118009575753409,-1.41892842415275,0.155919884475323,0.503798280852229,"hsa-miR-454-5p","NS","grey80"
"hsa-miR-548t-3p",172.447315169232,-0.295150545705129,0.208287880567777,-1.4170317778479,0.15647363679935,0.503798280852229,"hsa-miR-548t-3p","NS","grey80"
"hsa-miR-760",195.921784273867,0.280275058683682,0.198137133123149,1.41455089344349,0.157200215453891,0.503798280852229,"hsa-miR-760","NS","grey80"
"hsa-miR-185-5p",3292.04757942294,0.118700786412984,0.0843872541232786,1.40661984616276,0.159540144931678,0.50796697568156,"hsa-miR-185-5p","NS","grey80"
"hsa-miR-340-5p",23549.1166346992,-0.0852755048975093,0.0607508717594241,-1.40369187186653,0.16041062389944,0.50796697568156,"hsa-miR-340-5p","NS","grey80"
"hsa-miR-1197",30.8024673901176,0.811964888192044,0.585396118330993,1.38703497130629,0.165431099321634,0.517702028465348,"hsa-miR-1197","NS","grey80"
"hsa-miR-138-5p",1843.52919551278,-0.137524077764299,0.0989828522002582,-1.38937275202037,0.164719431526086,0.517702028465348,"hsa-miR-138-5p","NS","grey80"
"hsa-miR-1303",289.535424674004,0.240107507641427,0.173781778398059,1.3816610110379,0.167075811146834,0.519791412456818,"hsa-miR-1303","NS","grey80"
"hsa-miR-548aa",173.431702584368,-0.283459267282122,0.206056490499706,-1.37563862509114,0.168933542174575,0.522515374632986,"hsa-miR-548aa","NS","grey80"
"hsa-miR-1273c",40.9613018148201,0.754286039580147,0.55043510273822,1.37034508850878,0.170579204487354,0.524555703972672,"hsa-miR-1273c","NS","grey80"
"hsa-miR-221-3p",129.61563005357,-0.394331547512979,0.289085677324423,-1.36406463012156,0.172547225511771,0.527558183748634,"hsa-miR-221-3p","NS","grey80"
"hsa-miR-196a-5p",1787.10784469604,-0.152987404753602,0.113087507004548,-1.35282321457002,0.176112114552341,0.535380828239118,"hsa-miR-196a-5p","NS","grey80"
"hsa-miR-301b-5p",308.990009805965,-0.305328596452044,0.227213787875688,-1.34379431506636,0.179014908350315,0.538056108713941,"hsa-miR-301b-5p","NS","grey80"
"hsa-miR-582-3p",692.109876871222,0.223357881389366,0.166004442159894,1.3454934005575,0.178465951066466,0.538056108713941,"hsa-miR-582-3p","NS","grey80"
"hsa-miR-29b-2-5p",53.4477462616496,-0.684115907860907,0.515892853185314,-1.32608138228107,0.184812742234184,0.552361679036998,"hsa-miR-29b-2-5p","NS","grey80"
"hsa-miR-5002-5p",111.652108968689,0.337737590777315,0.258947194262104,1.30427206110393,0.192140837729619,0.571055450682443,"hsa-miR-5002-5p","NS","grey80"
"hsa-miR-378c",74.290194389951,-0.412957933840757,0.322735862524246,-1.27955390705838,0.200702069298732,0.593186115927363,"hsa-miR-378c","NS","grey80"
"hsa-miR-454-3p",12529.8769370632,0.0899678749118525,0.0704960185606622,1.27621214288059,0.20188053730316,0.593372628979452,"hsa-miR-454-3p","NS","grey80"
"hsa-miR-1343-3p",76.466164110559,0.455145128678668,0.358642970718961,1.26907583819711,0.204414016893211,0.596418199095932,"hsa-miR-1343-3p","NS","grey80"
"hsa-miR-3173-5p",130.064563324467,0.354412142554785,0.279727671937813,1.26698992666545,0.205158891794277,0.596418199095932,"hsa-miR-3173-5p","NS","grey80"
"hsa-miR-1306-3p",92.7260354097946,0.444938242122534,0.353612465611342,1.25826515010805,0.208295880221328,0.598991396095927,"hsa-miR-1306-3p","NS","grey80"
"hsa-miR-488-5p",72.6762452686052,-0.43752366299289,0.347422893391839,-1.2593403351213,0.207907430193047,0.598991396095927,"hsa-miR-488-5p","NS","grey80"
"hsa-miR-496",64.0978127657201,0.523399114691321,0.422074891217841,1.24006219176204,0.214952391885401,0.611522312743495,"hsa-miR-496","NS","grey80"
"hsa-miR-92a-3p",778598.145640676,0.10273729908623,0.0826787887659008,1.24260769442479,0.21401243313446,0.611522312743495,"hsa-miR-92a-3p","NS","grey80"
"hsa-miR-3929",61.0598787470251,-0.513007992603385,0.416727600457155,-1.23103915373162,0.218308220735254,0.614497213921456,"hsa-miR-3929","NS","grey80"
"hsa-let-7f-5p",143531.908638313,0.0940555187770138,0.0763818949428478,1.2313849878612,0.218178908962169,0.614497213921456,"hsa-let-7f-5p","NS","grey80"
"hsa-miR-129-1-3p",135.333818186341,-0.30375504523743,0.247566385239534,-1.2269640118691,0.219836117481889,0.61529048112863,"hsa-miR-129-1-3p","NS","grey80"
"hsa-miR-561-5p",52.4475587714457,0.511655730370763,0.417974968488426,1.22413007702621,0.220903161457835,0.61529048112863,"hsa-miR-561-5p","NS","grey80"
"hsa-miR-1-3p",522.746821052064,0.203325019992749,0.166848980836654,1.21861709297347,0.222989558343298,0.617866901242889,"hsa-miR-1-3p","NS","grey80"
"hsa-miR-423-3p",94254.9674849903,0.0780121179180241,0.0647739702148214,1.20437449888124,0.228444863876885,0.629702940841983,"hsa-miR-423-3p","NS","grey80"
"hsa-miR-10a-5p",138.082879675117,0.245518379962678,0.207442815251367,1.18354728104309,0.236592319752496,0.632498060845868,"hsa-miR-10a-5p","NS","grey80"
"hsa-miR-1268a",236.927197306777,0.23672575131099,0.199113984562614,1.18889565607858,0.234480729728773,0.632498060845868,"hsa-miR-1268a","NS","grey80"
"hsa-miR-183-5p",29870.5344149229,0.0980602688666777,0.0828234426633333,1.1839675545157,0.236425906617278,0.632498060845868,"hsa-miR-183-5p","NS","grey80"
"hsa-miR-1973",57.3404455749815,-1.11091669797096,0.927966327416362,-1.19715194953675,0.231247334609999,0.632498060845868,"hsa-miR-1973","|log2FC| > 1","darkgreen"
"hsa-miR-660-5p",4671.70979378079,-0.098288051826693,0.0826120691404199,-1.18975414669287,0.234143036611111,0.632498060845868,"hsa-miR-660-5p","NS","grey80"
"hsa-miR-194-5p",1062.91538709514,-0.137755977598422,0.115953625056222,-1.18802648499889,0.234822975386874,0.632498060845868,"hsa-miR-194-5p","NS","grey80"
"hsa-miR-1260b",1338.67424583734,0.149316294208634,0.127144123516028,1.17438612245269,0.240240401290765,0.638783511120575,"hsa-miR-1260b","NS","grey80"
"hsa-miR-301b-3p",243.04751413249,-0.241948631838514,0.206505681267455,-1.17163184254072,0.241344897998563,0.638783511120575,"hsa-miR-301b-3p","NS","grey80"
"hsa-miR-654-5p",143.743386468522,0.346736756806619,0.296717118234084,1.16857685485161,0.242574157873216,0.638858673210647,"hsa-miR-654-5p","NS","grey80"
"hsa-miR-1284",52.2657596490958,-0.497263242017589,0.427082742867296,-1.16432529836988,0.244292208014139,0.64021406238188,"hsa-miR-1284","NS","grey80"
"hsa-miR-146a-5p",76.4245383290468,0.453409897151978,0.390890751870881,1.15994020063629,0.24607315382611,0.641720185468092,"hsa-miR-146a-5p","NS","grey80"
"hsa-miR-592",187.67524653668,-0.283920821936543,0.246468469551693,-1.15195595790802,0.249339171806291,0.647065558053399,"hsa-miR-592","NS","grey80"
"hsa-miR-876-3p",487.556250570556,-0.171014566961951,0.148901337471564,-1.14850927376398,0.250758386836573,0.647589620374063,"hsa-miR-876-3p","NS","grey80"
"hsa-miR-214-5p",4167.3395899619,-0.0917900407768503,0.0809556571572871,-1.1338310872891,0.256865408177412,0.651300213109695,"hsa-miR-214-5p","NS","grey80"
"hsa-miR-382-3p",1056.55669102181,0.148300091089858,0.131112730835444,1.13108841639479,0.258017879272826,0.651300213109695,"hsa-miR-382-3p","NS","grey80"
"hsa-miR-539-3p",347.061925563425,-0.193177797654549,0.169572421922373,-1.13920527562544,0.25461754567583,0.651300213109695,"hsa-miR-539-3p","NS","grey80"
"hsa-miR-664a-5p",111.500501123342,0.315439247458211,0.279056110570046,1.13037928756995,0.258316437906289,0.651300213109695,"hsa-miR-664a-5p","NS","grey80"
"hsa-miR-93-5p",168367.666649131,-0.101081457934889,0.0888893226280495,-1.13716085291657,0.255471048703497,0.651300213109695,"hsa-miR-93-5p","NS","grey80"
"hsa-miR-10401-3p",197.148103722167,0.231975638195725,0.205768959586064,1.12735972744568,0.259590419023845,0.651425013776818,"hsa-miR-10401-3p","NS","grey80"
"hsa-miR-182-3p",119.115422777971,0.331785297040257,0.29620629271078,1.12011562618697,0.26266449252987,0.651610976205669,"hsa-miR-182-3p","NS","grey80"
"hsa-miR-576-5p",162.198798582424,-0.269339820302212,0.240005075915146,-1.12222551658631,0.261766565998231,0.651610976205669,"hsa-miR-576-5p","NS","grey80"
"hsa-miR-629-3p",38.7276321743981,-0.652422728026156,0.583283804599397,-1.11853393302124,0.263339022338757,0.651610976205669,"hsa-miR-629-3p","NS","grey80"
"hsa-miR-486-5p",578.647865666265,-0.165898253144411,0.149007056559431,-1.11335836687871,0.265554548121596,0.654051016669856,"hsa-miR-486-5p","NS","grey80"
"hsa-miR-1249-3p",353.630349726504,-0.16359041946707,0.148452644579428,-1.10197039554619,0.270474542239128,0.657373809542988,"hsa-miR-1249-3p","NS","grey80"
"hsa-miR-409-5p",744.383379449661,0.149383936686528,0.135045319835108,1.10617633301863,0.268650204528668,0.657373809542988,"hsa-miR-409-5p","NS","grey80"
"hsa-miR-409-3p",3746.59928211953,0.0833418249166538,0.0763515124733796,1.09155434145082,0.275029034231281,0.657373809542988,"hsa-miR-409-3p","NS","grey80"
"hsa-miR-551b-5p",32.877506143452,0.663332751159561,0.607820986828361,1.09132913396239,0.275128082595906,0.657373809542988,"hsa-miR-551b-5p","NS","grey80"
"hsa-miR-769-3p",126.663941410626,-0.298478319837956,0.273742176518296,-1.09036292336927,0.275553307383621,0.657373809542988,"hsa-miR-769-3p","NS","grey80"
"hsa-miR-877-5p",640.146317255813,0.135073428667902,0.123040189672381,1.09779925589812,0.272292156471551,0.657373809542988,"hsa-miR-877-5p","NS","grey80"
"hsa-miR-3130-3p",110.735703969435,-0.336774333077899,0.308523103170399,-1.09156925240667,0.275022477112449,0.657373809542988,"hsa-miR-3130-3p","NS","grey80"
"hsa-let-7g-5p",198089.448227526,0.0726047385956955,0.0669754651518204,1.08404978496401,0.27834272558564,0.661063973265895,"hsa-let-7g-5p","NS","grey80"
"hsa-miR-486-3p",109.869396142439,0.357334955493558,0.336553586602738,1.0617475781512,0.288350293738841,0.681788250084727,"hsa-miR-486-3p","NS","grey80"
"hsa-miR-6516-3p",130.809634121143,0.304135881577481,0.288856517834394,1.05289603245805,0.292388644699996,0.688277694603529,"hsa-miR-6516-3p","NS","grey80"
"hsa-miR-2355-3p",969.006450278724,0.123513420712924,0.117867660484757,1.04789914557519,0.294685075984384,0.690627578958996,"hsa-miR-2355-3p","NS","grey80"
"hsa-miR-548ay-3p",38.879407211263,0.492369008456683,0.474887800412146,1.03681123842172,0.299823836913986,0.6995889527993,"hsa-miR-548ay-3p","NS","grey80"
"hsa-miR-218-5p",359872.651791195,-0.0482921177940665,0.0467917892773691,-1.03206392702369,0.302042171201246,0.701687489428222,"hsa-miR-218-5p","NS","grey80"
"hsa-miR-1228-3p",66.2668223198418,0.344212691288966,0.342120502102153,1.00611535752449,0.31436008194859,0.707715828633105,"hsa-miR-1228-3p","NS","grey80"
"hsa-miR-140-3p",16469.9061895673,0.0795772302951816,0.0795798000736991,0.99996770815565,0.317326135477179,0.707715828633105,"hsa-miR-140-3p","NS","grey80"
"hsa-miR-184",87.5004503423336,0.361554319006876,0.361294550306515,1.0007189942393,0.31696268183631,0.707715828633105,"hsa-miR-184","NS","grey80"
"hsa-miR-296-3p",510.116369996321,0.151245100162313,0.151858834243814,0.995958522370089,0.319270298631476,0.707715828633105,"hsa-miR-296-3p","NS","grey80"
"hsa-miR-30a-3p",792.645621701467,-0.164757909196624,0.16235201804804,-1.01481897901554,0.310192125034524,0.707715828633105,"hsa-miR-30a-3p","NS","grey80"
"hsa-miR-3117-3p",237.716679109846,-0.235450285810531,0.236279515892207,-0.99649046986344,0.319011895261973,0.707715828633105,"hsa-miR-3117-3p","NS","grey80"
"hsa-miR-3154",33.3723566732777,-0.637962965334966,0.633271537426711,-1.00740824059031,0.313738632899757,0.707715828633105,"hsa-miR-3154","NS","grey80"
"hsa-miR-339-3p",2962.6483242118,-0.0851481188192847,0.0839347321323723,-1.01445631213785,0.310365065705305,0.707715828633105,"hsa-miR-339-3p","NS","grey80"
"hsa-miR-448",30.7959783203308,0.695819270120732,0.680797566853396,1.02206486039127,0.306750203234402,0.707715828633105,"hsa-miR-448","NS","grey80"
"hsa-miR-450b-5p",3509.94111677079,-0.0826168989010951,0.0820694673921794,-1.00667034314113,0.314093218376899,0.707715828633105,"hsa-miR-450b-5p","NS","grey80"
"hsa-miR-99b-5p",98059.4686374009,0.0940223984086044,0.0937897085939425,1.00248097385257,0.316111351165914,0.707715828633105,"hsa-miR-99b-5p","NS","grey80"
"hsa-miR-5579-3p",33.8008733663014,0.514575158947989,0.524961682589605,0.980214701403768,0.3269801491168,0.721798503444555,"hsa-miR-5579-3p","NS","grey80"
"hsa-miR-301a-5p",1019.77447869061,-0.106016121203719,0.111520091782434,-0.950645928543053,0.341784145326275,0.75136018724619,"hsa-miR-301a-5p","NS","grey80"
"hsa-miR-1179",72.0975987211,-0.30646992516281,0.324639202790819,-0.944032398207568,0.345153092609196,0.752546906836443,"hsa-miR-1179","NS","grey80"
"hsa-miR-199b-5p",36524.3457959273,-0.0637569485110373,0.0674278148081025,-0.945558575381504,0.34437378122451,0.752546906836443,"hsa-miR-199b-5p","NS","grey80"
"hsa-miR-107",13412.1149506121,-0.103136776643075,0.110875771957055,-0.930201204669157,0.352266918287818,0.760145362858344,"hsa-miR-107","NS","grey80"
"hsa-miR-139-5p",1475.7862531214,0.0885125313367104,0.0952842483376173,0.928931411864499,0.35292463275566,0.760145362858344,"hsa-miR-139-5p","NS","grey80"
"hsa-miR-1914-5p",35.3765452471609,-0.480229430197102,0.515223920583107,-0.9320790650667,0.351295666275335,0.760145362858344,"hsa-miR-1914-5p","NS","grey80"
"hsa-miR-26b-3p",218.110784554065,-0.1499525936198,0.16353648241773,-0.916936645590603,0.359175839717976,0.76666387058777,"hsa-miR-26b-3p","NS","grey80"
"hsa-miR-654-3p",1736.3519513966,0.0832931773017217,0.0910464773300508,0.914842394173881,0.360274375276207,0.76666387058777,"hsa-miR-654-3p","NS","grey80"
"hsa-miR-105-5p",3033.63449863619,-0.0745553639663612,0.081298866479143,-0.917052933148683,0.35911490305591,0.76666387058777,"hsa-miR-105-5p","NS","grey80"
"hsa-miR-126-5p",2212.97703347095,-0.0971555050803213,0.107073989347094,-0.907367939429059,0.364212257657638,0.767494730945566,"hsa-miR-126-5p","NS","grey80"
"hsa-miR-181c-3p",1154.00293599546,0.09508142843076,0.104617625520489,0.908847127410079,0.363430826121778,0.767494730945566,"hsa-miR-181c-3p","NS","grey80"
"hsa-miR-23b-3p",130611.159806521,-0.0359084998633163,0.0399984899515698,-0.897746387595991,0.369320772785836,0.767494730945566,"hsa-miR-23b-3p","NS","grey80"
"hsa-miR-3200-3p",292.25801979377,0.148998089987323,0.165149659970129,0.902200404253164,0.36695042013422,0.767494730945566,"hsa-miR-3200-3p","NS","grey80"
"hsa-miR-376c-3p",1366.28025923801,-0.0750770650403227,0.0831497305718846,-0.902914110772941,0.366571480967211,0.767494730945566,"hsa-miR-376c-3p","NS","grey80"
"hsa-miR-574-5p",750.476189051938,0.159032389469321,0.176705463201367,0.899985697035831,0.3681278623581,0.767494730945566,"hsa-miR-574-5p","NS","grey80"
"hsa-miR-2355-5p",137.477711394528,0.222365271683222,0.250195672176507,0.888765460045005,0.37412914237155,0.769914706047151,"hsa-miR-2355-5p","NS","grey80"
"hsa-miR-369-5p",199.527517460205,0.215752323378728,0.243109928851995,0.887468168813779,0.37482689636506,0.769914706047151,"hsa-miR-369-5p","NS","grey80"
"hsa-miR-96-5p",2514.69021396241,-0.101644448000219,0.114388781973747,-0.888587554184702,0.374224782282895,0.769914706047151,"hsa-miR-96-5p","NS","grey80"
"hsa-let-7a-5p",643399.460810868,0.0754693910175528,0.0853480638079651,0.884254283581178,0.376558960877419,0.770497566103027,"hsa-let-7a-5p","NS","grey80"
"hsa-miR-653-3p",354.280795500746,-0.172887676343142,0.197959718541998,-0.873347757899861,0.382473556901088,0.779601273070416,"hsa-miR-653-3p","NS","grey80"
"hsa-miR-484",6278.88433095453,-0.0572508851339854,0.065824291441401,-0.869753154653432,0.384435316924597,0.780609116808724,"hsa-miR-484","NS","grey80"
"hsa-miR-1271-5p",573.263780235122,-0.171315647471267,0.199094905092996,-0.860472282760058,0.389528755883316,0.786184634949769,"hsa-miR-1271-5p","NS","grey80"
"hsa-miR-151a-3p",12598.1560229607,-0.0742397639129413,0.0866585307437246,-0.856693083482925,0.391614526807686,0.786184634949769,"hsa-miR-151a-3p","NS","grey80"
"hsa-miR-24-1-5p",1026.20999406035,0.107072050609833,0.124772540863147,0.858137935391346,0.390816302172008,0.786184634949769,"hsa-miR-24-1-5p","NS","grey80"
"hsa-miR-320a-3p",42521.6925222293,0.0774482094748734,0.0908223728197986,0.852743735605092,0.393801431504241,0.787602863008481,"hsa-miR-320a-3p","NS","grey80"
"hsa-miR-106a-3p",230.934970395123,-0.190885882597015,0.224744498583794,-0.849346185556774,0.395688688311747,0.788413416411422,"hsa-miR-106a-3p","NS","grey80"
"hsa-miR-203a-3p",106.110234819182,-0.281302755190562,0.333915377454579,-0.842437258610008,0.399543245041681,0.793123158067814,"hsa-miR-203a-3p","NS","grey80"
"hsa-miR-10527-5p",65.4149609063501,-0.363527563653219,0.439373289726991,-0.827377476403038,0.408023142767568,0.805718239544448,"hsa-miR-10527-5p","NS","grey80"
"hsa-miR-210-3p",119.258877685815,0.235667832225619,0.286305466178454,0.823134239703012,0.410431659617567,0.805718239544448,"hsa-miR-210-3p","NS","grey80"
"hsa-miR-766-3p",1678.38450445064,-0.0835957906002527,0.101308653118768,-0.825159431369108,0.409281082180806,0.805718239544448,"hsa-miR-766-3p","NS","grey80"
"hsa-miR-1269a",4624.4191606714,-0.0711318627084666,0.0910670775033007,-0.781093065228633,0.434747760306103,0.810065381955557,"hsa-miR-1269a","NS","grey80"
"hsa-miR-182-5p",30481.0497769857,0.0672354660563998,0.0867719854668255,0.774852225573484,0.438426984899559,0.810065381955557,"hsa-miR-182-5p","NS","grey80"
"hsa-miR-18a-3p",1093.12885426522,-0.0865157230350892,0.110618020163525,-0.782112380127527,0.434148531661791,0.810065381955557,"hsa-miR-18a-3p","NS","grey80"
"hsa-miR-200c-3p",155.617919186274,-0.216873538857491,0.266990695673029,-0.812288751526706,0.416625963465752,0.810065381955557,"hsa-miR-200c-3p","NS","grey80"
"hsa-miR-20a-3p",862.057144057402,-0.11433054578629,0.148077093455396,-0.772101498742133,0.440054314633752,0.810065381955557,"hsa-miR-20a-3p","NS","grey80"
"hsa-miR-214-3p",41311.897721834,-0.0493927212666867,0.0634393503645372,-0.778581763256791,0.436226125207371,0.810065381955557,"hsa-miR-214-3p","NS","grey80"
"hsa-miR-222-3p",161.407165918157,0.199874875321228,0.253861205537437,0.7873391875615,0.431083335430785,0.810065381955557,"hsa-miR-222-3p","NS","grey80"
"hsa-miR-23a-3p",166086.634747188,-0.0381592668481508,0.0490165344644597,-0.778497853123803,0.436275571788194,0.810065381955557,"hsa-miR-23a-3p","NS","grey80"
"hsa-miR-299-5p",46.2057528611567,-0.396273932302042,0.491597651612104,-0.80609403035701,0.420188633405845,0.810065381955557,"hsa-miR-299-5p","NS","grey80"
"hsa-miR-299-3p",53.0529483503989,-0.337426350866082,0.430798142897728,-0.78325860134032,0.43347526852335,0.810065381955557,"hsa-miR-299-3p","NS","grey80"
"hsa-miR-301a-3p",688.713215796373,-0.124028517090232,0.156113287861668,-0.794477643697657,0.426917418858151,0.810065381955557,"hsa-miR-301a-3p","NS","grey80"
"hsa-miR-331-5p",519.971176618075,-0.114089404461436,0.144994635816464,-0.786852588159548,0.431368164680402,0.810065381955557,"hsa-miR-331-5p","NS","grey80"
"hsa-miR-338-5p",2295.58058065374,-0.0653483339241666,0.0823698479279976,-0.793352611034196,0.427572412390646,0.810065381955557,"hsa-miR-338-5p","NS","grey80"
"hsa-miR-3938",28.787053124545,0.503299261877994,0.644208398567067,0.781267774523739,0.434645019369167,0.810065381955557,"hsa-miR-3938","NS","grey80"
"hsa-miR-423-5p",12427.2295628538,0.0751842774063361,0.0953281123238889,0.788689459735533,0.430293529867353,0.810065381955557,"hsa-miR-423-5p","NS","grey80"
"hsa-miR-424-5p",409.425620091019,-0.149542496651278,0.191688145253626,-0.780134298098693,0.435311830099988,0.810065381955557,"hsa-miR-424-5p","NS","grey80"
"hsa-miR-483-5p",314.416894541698,0.1664514996858,0.215423413477994,0.772671349870721,0.43971690645968,0.810065381955557,"hsa-miR-483-5p","NS","grey80"
"hsa-miR-7-1-3p",358.305144349043,-0.160129448522998,0.201937080316242,-0.792967038407354,0.427797027196926,0.810065381955557,"hsa-miR-7-1-3p","NS","grey80"
"hsa-let-7d-5p",9453.56404164852,-0.0719986451099253,0.102234893805396,-0.704247272432974,0.481278796446555,0.822915924542675,"hsa-let-7d-5p","NS","grey80"
"hsa-miR-1180-3p",3702.30412343754,0.0661135375999856,0.094337607676204,0.700818467083751,0.483416311765459,0.822915924542675,"hsa-miR-1180-3p","NS","grey80"
"hsa-miR-1247-5p",143.205764859081,0.159796342523022,0.229378690918532,0.696648594004649,0.486022736899207,0.822915924542675,"hsa-miR-1247-5p","NS","grey80"
"hsa-miR-125a-3p",612.551382051556,0.113400290993563,0.152041078278646,0.745852977875721,0.455756232969596,0.822915924542675,"hsa-miR-125a-3p","NS","grey80"
"hsa-miR-1468-5p",84.5620741010161,0.20505362304613,0.294676338886783,0.695860495012168,0.486516199536116,0.822915924542675,"hsa-miR-1468-5p","NS","grey80"
"hsa-miR-148b-5p",166.737537859767,-0.203276991646739,0.271675501267044,-0.748234532369288,0.454318705245379,0.822915924542675,"hsa-miR-148b-5p","NS","grey80"
"hsa-miR-149-5p",8626.88748521803,0.0557127949146244,0.0778927127643268,0.71525041223291,0.474454323577427,0.822915924542675,"hsa-miR-149-5p","NS","grey80"
"hsa-miR-151a-5p",64292.5081578658,0.0332538885761414,0.0478690308756469,0.694684809110248,0.487252850058163,0.822915924542675,"hsa-miR-151a-5p","NS","grey80"
"hsa-miR-1843",348.464018884516,0.121924191601265,0.166139555062787,0.733866125710929,0.463030334144985,0.822915924542675,"hsa-miR-1843","NS","grey80"
"hsa-miR-190a-5p",653.947120117794,-0.134577508624776,0.186548091942077,-0.721409193863864,0.470657791646552,0.822915924542675,"hsa-miR-190a-5p","NS","grey80"
"hsa-miR-200b-3p",60.7504503450829,0.276929687184183,0.380129300021226,0.728514448027868,0.466298727618162,0.822915924542675,"hsa-miR-200b-3p","NS","grey80"
"hsa-miR-22-5p",381.847957539139,-0.119628505779478,0.161574224117019,-0.740393502944121,0.459061259943477,0.822915924542675,"hsa-miR-22-5p","NS","grey80"
"hsa-miR-27b-3p",333329.491631671,-0.044995799244868,0.0608369875699045,-0.73961254562721,0.459535127039569,0.822915924542675,"hsa-miR-27b-3p","NS","grey80"
"hsa-miR-339-5p",6329.35424851737,-0.0574419322314193,0.0777356878358099,-0.738939010261873,0.459944032836887,0.822915924542675,"hsa-miR-339-5p","NS","grey80"
"hsa-miR-365a-3p",503.292996446851,-0.103381525718852,0.147241809231666,-0.702120724122551,0.482603879100882,0.822915924542675,"hsa-miR-365a-3p","NS","grey80"
"hsa-miR-365b-3p",503.292996446851,-0.103381525718852,0.147241809231666,-0.702120724122551,0.482603879100882,0.822915924542675,"hsa-miR-365b-3p","NS","grey80"
"hsa-miR-3679-5p",43.1918887592648,-0.310513333352704,0.440597011381416,-0.704755877438075,0.480962171132166,0.822915924542675,"hsa-miR-3679-5p","NS","grey80"
"hsa-miR-379-3p",45.2195896603667,0.359532794699228,0.517007334527972,0.695411400744405,0.486797517837446,0.822915924542675,"hsa-miR-379-3p","NS","grey80"
"hsa-miR-4742-3p",34.8568141183027,0.408670431411336,0.587283443677161,0.695865745597264,0.486512911023324,0.822915924542675,"hsa-miR-4742-3p","NS","grey80"
"hsa-miR-503-5p",697.625262437418,-0.100283387620506,0.139166586421987,-0.720599607986518,0.471155895111087,0.822915924542675,"hsa-miR-503-5p","NS","grey80"
"hsa-miR-625-3p",907.987688959769,0.110266434123337,0.154642402145086,0.713041394816701,0.475820142470716,0.822915924542675,"hsa-miR-625-3p","NS","grey80"
"hsa-miR-766-5p",291.175876182689,0.124316690761173,0.17119901465097,0.726153074038555,0.467744935658603,0.822915924542675,"hsa-miR-766-5p","NS","grey80"
"hsa-miR-767-3p",60.6552169185893,0.27707467108831,0.395734291233688,0.700153302925908,0.483831570700082,0.822915924542675,"hsa-miR-767-3p","NS","grey80"
"hsa-miR-889-3p",1248.16639586565,-0.0837564250665322,0.113334701298899,-0.739018359837033,0.459895848838044,0.822915924542675,"hsa-miR-889-3p","NS","grey80"
"hsa-miR-940",520.223437110776,-0.12024418800927,0.164389432036808,-0.731459355503745,0.464498621820891,0.822915924542675,"hsa-miR-940","NS","grey80"
"hsa-miR-1285-3p",102.913626144535,-0.195206653680219,0.280512077299821,-0.695893936401089,0.486495254945265,0.822915924542675,"hsa-miR-1285-3p","NS","grey80"
"hsa-miR-425-3p",1568.10288831381,-0.0660588693182832,0.0966110297370402,-0.683761155409324,0.494125999120091,0.831883011176862,"hsa-miR-425-3p","NS","grey80"
"hsa-miR-153-5p",41.1696876876493,0.382369005402996,0.569065690559571,0.671924193895799,0.501631957182687,0.839208179940848,"hsa-miR-153-5p","NS","grey80"
"hsa-miR-767-5p",2545.75949491683,0.0588779307534214,0.0873538795975731,0.674016208835414,0.500301008758344,0.839208179940848,"hsa-miR-767-5p","NS","grey80"
"hsa-miR-548l",34.6666810342462,-0.405970180552174,0.625405921951856,-0.64913069464575,0.516253903417845,0.858272114432168,"hsa-miR-548l","NS","grey80"
"hsa-miR-708-3p",3599.30153257711,0.0656145690637567,0.101012253928904,0.649570388855379,0.515969765403294,0.858272114432168,"hsa-miR-708-3p","NS","grey80"
"hsa-miR-450a-5p",2352.35177322594,-0.0619803625159881,0.0967970001413918,-0.640312844669289,0.521969231755902,0.865070502473956,"hsa-miR-450a-5p","NS","grey80"
"hsa-miR-188-5p",174.850954147939,-0.164288694758605,0.260260921756613,-0.631246111209281,0.527879616240329,0.869448779689954,"hsa-miR-188-5p","NS","grey80"
"hsa-miR-425-5p",48767.1184444536,0.0434810007909945,0.0687001568588272,0.632909774578013,0.526792564360376,0.869448779689954,"hsa-miR-425-5p","NS","grey80"
"hsa-miR-744-5p",2781.63117534881,-0.0461847635304858,0.0735415533903059,-0.628009083318789,0.529997989617549,0.870243612581901,"hsa-miR-744-5p","NS","grey80"
"hsa-miR-125b-1-3p",121.670594390698,0.174678882086327,0.283211959670523,0.616777915344893,0.537381220720704,0.876759772925182,"hsa-miR-125b-1-3p","NS","grey80"
"hsa-miR-187-3p",56.2846738346564,-0.227605606884866,0.369015820762079,-0.616790918109751,0.537372643077807,0.876759772925182,"hsa-miR-187-3p","NS","grey80"
"hsa-miR-24-3p",263756.685833481,0.0394608172791565,0.0642201948584188,0.614461188823121,0.538910612305516,0.876759772925182,"hsa-miR-24-3p","NS","grey80"
"hsa-miR-1301-3p",7790.73259837295,-0.034470666643912,0.0564459101594472,-0.610684929103632,0.541408185223295,0.878031924972095,"hsa-miR-1301-3p","NS","grey80"
"hsa-miR-148a-3p",12153.1158875903,-0.05339530985859,0.0879359760357053,-0.607206654952116,0.543713776306183,0.878031924972095,"hsa-miR-148a-3p","NS","grey80"
"hsa-miR-556-3p",30.0133445882911,-0.41464063344338,0.684445053681045,-0.605805581051952,0.54464386323457,0.878031924972095,"hsa-miR-556-3p","NS","grey80"
"hsa-miR-330-5p",277.526966111055,-0.103875125916714,0.17300204854621,-0.600427144011351,0.548221602197064,0.881129584195886,"hsa-miR-330-5p","NS","grey80"
"hsa-miR-192-5p",1850.87399442865,0.0568084085583178,0.0953156461349454,0.596002973928225,0.551173240001693,0.881656884275373,"hsa-miR-192-5p","NS","grey80"
"hsa-miR-873-5p",659.246219250491,0.088158522211907,0.148173297783569,0.594969022965775,0.551864177563345,0.881656884275373,"hsa-miR-873-5p","NS","grey80"
"hsa-miR-330-3p",1753.66136123474,0.063215694994478,0.106751517377796,0.592176079059899,0.553732685940189,0.881993380000541,"hsa-miR-330-3p","NS","grey80"
"hsa-miR-98-5p",14562.759651197,0.0586434355494825,0.0999156316309504,0.586929538373822,0.557251030503321,0.884947905157514,"hsa-miR-98-5p","NS","grey80"
"hsa-miR-548o-3p",142.317990564445,0.150485631389293,0.258407498437459,0.582357835199255,0.560325676511358,0.887182321142984,"hsa-miR-548o-3p","NS","grey80"
"hsa-miR-1275",34.3009460627793,-0.346475970664256,0.602347269895036,-0.57520966389477,0.565149507771413,0.892164801585733,"hsa-miR-1275","NS","grey80"
"hsa-let-7c-5p",23235.4422721592,0.0510158062089093,0.0909078998358697,0.56118122078517,0.574674003557059,0.893376090211505,"hsa-let-7c-5p","NS","grey80"
"hsa-miR-20b-5p",543.528387213211,-0.0860878770197701,0.151476950702766,-0.568323277042296,0.569815476221507,0.893376090211505,"hsa-miR-20b-5p","NS","grey80"
"hsa-miR-589-5p",1371.98582096147,-0.0703594842113549,0.125674295923735,-0.559855805789054,0.575577795325564,0.893376090211505,"hsa-miR-589-5p","NS","grey80"
"hsa-miR-935",804.810401298504,-0.064598068089505,0.113769101365869,-0.56779975682294,0.570170944974375,0.893376090211505,"hsa-miR-935","NS","grey80"
"hsa-miR-129-5p",2612.31127514583,0.0558189281963716,0.0998106891683323,0.559247999001711,0.575992479215312,0.893376090211505,"hsa-miR-129-5p","NS","grey80"
"hsa-miR-3158-3p",86.076588824802,0.305348198323712,0.538968523228428,0.566541801912053,0.571025524744226,0.893376090211505,"hsa-miR-3158-3p","NS","grey80"
"hsa-miR-126-3p",10911.4371530149,-0.0284824012794533,0.0521228087199195,-0.546447936689343,0.584758066402996,0.893593448367667,"hsa-miR-126-3p","NS","grey80"
"hsa-miR-145-5p",503.15192473944,0.0820755706303573,0.153528315353767,0.534595657102309,0.592929487356741,0.893593448367667,"hsa-miR-145-5p","NS","grey80"
"hsa-miR-146b-3p",68.6318110526458,-0.276980981246587,0.513224007381296,-0.539688278924969,0.589412024598353,0.893593448367667,"hsa-miR-146b-3p","NS","grey80"
"hsa-miR-2682-5p",927.631989896046,0.0708915835777397,0.132594609659584,0.534649061223097,0.592892551381123,0.893593448367667,"hsa-miR-2682-5p","NS","grey80"
"hsa-miR-381-3p",385.999739147385,-0.101742317020254,0.185422756442553,-0.548704587140443,0.583208197683745,0.893593448367667,"hsa-miR-381-3p","NS","grey80"
"hsa-miR-4421",172.445561821333,-0.149785803857278,0.273170107762138,-0.548324284396827,0.583469255585696,0.893593448367667,"hsa-miR-4421","NS","grey80"
"hsa-miR-542-3p",2479.75151592537,0.0424807542070733,0.0786736162108221,0.539961886247066,0.589223317318107,0.893593448367667,"hsa-miR-542-3p","NS","grey80"
"hsa-miR-585-3p",89.399202751568,0.157343638698673,0.29375129065428,0.535635565543278,0.592210443604643,0.893593448367667,"hsa-miR-585-3p","NS","grey80"
"hsa-miR-653-5p",537.180772910364,0.0708292387429125,0.131188937099311,0.539902527674984,0.589264254625011,0.893593448367667,"hsa-miR-653-5p","NS","grey80"
"hsa-miR-92b-3p",27689.4080724592,0.0322910324498318,0.0581876205721467,0.554946776175428,0.578931065842154,0.893593448367667,"hsa-miR-92b-3p","NS","grey80"
"hsa-miR-190b-5p",28.3720542261871,-0.353847176308868,0.665577559747065,-0.531639282495249,0.594975852239366,0.894144501105488,"hsa-miR-190b-5p","NS","grey80"
"hsa-miR-1250-5p",547.79090296484,0.0685596768635211,0.13099218860721,0.523387520984954,0.600704606491865,0.895489970919051,"hsa-miR-1250-5p","NS","grey80"
"hsa-miR-154-3p",801.498744645551,-0.0666483764363723,0.128604015814983,-0.518244908714642,0.604287405187856,0.895489970919051,"hsa-miR-154-3p","NS","grey80"
"hsa-miR-361-3p",3907.51294559016,0.044880792740796,0.0857456087398955,0.523417973239182,0.600683419371834,0.895489970919051,"hsa-miR-361-3p","NS","grey80"
"hsa-miR-378a-3p",2407.88113097501,-0.0469515989588718,0.090569194542632,-0.51840583540545,0.604175144136415,0.895489970919051,"hsa-miR-378a-3p","NS","grey80"
"hsa-miR-744-3p",473.209081079699,0.0984336098837114,0.189877513288567,0.518405830047482,0.60417514787393,0.895489970919051,"hsa-miR-744-3p","NS","grey80"
"hsa-miR-1287-5p",32.138575149888,0.393432566295811,0.765863101152896,0.513711348286078,0.607453816605645,0.89768175120612,"hsa-miR-1287-5p","NS","grey80"
"hsa-miR-584-5p",255.98768866919,0.0910714475087401,0.180158315773421,0.505507875768986,0.61320216820605,0.903666353145758,"hsa-miR-584-5p","NS","grey80"
"hsa-miR-1298-5p",149.420012769471,-0.133191417899528,0.26806138318732,-0.496869098845374,0.619281363790533,0.905103531693856,"hsa-miR-1298-5p","NS","grey80"
"hsa-miR-30c-2-3p",176.399780381502,0.112902093862601,0.226186218140574,0.499155495815547,0.617669844226512,0.905103531693856,"hsa-miR-30c-2-3p","NS","grey80"
"hsa-miR-103a-3p",286189.32885365,-0.0392077937496908,0.0782792287157668,-0.500870976795837,0.616461929588125,0.905103531693856,"hsa-miR-103a-3p","NS","grey80"
"hsa-miR-3928-3p",63.95378109766,0.200555251845183,0.407914696190107,0.491659785044164,0.6229598718916,0.90614927510667,"hsa-miR-3928-3p","NS","grey80"
"hsa-miR-6724-5p",32.5102604665421,-0.309661017526851,0.630632404863858,-0.491032517737018,0.623403448663611,0.90614927510667,"hsa-miR-6724-5p","NS","grey80"
"hsa-miR-135a-3p",93.196146150047,0.203918822967707,0.418240314128239,0.487563766761094,0.625858865431918,0.907239554250083,"hsa-miR-135a-3p","NS","grey80"
"hsa-miR-502-5p",239.766505982741,-0.0991433534520937,0.206568891459671,-0.479952972354744,0.631260833125113,0.910780469619356,"hsa-miR-502-5p","NS","grey80"
"hsa-miR-598-3p",3563.98982064546,-0.0492314905011272,0.102715497662293,-0.479299537281024,0.631725551296132,0.910780469619356,"hsa-miR-598-3p","NS","grey80"
"hsa-miR-548j-5p",41.2556954434687,-0.338202416741367,0.713363251770451,-0.474095653093994,0.635431698259427,0.911185076749367,"hsa-miR-548j-5p","NS","grey80"
"hsa-miR-3913-3p",39.8163294435078,0.256665201728792,0.541202895159079,0.474249498708518,0.635321999459547,0.911185076749367,"hsa-miR-3913-3p","NS","grey80"
"hsa-miR-758-3p",78.4597060511596,0.171150747820794,0.363767746544495,0.470494565410458,0.638001716063628,0.912411056306049,"hsa-miR-758-3p","NS","grey80"
"hsa-miR-1185-2-3p",55.5101431292698,-0.202168444929362,0.432457224338266,-0.467487727228317,0.64015097068582,0.913030338887014,"hsa-miR-1185-2-3p","NS","grey80"
"hsa-miR-30d-3p",75.8201236301313,-0.158174550443466,0.34292009135962,-0.461257751962944,0.644613691913939,0.914491957595242,"hsa-miR-30d-3p","NS","grey80"
"hsa-miR-628-5p",510.567969710948,0.0804369623817217,0.174373852143469,0.461290275995858,0.644590360490914,0.914491957595242,"hsa-miR-628-5p","NS","grey80"
"hsa-miR-3613-5p",8811.02285907824,0.0421326395791116,0.0934050744120061,0.451074418005024,0.651935914657464,0.915118487065358,"hsa-miR-3613-5p","NS","grey80"
"hsa-miR-450a-2-3p",143.85703594212,0.125914959158046,0.276863252115767,0.45479115843585,0.649259491687169,0.915118487065358,"hsa-miR-450a-2-3p","NS","grey80"
"hsa-miR-629-5p",1193.56701326533,-0.0478807106612067,0.105625605606772,-0.453305904246923,0.650328481891475,0.915118487065358,"hsa-miR-629-5p","NS","grey80"
"hsa-miR-135a-5p",736.431364224685,-0.0652008017155598,0.143184087934075,-0.455363460118416,0.648847778389675,0.915118487065358,"hsa-miR-135a-5p","NS","grey80"
"hsa-miR-1246",65.302306353054,-0.222583029377046,0.501510888119421,-0.443824919159171,0.657169170596136,0.918520225359135,"hsa-miR-1246","NS","grey80"
"hsa-miR-1296-5p",538.175171306158,0.0843186353139754,0.190704421282598,0.442143054402638,0.658385690565251,0.918520225359135,"hsa-miR-1296-5p","NS","grey80"
"hsa-miR-380-3p",45.0849004891483,-0.277685968827902,0.630316878520364,-0.440549790574791,0.659538958810507,0.918520225359135,"hsa-miR-380-3p","NS","grey80"
"hsa-let-7i-5p",58020.8735058684,0.0330842242936548,0.0847292168971564,0.390470082283567,0.696188973934362,0.92172267330892,"hsa-let-7i-5p","NS","grey80"
"hsa-miR-100-5p",13032.3850509056,-0.0381874742266809,0.102840434568294,-0.371327429595034,0.710393670208848,0.92172267330892,"hsa-miR-100-5p","NS","grey80"
"hsa-miR-106b-3p",9790.39722762242,0.0259769450816934,0.0728617889394456,0.356523569621417,0.721448504188157,0.92172267330892,"hsa-miR-106b-3p","NS","grey80"
"hsa-miR-1180-5p",68.9324892282365,0.152884631775924,0.448593644622509,0.340808733268114,0.733247575460874,0.92172267330892,"hsa-miR-1180-5p","NS","grey80"
"hsa-miR-1185-1-3p",138.72531618163,0.118437915908307,0.272286996021088,0.434974558605564,0.663580894324928,0.92172267330892,"hsa-miR-1185-1-3p","NS","grey80"
"hsa-miR-125b-2-3p",3069.80025549993,0.028719813622608,0.0743316679370053,0.386373862173354,0.699219805007847,0.92172267330892,"hsa-miR-125b-2-3p","NS","grey80"
"hsa-miR-1269b",5109.4122167791,-0.027929009446793,0.0800003166319286,-0.349111236337861,0.727005801282438,0.92172267330892,"hsa-miR-1269b","NS","grey80"
"hsa-miR-1277-3p",118.036476005724,-0.12923167443087,0.30025347226547,-0.430408592632726,0.666898445912717,0.92172267330892,"hsa-miR-1277-3p","NS","grey80"
"hsa-miR-128-1-5p",97.8977881921904,0.101057680741564,0.283950868508548,0.355898473818267,0.721916598787187,0.92172267330892,"hsa-miR-128-1-5p","NS","grey80"
"hsa-miR-129-2-3p",268.220177966398,-0.0878897911298503,0.217722564375297,-0.403677916352074,0.686449581007304,0.92172267330892,"hsa-miR-129-2-3p","NS","grey80"
"hsa-miR-137-5p",181.745070146493,0.0971554332504816,0.23103183008839,0.420528345437558,0.674099526802428,0.92172267330892,"hsa-miR-137-5p","NS","grey80"
"hsa-miR-181b-3p",85.4763575467512,-0.123119337694589,0.358501621294975,-0.343427561777432,0.731276827659084,0.92172267330892,"hsa-miR-181b-3p","NS","grey80"
"hsa-miR-181b-2-3p",411.706506863566,-0.0544833889933734,0.147179529974573,-0.370183197369813,0.711245995281283,0.92172267330892,"hsa-miR-181b-2-3p","NS","grey80"
"hsa-miR-186-5p",50728.431592171,-0.0250256312958838,0.0602030360426934,-0.41568719687387,0.677638911106124,0.92172267330892,"hsa-miR-186-5p","NS","grey80"
"hsa-miR-193a-5p",279.562116978375,-0.0684135689987811,0.181787628467717,-0.376337870598991,0.706665728508652,0.92172267330892,"hsa-miR-193a-5p","NS","grey80"
"hsa-miR-199b-3p",262186.570920845,0.0224858046348619,0.064381043046196,0.34926126653039,0.72689317448393,0.92172267330892,"hsa-miR-199b-3p","NS","grey80"
"hsa-miR-20b-3p",96.9005451033198,0.148369417445656,0.363420478330552,0.408258274622339,0.683084069061301,0.92172267330892,"hsa-miR-20b-3p","NS","grey80"
"hsa-miR-2277-5p",170.250328138328,-0.0998736809727162,0.295313819603564,-0.338195080429317,0.735216182923665,0.92172267330892,"hsa-miR-2277-5p","NS","grey80"
"hsa-miR-2681-3p",666.80730369453,0.0539172435607382,0.132352086127981,0.407377360932578,0.683730851894872,0.92172267330892,"hsa-miR-2681-3p","NS","grey80"
"hsa-miR-28-3p",97.3923365051904,-0.113286121954791,0.326329038817328,-0.347153052530536,0.728476338703733,0.92172267330892,"hsa-miR-28-3p","NS","grey80"
"hsa-miR-296-5p",207.548031330719,-0.0918560168048992,0.253197406916516,-0.362784192474712,0.71676610115918,0.92172267330892,"hsa-miR-296-5p","NS","grey80"
"hsa-miR-29c-5p",51.1230514377855,-0.137549923821328,0.392197451338729,-0.350716006317264,0.725801416101686,0.92172267330892,"hsa-miR-29c-5p","NS","grey80"
"hsa-miR-3059-5p",61.3764336082496,-0.128455526848517,0.37079107152879,-0.34643640775623,0.729014767693196,0.92172267330892,"hsa-miR-3059-5p","NS","grey80"
"hsa-miR-3064-5p",51.0209268828835,0.186831261914159,0.47972521341846,0.389454747610249,0.696939779586571,0.92172267330892,"hsa-miR-3064-5p","NS","grey80"
"hsa-miR-3074-5p",41.0420173113006,-0.261453950655,0.622627989880353,-0.419920008262465,0.67454389066975,0.92172267330892,"hsa-miR-3074-5p","NS","grey80"
"hsa-miR-3143",144.011275216431,0.0910763270139255,0.271103105447758,0.335947191986246,0.736910688988408,0.92172267330892,"hsa-miR-3143","NS","grey80"
"hsa-miR-324-3p",226.537677362539,-0.0754436772627147,0.211102750951645,-0.357378939509869,0.720808140988313,0.92172267330892,"hsa-miR-324-3p","NS","grey80"
"hsa-miR-328-3p",2432.6023994338,0.0492212893139578,0.118850789461328,0.414143562167702,0.678768971427925,0.92172267330892,"hsa-miR-328-3p","NS","grey80"
"hsa-miR-376b-3p",46.2194225363336,-0.165498204711698,0.486947867653037,-0.339868424744021,0.733955616090932,0.92172267330892,"hsa-miR-376b-3p","NS","grey80"
"hsa-miR-3909",61.7034758690654,-0.139044956218407,0.364118895026271,-0.381866906984805,0.702560087867679,0.92172267330892,"hsa-miR-3909","NS","grey80"
"hsa-miR-4477b",33.9558122562017,0.265516252422467,0.72390695576669,0.366782291988421,0.713781417424549,0.92172267330892,"hsa-miR-4477b","NS","grey80"
"hsa-miR-4517",107.627541255225,0.123026245222691,0.367891862072757,0.334408716000247,0.738071163213533,0.92172267330892,"hsa-miR-4517","NS","grey80"
"hsa-miR-487b-3p",5820.60125590141,-0.0237593120657667,0.0658862809986922,-0.360610914831243,0.718390328757902,0.92172267330892,"hsa-miR-487b-3p","NS","grey80"
"hsa-miR-490-5p",44.4487522749848,0.156873528059014,0.406117822878349,0.386275901281991,0.699292346124054,0.92172267330892,"hsa-miR-490-5p","NS","grey80"
"hsa-miR-490-3p",722.256215402542,0.0435897345220023,0.116542112817988,0.374025607293387,0.708385264734191,0.92172267330892,"hsa-miR-490-3p","NS","grey80"
"hsa-miR-499a-5p",329.822429258922,0.0761539556383888,0.206922343899434,0.36803157263384,0.712849692295638,0.92172267330892,"hsa-miR-499a-5p","NS","grey80"
"hsa-miR-501-3p",5545.58208277182,0.0291059920349437,0.0722086249767103,0.403081931615943,0.686887952193977,0.92172267330892,"hsa-miR-501-3p","NS","grey80"
"hsa-miR-6516-5p",43.5073778941757,-0.206395114932535,0.546615048568474,-0.377587692605723,0.705736908894677,0.92172267330892,"hsa-miR-6516-5p","NS","grey80"
"hsa-miR-652-5p",32.641120488391,-0.212398684979472,0.515103756515532,-0.412341557002541,0.680089093028713,0.92172267330892,"hsa-miR-652-5p","NS","grey80"
"hsa-miR-7-2-3p",45.9218041612267,0.188034952576298,0.477712457869778,0.393615342197241,0.693865052378242,0.92172267330892,"hsa-miR-7-2-3p","NS","grey80"
"hsa-miR-887-5p",135.303673539915,-0.0956471143233539,0.245428025591058,-0.389715535106512,0.696746907686392,0.92172267330892,"hsa-miR-887-5p","NS","grey80"
"hsa-miR-199a-3p",262186.570920845,0.0224858046348619,0.064381043046196,0.34926126653039,0.72689317448393,0.92172267330892,"hsa-miR-199a-3p","NS","grey80"
"hsa-miR-3913-5p",136.776704082505,0.135366416735677,0.319138478633652,0.424162004266077,0.671447668728249,0.92172267330892,"hsa-miR-3913-5p","NS","grey80"
"hsa-miR-548d-5p",39.3394688541162,-0.22903593211703,0.591550783973438,-0.387178815956592,0.698623831915005,0.92172267330892,"hsa-miR-548d-5p","NS","grey80"
"hsa-miR-195-3p",180.98199460698,0.0721812111661954,0.221423593713395,0.325986991520086,0.744434197279096,0.923167815740045,"hsa-miR-195-3p","NS","grey80"
"hsa-miR-346",316.547989310191,0.0513957104559471,0.157345907680349,0.326641545456387,0.743939016888883,0.923167815740045,"hsa-miR-346","NS","grey80"
"hsa-miR-9-3p",76281.5288478915,-0.0187331461727556,0.0572559467806998,-0.327182541308884,0.743529824879342,0.923167815740045,"hsa-miR-9-3p","NS","grey80"
"hsa-miR-455-5p",53.2796251853496,-0.116450333244541,0.365574669616918,-0.318540486862965,0.750074988634028,0.927999753379774,"hsa-miR-455-5p","NS","grey80"
"hsa-miR-376a-5p",60.9779686522103,-0.143474578877243,0.46865333939646,-0.306142230976125,0.75949635486804,0.932315000774162,"hsa-miR-376a-5p","NS","grey80"
"hsa-miR-505-3p",6452.22122754264,-0.0189957037638694,0.0624094791093925,-0.304372092748497,0.7608444265664,0.932315000774162,"hsa-miR-505-3p","NS","grey80"
"hsa-miR-532-5p",13888.0381364742,-0.0259263820367144,0.0854333657706229,-0.303469046348042,0.761532433349536,0.932315000774162,"hsa-miR-532-5p","NS","grey80"
"hsa-miR-548s",40.9836135243039,0.171988117140868,0.568689693664125,0.302428756942527,0.762325235595415,0.932315000774162,"hsa-miR-548s","NS","grey80"
"hsa-miR-320c",1022.80223569433,-0.0440726978849421,0.142572790926864,-0.309124185606707,0.757227062119798,0.932315000774162,"hsa-miR-320c","NS","grey80"
"hsa-miR-29b-1-5p",51.2114842715065,0.162890484054509,0.555950411062687,0.292994628321521,0.769526257593843,0.932546626514634,"hsa-miR-29b-1-5p","NS","grey80"
"hsa-miR-30a-5p",82443.558003194,0.0210398130945431,0.0709018953389554,0.296745425407313,0.766660873746359,0.932546626514634,"hsa-miR-30a-5p","NS","grey80"
"hsa-miR-624-5p",32.6199340745432,-0.127143026465212,0.433287857079002,-0.293437779037574,0.769187552195595,0.932546626514634,"hsa-miR-624-5p","NS","grey80"
"hsa-miR-7706",385.681704687724,0.0542226331125091,0.184946293198994,0.293180426461254,0.769384244493282,0.932546626514634,"hsa-miR-7706","NS","grey80"
"hsa-miR-135b-5p",65.309218543907,0.144406845637542,0.502289315966083,0.287497346742874,0.773731533223054,0.934795160387558,"hsa-miR-135b-5p","NS","grey80"
"hsa-miR-3609",47.0782384990394,-0.163269214645082,0.57091794613621,-0.285976672742617,0.774895988216002,0.934795160387558,"hsa-miR-3609","NS","grey80"
"hsa-miR-134-5p",228.201785876605,0.0649941917694108,0.230980045813709,0.2813844440131,0.778415548202598,0.934801516125919,"hsa-miR-134-5p","NS","grey80"
"hsa-miR-655-3p",749.049253888775,0.0355999679655376,0.126237018737886,0.282008940970446,0.777936654538798,0.934801516125919,"hsa-miR-655-3p","NS","grey80"
"hsa-miR-125a-5p",193238.375858307,-0.017965693941847,0.0646084584423095,-0.278070308052451,0.780958387950171,0.935742933309664,"hsa-miR-125a-5p","NS","grey80"
"hsa-miR-219a-1-3p",35.0984563718363,-0.152964866974429,0.555569550759483,-0.275329824619295,0.783062852860238,0.936156039823925,"hsa-miR-219a-1-3p","NS","grey80"
"hsa-miR-937-3p",43.3385971671375,0.120588297795013,0.444113970147485,0.271525567536115,0.785986838005692,0.937544838159256,"hsa-miR-937-3p","NS","grey80"
"hsa-miR-193b-3p",209.135996750618,-0.0529089104853367,0.199455591525451,-0.265266619404778,0.79080407748583,0.93804211516331,"hsa-miR-193b-3p","NS","grey80"
"hsa-miR-3613-3p",54.0502381564676,0.1147865378264,0.434612730002112,0.264112231194522,0.791693439301365,0.93804211516331,"hsa-miR-3613-3p","NS","grey80"
"hsa-miR-363-3p",11871.4697224869,-0.0156841492328274,0.0593326029928435,-0.264342847636723,0.791515746458806,0.93804211516331,"hsa-miR-363-3p","NS","grey80"
"hsa-miR-16-2-3p",9966.24672186465,0.0151698995102576,0.0606745862721985,0.2500206501978,0.802571379129185,0.948817719326059,"hsa-miR-16-2-3p","NS","grey80"
"hsa-let-7b-3p",180.441932693766,0.048771291057326,0.221212282025614,0.220472799298182,0.825502954219192,0.948975572079998,"hsa-let-7b-3p","NS","grey80"
"hsa-miR-1229-3p",44.1654187614437,0.0867711683147812,0.362983865913978,0.239049656095031,0.811067078693733,0.948975572079998,"hsa-miR-1229-3p","NS","grey80"
"hsa-miR-1252-5p",95.3568888694287,-0.0766319244559568,0.332411884015011,-0.230533046924689,0.817677587190562,0.948975572079998,"hsa-miR-1252-5p","NS","grey80"
"hsa-miR-1292-5p",164.316294913146,-0.0522489006774347,0.224114496239418,-0.233134855416126,0.81565668979729,0.948975572079998,"hsa-miR-1292-5p","NS","grey80"
"hsa-miR-1307-3p",4226.66386960221,0.0190318149542548,0.0837856364048682,0.227148897721436,0.820307962742528,0.948975572079998,"hsa-miR-1307-3p","NS","grey80"
"hsa-miR-139-3p",56.0040631976746,0.084123830855183,0.379864553188523,0.221457438313369,0.824736273142295,0.948975572079998,"hsa-miR-139-3p","NS","grey80"
"hsa-miR-548c-5p",43.1929363989295,-0.0997041406862769,0.419456159593797,-0.237698597114012,0.812114871831547,0.948975572079998,"hsa-miR-548c-5p","NS","grey80"
"hsa-miR-548o-5p",43.1929363989295,-0.0997041406862769,0.419456159593797,-0.237698597114012,0.812114871831547,0.948975572079998,"hsa-miR-548o-5p","NS","grey80"
"hsa-miR-628-3p",255.082464172642,-0.0428820754037302,0.18174914770532,-0.235940998596909,0.813478453906641,0.948975572079998,"hsa-miR-628-3p","NS","grey80"
"hsa-let-7a-3p",2849.28573299042,0.0166264054182088,0.0674978582288555,0.246324933182857,0.805430710558895,0.948975572079998,"hsa-let-7a-3p","NS","grey80"
"hsa-miR-128-3p",31038.0242266062,0.0138337812954404,0.0635508089714588,0.217680648277085,0.827677942566013,0.948975572079998,"hsa-miR-128-3p","NS","grey80"
"hsa-miR-320d",602.322653996746,-0.0381930804284264,0.161682180077007,-0.236223190522515,0.813259485229412,0.948975572079998,"hsa-miR-320d","NS","grey80"
"hsa-miR-550a-5p",232.387988623686,-0.03718942818963,0.170004383731836,-0.218755701313517,0.82684035627608,0.948975572079998,"hsa-miR-550a-5p","NS","grey80"
"hsa-miR-6511a-3p",104.219618696035,0.0636383412119921,0.287071841597853,0.221680889556352,0.82456230791498,0.948975572079998,"hsa-miR-6511a-3p","NS","grey80"
"hsa-miR-181a-3p",577.353070398455,0.0338837184546641,0.162048645153554,0.209095968821934,0.834373321567973,0.950546801487826,"hsa-miR-181a-3p","NS","grey80"
"hsa-miR-28-5p",171.649173803678,-0.0648579954848823,0.308328603982312,-0.210353482120015,0.833391796227923,0.950546801487826,"hsa-miR-28-5p","NS","grey80"
"hsa-miR-502-3p",4811.33872558698,-0.0123586017198774,0.0597719550730322,-0.206762547833295,0.836195306571997,0.950546801487826,"hsa-miR-502-3p","NS","grey80"
"hsa-miR-6866-5p",31.0717521783923,-0.110781287586348,0.535496745281792,-0.206875743993649,0.836106900220786,0.950546801487826,"hsa-miR-6866-5p","NS","grey80"
"hsa-miR-22-3p",6065.94014958569,-0.0189152670950822,0.0953049261929849,-0.198471032407919,0.842676546718214,0.95310491138703,"hsa-miR-22-3p","NS","grey80"
"hsa-miR-3177-3p",161.741560852706,-0.0575352817857122,0.292043605428679,-0.197009216145166,0.843820325682878,0.95310491138703,"hsa-miR-3177-3p","NS","grey80"
"hsa-miR-887-3p",724.57445969777,-0.0383892190018624,0.192591389576268,-0.199329882225393,0.842004705524018,0.95310491138703,"hsa-miR-887-3p","NS","grey80"
"hsa-miR-138-1-3p",117.524080469492,-0.061592171159142,0.317988091614853,-0.193693326207141,0.846416017799511,0.954011274299449,"hsa-miR-138-1-3p","NS","grey80"
"hsa-miR-125b-5p",93298.4056925317,-0.0153942332070714,0.0811351328917041,-0.189735724320794,0.849516225305618,0.954536311931159,"hsa-miR-125b-5p","NS","grey80"
"hsa-miR-329-3p",3461.30872676964,0.0135720317229888,0.0719931554845276,0.188518361664333,0.850470323036408,0.954536311931159,"hsa-miR-329-3p","NS","grey80"
"hsa-let-7b-5p",21749.5814784432,-0.0150134610490077,0.0822544557546266,-0.182524592877915,0.855171056190134,0.954900839881124,"hsa-let-7b-5p","NS","grey80"
"hsa-let-7c-3p",342.234894463636,0.0370456593135083,0.216082625413671,0.171442101106406,0.863876152898693,0.954900839881124,"hsa-let-7c-3p","NS","grey80"
"hsa-miR-10b-3p",1120.5440073665,-0.0194685835968349,0.131778495592478,-0.147737182074389,0.882550186552939,0.954900839881124,"hsa-miR-10b-3p","NS","grey80"
"hsa-miR-1910-5p",52.2765306600822,-0.0852704458172742,0.53779228985413,-0.158556467665989,0.874018328580748,0.954900839881124,"hsa-miR-1910-5p","NS","grey80"
"hsa-miR-197-3p",6511.18185979477,0.0114744698982836,0.0779317366103288,0.147237446480345,0.882944604659135,0.954900839881124,"hsa-miR-197-3p","NS","grey80"
"hsa-miR-3176",38.1595394292157,0.0950744126077784,0.522033608281919,0.18212316429335,0.855486070255098,0.954900839881124,"hsa-miR-3176","NS","grey80"
"hsa-miR-3200-5p",58.2618473344813,0.0806702114097234,0.530125252393487,0.152171983970773,0.87905129015342,0.954900839881124,"hsa-miR-3200-5p","NS","grey80"
"hsa-miR-3912-3p",67.8198224255029,-0.0721380211379926,0.411539317421736,-0.175288284944272,0.860853116518458,0.954900839881124,"hsa-miR-3912-3p","NS","grey80"
"hsa-miR-3940-3p",82.7849729613035,-0.0419957104245192,0.277952154664216,-0.15108970993678,0.879904949597051,0.954900839881124,"hsa-miR-3940-3p","NS","grey80"
"hsa-miR-421",5359.87138774817,-0.0108632091485695,0.0679080925508326,-0.15996928702478,0.872905268015033,0.954900839881124,"hsa-miR-421","NS","grey80"
"hsa-miR-495-3p",3368.46657838189,0.0117204261525886,0.0660392841587926,0.177476577795826,0.859134061395099,0.954900839881124,"hsa-miR-495-3p","NS","grey80"
"hsa-miR-5094",87.6639118587356,-0.0496652616333817,0.308764436818897,-0.160851625741187,0.872210263130958,0.954900839881124,"hsa-miR-5094","NS","grey80"
"hsa-miR-548ay-5p",30.0609256607643,0.10207145408861,0.672693459938205,0.151735463725166,0.879395585008945,0.954900839881124,"hsa-miR-548ay-5p","NS","grey80"
"hsa-miR-548bc",44.2032536729432,0.0650468306906128,0.403166102529936,0.161340029041214,0.871825597600788,0.954900839881124,"hsa-miR-548bc","NS","grey80"
"hsa-miR-548k",312.582595131754,-0.0346253998927228,0.215373071256043,-0.160769402092795,0.872275025297968,0.954900839881124,"hsa-miR-548k","NS","grey80"
"hsa-miR-616-5p",61.7595940241035,0.0442194413789685,0.299818307303683,0.147487462579058,0.88274727492459,0.954900839881124,"hsa-miR-616-5p","NS","grey80"
"hsa-miR-93-3p",3982.12816683353,-0.0161838283968811,0.103786522892842,-0.155933814389279,0.876085191287579,0.954900839881124,"hsa-miR-93-3p","NS","grey80"
"hsa-miR-95-3p",3506.75240633379,0.0116243369777294,0.0790578831641681,0.147035773189004,0.883103784250965,0.954900839881124,"hsa-miR-95-3p","NS","grey80"
"hsa-miR-1307-5p",731.622308738864,0.0192614330235853,0.133893826480077,0.143856020325563,0.885614165060078,0.955672892113512,"hsa-miR-1307-5p","NS","grey80"
"hsa-miR-10395-3p",27.8723761143431,0.0918550624460455,0.672343863256458,0.136619172816051,0.891331820887837,0.958550870928831,"hsa-miR-10395-3p","NS","grey80"
"hsa-miR-671-3p",530.739492391488,0.0189664487047184,0.139541543231955,0.135919728744803,0.891884738928141,0.958550870928831,"hsa-miR-671-3p","NS","grey80"
"hsa-miR-25-5p",2151.99318867903,0.0120656837051995,0.0919098260984247,0.131277407622103,0.895555863213101,0.958623177523883,"hsa-miR-25-5p","NS","grey80"
"hsa-miR-3615",670.204447594144,0.0163626664845401,0.123917351967224,0.132044997934333,0.894948700127196,0.958623177523883,"hsa-miR-3615","NS","grey80"
"hsa-miR-374b-3p",1031.46518452031,-0.0138439130180256,0.108006720860407,-0.128176403354733,0.898009373415057,0.95931925031488,"hsa-miR-374b-3p","NS","grey80"
"hsa-miR-505-5p",185.223250692938,-0.0295011240732494,0.23585187473259,-0.125083271467305,0.900457626712935,0.960006928679923,"hsa-miR-505-5p","NS","grey80"
"hsa-miR-877-3p",69.3481946890235,-0.0399615713958621,0.333524423604586,-0.119816027156197,0.904628885572585,0.962525134249231,"hsa-miR-877-3p","NS","grey80"
"hsa-miR-664a-3p",388.674235548595,-0.0197758282008393,0.169452162033255,-0.116704490303041,0.907094231847657,0.963221819047811,"hsa-miR-664a-3p","NS","grey80"
"hsa-miR-148a-5p",347.507958454541,0.0202404340052969,0.204210685200145,0.0991154502295485,0.921046604983468,0.971339215806974,"hsa-miR-148a-5p","NS","grey80"
"hsa-miR-18b-5p",67.9885278927226,-0.0313646810735465,0.396048127791087,-0.0791941152416989,0.9368782252498,0.971339215806974,"hsa-miR-18b-5p","NS","grey80"
"hsa-miR-21-5p",978740.022770651,0.00546364994505863,0.0717468607429666,0.0761517631361208,0.939298358634926,0.971339215806974,"hsa-miR-21-5p","NS","grey80"
"hsa-miR-3065-3p",47.1768638952699,0.0387628293745709,0.486713562440736,0.0796419750051465,0.936522010000323,0.971339215806974,"hsa-miR-3065-3p","NS","grey80"
"hsa-miR-30d-5p",285357.650787877,-0.00407285890563627,0.0542973608483357,-0.0750102554157769,0.940206552240772,0.971339215806974,"hsa-miR-30d-5p","NS","grey80"
"hsa-miR-3187-3p",76.6944572307342,0.029649749966453,0.33763164299583,0.0878168577547077,0.930022238978394,0.971339215806974,"hsa-miR-3187-3p","NS","grey80"
"hsa-miR-363-5p",42.0928458965832,0.0449617513521659,0.546158016262992,0.0823237048863812,0.934389304623295,0.971339215806974,"hsa-miR-363-5p","NS","grey80"
"hsa-miR-369-3p",4988.92642198323,-0.00572922944073377,0.0750366712658297,-0.076352393357603,0.93913874358544,0.971339215806974,"hsa-miR-369-3p","NS","grey80"
"hsa-miR-489-3p",141.900778298248,-0.0228417764628374,0.279967107806461,-0.0815873573213742,0.934974855171495,0.971339215806974,"hsa-miR-489-3p","NS","grey80"
"hsa-miR-500a-3p",5040.27526100482,-0.00605341365848081,0.0743792706946379,-0.0813857624839175,0.935135171440262,0.971339215806974,"hsa-miR-500a-3p","NS","grey80"
"hsa-miR-582-5p",239.651402466806,-0.0178722915827031,0.197297227630071,-0.090585619460469,0.927821858956634,0.971339215806974,"hsa-miR-582-5p","NS","grey80"
"hsa-miR-651-5p",314.514560426424,-0.0169624714646452,0.17892623923222,-0.0948014753869075,0.924472514962881,0.971339215806974,"hsa-miR-651-5p","NS","grey80"
"hsa-miR-99a-5p",90808.2217258014,-0.00614869636465014,0.0821002081849971,-0.0748925794535773,0.940300180715397,0.971339215806974,"hsa-miR-99a-5p","NS","grey80"
"hsa-miR-6511b-3p",108.011808452264,0.0225369640012319,0.292405792183042,0.0770742735052391,0.93856445887612,0.971339215806974,"hsa-miR-6511b-3p","NS","grey80"
"hsa-miR-539-5p",61.5262886571272,0.0329453117832483,0.512042155409517,0.0643410145731059,0.948698696185476,0.978115710020684,"hsa-miR-539-5p","NS","grey80"
"hsa-miR-9-5p",184334.789205567,0.00374457690769982,0.0626690768327867,0.0597515887730576,0.952353483201517,0.97998462874895,"hsa-miR-9-5p","NS","grey80"
"hsa-miR-3127-3p",34.6451056706502,0.0289765864231982,0.515948819694373,0.0561617457335454,0.955212955522117,0.98077626298243,"hsa-miR-3127-3p","NS","grey80"
"hsa-miR-942-5p",219.224016426138,0.0106802924640419,0.197209122087581,0.0541571928873492,0.9568099257291,0.98077626298243,"hsa-miR-942-5p","NS","grey80"
"hsa-miR-370-5p",42.0441675710795,0.0285930729029555,0.593135174436045,0.0482066721639665,0.961551532753888,0.983741183509747,"hsa-miR-370-5p","NS","grey80"
"hsa-miR-183-3p",334.410446968545,0.00780887178245011,0.181625497515675,0.0429943586625339,0.965706030832258,0.983790032481477,"hsa-miR-183-3p","NS","grey80"
"hsa-miR-345-5p",5060.52781173654,-0.00414190648145289,0.100563903286359,-0.041186811033564,0.967146968022204,0.983790032481477,"hsa-miR-345-5p","NS","grey80"
"hsa-miR-411-3p",186.039937304834,-0.0119727768764315,0.262196385009593,-0.045663394161569,0.963578540585031,0.983790032481477,"hsa-miR-411-3p","NS","grey80"
"hsa-miR-615-3p",9544.00197313676,0.0034117668074253,0.0886558145573675,0.0384832830701433,0.96930235978822,0.984100869097964,"hsa-miR-615-3p","NS","grey80"
"hsa-miR-2110",139.91002722178,-0.0078739131550375,0.248175471553507,-0.0317272013456813,0.974689602265642,0.986123219128127,"hsa-miR-2110","NS","grey80"
"hsa-miR-33a-5p",55.2070066240508,0.0161287085287013,0.51470114223302,0.0313360651556498,0.975001528686832,0.986123219128127,"hsa-miR-33a-5p","NS","grey80"
"hsa-miR-30b-5p",14048.699427986,0.00129421550706953,0.0604964801319404,0.0213932365031304,0.982931968821065,0.992257699075535,"hsa-miR-30b-5p","NS","grey80"
"hsa-miR-320b",1733.27483946834,-0.00177984720848228,0.102645804825202,-0.0173396975308754,0.986165616307347,0.993636567946039,"hsa-miR-320b","NS","grey80"
"hsa-miR-34c-5p",193.221543561925,0.00301401225081643,0.250949622677951,0.0120104275059396,0.990417295709694,0.994154719467089,"hsa-miR-34c-5p","NS","grey80"
"hsa-miR-641",128.290888491074,0.00520675911340406,0.385251621155291,0.0135152166207375,0.989216745603556,0.994154719467089,"hsa-miR-641","NS","grey80"
"hsa-let-7e-5p",24061.6238990528,-0.000599105571806683,0.0936173525195719,-0.00639951414649792,0.994893961317825,0.996767584597143,"hsa-let-7e-5p","NS","grey80"
"hsa-let-7e-3p",353.893395127108,-0.000155404604130515,0.160517474056701,-0.000968147580466037,0.999227530113641,0.999227530113641,"hsa-let-7e-3p","NS","grey80"
"hsa-let-7g-3p",22.3299847863349,-0.530482346360494,0.649534289449681,-0.816711842587935,0.414093121971377,NA,"hsa-let-7g-3p","NA","grey87"
"hsa-miR-100-3p",5.19477063650811,-3.16509207101646,1.91927850848842,-1.64910514915796,0.0991260949346915,NA,"hsa-miR-100-3p","NA","grey87"
"hsa-miR-101-5p",20.0916705831652,0.126379360788191,0.613230720724274,0.206087784771981,0.836722340308974,NA,"hsa-miR-101-5p","NA","grey87"
"hsa-miR-10399-3p",9.21261084058014,0.469948221909951,0.873539152817554,0.537981864229162,0.590589569223473,NA,"hsa-miR-10399-3p","NA","grey87"
"hsa-miR-103a-2-5p",4.92923493745544,-0.442758080334397,1.4575155805365,-0.303775881539065,0.761298642687127,NA,"hsa-miR-103a-2-5p","NA","grey87"
"hsa-miR-1224-5p",7.44860848941907,1.09922847836624,1.16393145524112,0.944409976563891,0.34496018527596,NA,"hsa-miR-1224-5p","NA","grey87"
"hsa-miR-1226-5p",7.14719491208715,-0.0852668022909854,1.08789110676264,-0.0783780672173372,0.937527319676828,NA,"hsa-miR-1226-5p","NA","grey87"
"hsa-miR-1227-3p",6.7732082869982,0.120294994232141,1.33551757644811,0.0900736885485802,0.92822865770669,NA,"hsa-miR-1227-3p","NA","grey87"
"hsa-miR-1234-3p",26.7899786818338,0.73166401870352,0.650254857015608,1.12519577640918,0.260506082511682,NA,"hsa-miR-1234-3p","NA","grey87"
"hsa-miR-1245b-3p",3.62072734455887,-0.154612811651762,1.9099972167338,-0.0809492340078685,0.93548232533019,NA,"hsa-miR-1245b-3p","NA","grey87"
"hsa-miR-1248",25.1292862104948,-0.312540568159974,0.555392772858445,-0.562737909878479,0.573613365686851,NA,"hsa-miR-1248","NA","grey87"
"hsa-miR-1252-3p",8.34612796963188,1.66267518203877,1.19066087598994,1.39643051650319,0.162584890872075,NA,"hsa-miR-1252-3p","NA","grey87"
"hsa-miR-1256",8.64408204285681,0.145491462241841,1.55354971768776,0.0936509856011464,0.925386406899128,NA,"hsa-miR-1256","NA","grey87"
"hsa-miR-1260a",14.7879803459512,-0.0724027521692332,0.570156796679174,-0.126987440281229,0.898950339272322,NA,"hsa-miR-1260a","NA","grey87"
"hsa-miR-1262",24.2808059370621,-0.248285749563064,0.784316403523985,-0.31656324978988,0.751575025010686,NA,"hsa-miR-1262","NA","grey87"
"hsa-miR-1278",24.6243507025088,-1.06983848665829,0.736806617950148,-1.45199359044122,0.1465033874463,NA,"hsa-miR-1278","NA","grey87"
"hsa-miR-1285-5p",24.6825976338346,-0.545852204189017,0.569552048725495,-0.958388623850073,0.337866829551643,NA,"hsa-miR-1285-5p","NA","grey87"
"hsa-miR-1288-3p",8.41472817700452,-0.113784333460236,1.10396237365199,-0.103069032220572,0.917908182803202,NA,"hsa-miR-1288-3p","NA","grey87"
"hsa-miR-1291",22.5446070913745,-0.140820334479892,0.723959257010041,-0.194514170675131,0.845773301034635,NA,"hsa-miR-1291","NA","grey87"
"hsa-miR-1292-3p",8.71934205944441,0.546906138524982,1.38104956357914,0.396007611129913,0.692099413395357,NA,"hsa-miR-1292-3p","NA","grey87"
"hsa-miR-1294",14.2340930508708,1.0662555364354,1.97187169242082,0.540732716298789,0.588691824890582,NA,"hsa-miR-1294","NA","grey87"
"hsa-miR-1298-3p",7.98684681740245,0.226232377070612,1.65508936757406,0.136688919343498,0.891276688402292,NA,"hsa-miR-1298-3p","NA","grey87"
"hsa-miR-1304-5p",21.0463483600731,-0.792010283980574,0.606575825937491,-1.30570697036349,0.191652226675801,NA,"hsa-miR-1304-5p","NA","grey87"
"hsa-miR-1305",14.4439992771641,-0.186194656638238,0.655483311861488,-0.284057051139058,0.776366659990166,NA,"hsa-miR-1305","NA","grey87"
"hsa-miR-1322",17.5102877188805,0.561158309904906,1.00608097916066,0.55776654317932,0.577003811612473,NA,"hsa-miR-1322","NA","grey87"
"hsa-miR-134-3p",5.97075922466455,0.749531567154791,1.53858855631361,0.487155298327863,0.626148281004186,NA,"hsa-miR-134-3p","NA","grey87"
"hsa-miR-143-5p",11.2948661601075,0.48428078156495,1.09621952850694,0.441773539853413,0.658653087764241,NA,"hsa-miR-143-5p","NA","grey87"
"hsa-miR-144-5p",14.0704592562776,0.705798607109314,1.04775538229425,0.673629187724942,0.500547091879602,NA,"hsa-miR-144-5p","NA","grey87"
"hsa-miR-147b-5p",17.3328746684992,0.914564201039469,0.791275997220048,1.15580935634667,0.2477591451318,NA,"hsa-miR-147b-5p","NA","grey87"
"hsa-miR-147b-3p",13.7838313941154,-1.10754446876667,1.02223344636859,-1.0834555186011,0.278606284357457,NA,"hsa-miR-147b-3p","NA","grey87"
"hsa-miR-1538",10.6422893553771,0.399559992754363,0.985204232682922,0.405560572619827,0.685065503517527,NA,"hsa-miR-1538","NA","grey87"
"hsa-miR-16-1-3p",12.7403430508121,-0.616487233940382,1.00169129249054,-0.615446334177055,0.538260000112176,NA,"hsa-miR-16-1-3p","NA","grey87"
"hsa-miR-181d-3p",17.7140326977705,0.0809849680714883,0.759614432333906,0.106613256178747,0.915095801618173,NA,"hsa-miR-181d-3p","NA","grey87"
"hsa-miR-188-3p",19.8148640067143,-0.747377685853359,0.675833470126618,-1.10586071700968,0.26878680992795,NA,"hsa-miR-188-3p","NA","grey87"
"hsa-miR-18b-3p",7.03361613144465,2.35950720668101,1.55534220490831,1.51703412871774,0.129258067545052,NA,"hsa-miR-18b-3p","NA","grey87"
"hsa-miR-1908-3p",13.8846936729101,-1.0701396144724,1.19385299341449,-0.896374696361684,0.37005267693318,NA,"hsa-miR-1908-3p","NA","grey87"
"hsa-miR-1910-3p",7.97140098089687,0.833874752578412,1.16799770720592,0.713935264970002,0.475267209737264,NA,"hsa-miR-1910-3p","NA","grey87"
"hsa-miR-1911-5p",20.5098203237412,-0.985724895548459,0.65418808308638,-1.50679127461009,0.131864166792108,NA,"hsa-miR-1911-5p","NA","grey87"
"hsa-miR-1912-5p",5.6752419773666,0.115928809354625,1.7487617743735,0.0662919392758097,0.947145400635606,NA,"hsa-miR-1912-5p","NA","grey87"
"hsa-miR-1912-3p",8.49005229936738,1.56278730914659,0.974436384420966,1.60378587471899,0.108761259198586,NA,"hsa-miR-1912-3p","NA","grey87"
"hsa-miR-1913",11.6592398066211,0.368406866345887,0.872102584403696,0.422435242062477,0.672707358880154,NA,"hsa-miR-1913","NA","grey87"
"hsa-miR-1914-3p",11.8886421457886,0.522867884742928,0.964049924718622,0.542365982649226,0.587566409025143,NA,"hsa-miR-1914-3p","NA","grey87"
"hsa-miR-1915-3p",10.3954942254638,0.652623461191549,0.885130999555132,0.737318500334479,0.460928684282814,NA,"hsa-miR-1915-3p","NA","grey87"
"hsa-miR-193a-3p",5.84438872596947,2.10898931257467,1.41939883030735,1.48583278183905,0.13732335678899,NA,"hsa-miR-193a-3p","NA","grey87"
"hsa-miR-193b-5p",6.0766016587816,-0.41586614604441,1.45933825597731,-0.284968988060898,0.775667901196403,NA,"hsa-miR-193b-5p","NA","grey87"
"hsa-miR-194-3p",16.894488336644,1.49031622594921,1.0292761582433,1.44792650059318,0.147637607297685,NA,"hsa-miR-194-3p","NA","grey87"
"hsa-miR-19b-1-5p",10.5914169787758,0.273917979513873,1.37925826489601,0.198598033802267,0.842577191774156,NA,"hsa-miR-19b-1-5p","NA","grey87"
"hsa-miR-200a-3p",26.0234461303236,0.582794505559247,0.678661307846248,0.85874131738667,0.39048324977204,NA,"hsa-miR-200a-3p","NA","grey87"
"hsa-miR-203b-3p",15.0220326436059,1.44366768139289,0.818668668691789,1.76343340914687,0.0778274191968208,NA,"hsa-miR-203b-3p","NA","grey87"
"hsa-miR-204-5p",7.91356747585142,-3.36895574034996,1.0413482464112,-3.23518645367713,0.00121563318923518,NA,"hsa-miR-204-5p","NA","grey87"
"hsa-miR-210-5p",21.9105008135834,0.763252383871964,0.721339071920122,1.05810486854715,0.290007635081413,NA,"hsa-miR-210-5p","NA","grey87"
"hsa-miR-215-3p",9.41210046588896,-0.0541385046674871,1.06295009583601,-0.0509323108202056,0.959379458602341,NA,"hsa-miR-215-3p","NA","grey87"
"hsa-miR-218-2-3p",19.8293521396046,-0.363164214706657,0.731884373043855,-0.496204356975519,0.619750237319987,NA,"hsa-miR-218-2-3p","NA","grey87"
"hsa-miR-219b-3p",10.6565572842223,-1.7180487945603,1.34609891402101,-1.27631690113189,0.201843518039756,NA,"hsa-miR-219b-3p","NA","grey87"
"hsa-miR-221-5p",11.4234859481835,0.44944851939349,1.0541972301293,0.426341965761347,0.669858682733404,NA,"hsa-miR-221-5p","NA","grey87"
"hsa-miR-2681-5p",24.9692220554657,0.109862116031939,0.641495711356005,0.171259314890368,0.864019869794772,NA,"hsa-miR-2681-5p","NA","grey87"
"hsa-miR-29a-5p",13.2230246390302,0.0219970515789623,1.27055152254275,0.0173129945450302,0.98618691900968,NA,"hsa-miR-29a-5p","NA","grey87"
"hsa-miR-302a-5p",10.6210761027636,1.50954370608519,1.02943548739024,1.46638009333842,0.142544766439992,NA,"hsa-miR-302a-5p","NA","grey87"
"hsa-miR-3064-3p",12.6795935008951,-0.384325963866375,0.836687494288131,-0.45934230700241,0.64598837114763,NA,"hsa-miR-3064-3p","NA","grey87"
"hsa-miR-3074-3p",7.75805992448976,0.873813834555083,1.18481926733951,0.737508123510865,0.460813404937677,NA,"hsa-miR-3074-3p","NA","grey87"
"hsa-miR-3115",27.5755856859611,-1.06489964625174,0.881944157535093,-1.20744566099058,0.227260559838545,NA,"hsa-miR-3115","NA","grey87"
"hsa-miR-3125",21.3876392685401,0.840359995239224,0.568962711600115,1.47700363856156,0.139674661938045,NA,"hsa-miR-3125","NA","grey87"
"hsa-miR-3126-5p",20.7634480730092,0.480056147032809,0.658915136442807,0.728555348757689,0.466273700123547,NA,"hsa-miR-3126-5p","NA","grey87"
"hsa-miR-3126-3p",15.7001714336765,0.244126186556021,0.880558188473956,0.277240266176051,0.781595622975855,NA,"hsa-miR-3126-3p","NA","grey87"
"hsa-miR-3127-5p",17.4903809671759,-0.453929025276415,0.985868406677447,-0.460435715559886,0.645203503682231,NA,"hsa-miR-3127-5p","NA","grey87"
"hsa-miR-3128",8.05141178685661,-0.861554697282213,2.11638088020604,-0.407088679235439,0.683942857765363,NA,"hsa-miR-3128","NA","grey87"
"hsa-miR-3131",8.41343569494406,0.511276683751595,1.05448679152351,0.484858310091213,0.627776856941858,NA,"hsa-miR-3131","NA","grey87"
"hsa-miR-3139",11.1395550379232,0.328781848827701,1.26287187261027,0.26034458123462,0.794597987004919,NA,"hsa-miR-3139","NA","grey87"
"hsa-miR-3140-3p",12.8353359438521,0.086726435369159,0.850819155746358,0.1019328664422,0.91880996217579,NA,"hsa-miR-3140-3p","NA","grey87"
"hsa-miR-3149",9.59597130201896,0.679831829947474,1.23679167719404,0.54967367785805,0.582543214005921,NA,"hsa-miR-3149","NA","grey87"
"hsa-miR-3150a-5p",17.485757629043,0.0737841950581876,0.768774265651058,0.0959764112235226,0.923539307177245,NA,"hsa-miR-3150a-5p","NA","grey87"
"hsa-miR-3157-5p",19.0384231944225,0.861887661206406,1.03545854934105,0.832372924782838,0.405198479745712,NA,"hsa-miR-3157-5p","NA","grey87"
"hsa-miR-3157-3p",24.847505634258,0.509499778945193,0.726184370373515,0.701612152135869,0.48292107106816,NA,"hsa-miR-3157-3p","NA","grey87"
"hsa-miR-3171",17.0516425826034,-1.00764708297367,1.00181451857921,-1.00582200026681,0.314501202335181,NA,"hsa-miR-3171","NA","grey87"
"hsa-miR-3174",9.96896781405034,0.233091488052218,1.19475844736466,0.195095074294188,0.845318518632077,NA,"hsa-miR-3174","NA","grey87"
"hsa-miR-3188",9.15042708478018,0.0136082354122437,1.45505342217749,0.00935239572982756,0.992537976621324,NA,"hsa-miR-3188","NA","grey87"
"hsa-miR-3192-5p",6.68741627388112,1.72591118081849,1.35015804168825,1.27830307825327,0.201142582889877,NA,"hsa-miR-3192-5p","NA","grey87"
"hsa-miR-323a-5p",19.3663657365401,0.0165539240766083,0.999493002948652,0.016562321124582,0.986785783819398,NA,"hsa-miR-323a-5p","NA","grey87"
"hsa-miR-33a-3p",17.5644611433218,0.846506066811999,0.706595560795418,1.19800648883087,0.23091449086225,NA,"hsa-miR-33a-3p","NA","grey87"
"hsa-miR-33b-5p",6.87698449067621,-2.0137279835627,2.24264938060793,-0.897923679454891,0.369226239493876,NA,"hsa-miR-33b-5p","NA","grey87"
"hsa-miR-34b-3p",26.0949397261939,-0.155506313623113,0.670621560127319,-0.231883856513039,0.81662822346053,NA,"hsa-miR-34b-3p","NA","grey87"
"hsa-miR-34c-3p",6.00508433321977,1.31367725755567,1.52282978655298,0.862655346747096,0.388326990196054,NA,"hsa-miR-34c-3p","NA","grey87"
"hsa-miR-3605-5p",20.0847864170253,-0.0924724436606829,0.758553651554469,-0.121906266578749,0.902973252635212,NA,"hsa-miR-3605-5p","NA","grey87"
"hsa-miR-3611",8.32805290382819,-0.728708139104674,0.99906424079109,-0.729390673143962,0.465762721404136,NA,"hsa-miR-3611","NA","grey87"
"hsa-miR-3619-5p",9.90184440975449,0.388757455260207,1.10426265790819,0.352051617861128,0.724799551803279,NA,"hsa-miR-3619-5p","NA","grey87"
"hsa-miR-3619-3p",6.720637463094,-5.59758214486571,1.86951905500749,-2.99412949542965,0.00275229103692202,NA,"hsa-miR-3619-3p","NA","grey87"
"hsa-miR-3620-3p",6.65971588456524,0.0425260976777756,1.25474479784281,0.0338922287232332,0.97296309021013,NA,"hsa-miR-3620-3p","NA","grey87"
"hsa-miR-3651",5.80279470184941,-0.593103439923517,1.41653067011078,-0.418701446031615,0.675434338749887,NA,"hsa-miR-3651","NA","grey87"
"hsa-miR-3661",12.5694269278508,-0.998142078822503,0.974723036887116,-1.02402635523028,0.305822826734843,NA,"hsa-miR-3661","NA","grey87"
"hsa-miR-3684",13.3314583012898,-3.00327392487717,0.789594895520273,-3.80356299403161,0.000142629702282259,NA,"hsa-miR-3684","NA","grey87"
"hsa-miR-3685",5.62103740864069,2.10731018454054,1.12873796545146,1.86696137548424,0.0619069818525272,NA,"hsa-miR-3685","NA","grey87"
"hsa-miR-3691-5p",13.0224152614182,0.611968008781383,0.968184402420593,0.632077946361643,0.527335945146143,NA,"hsa-miR-3691-5p","NA","grey87"
"hsa-miR-376b-5p",16.8254783825141,0.621578228406075,0.978824053755708,0.635025494133602,0.525411787856145,NA,"hsa-miR-376b-5p","NA","grey87"
"hsa-miR-376c-5p",16.7826750805673,0.641229790825902,1.01089387964932,0.634319589558052,0.525872274606748,NA,"hsa-miR-376c-5p","NA","grey87"
"hsa-miR-377-3p",26.7117044855244,-1.49361352906145,0.735300650380508,-2.0312963524356,0.0422249411776887,NA,"hsa-miR-377-3p","NA","grey87"
"hsa-miR-380-5p",14.2703626225398,0.507503505547649,1.15880686759568,0.437953484518633,0.661420003121734,NA,"hsa-miR-380-5p","NA","grey87"
"hsa-miR-381-5p",7.15323830430003,-1.55360415084345,1.5903256092038,-0.976909471778717,0.328613972167323,NA,"hsa-miR-381-5p","NA","grey87"
"hsa-miR-3907",3.68546533462824,2.22100484862362,3.17308733009093,0.699950747513772,0.483958063541472,NA,"hsa-miR-3907","NA","grey87"
"hsa-miR-3911",11.1659440189865,1.73349809342395,1.13382138696437,1.5288987430949,0.126289547900892,NA,"hsa-miR-3911","NA","grey87"
"hsa-miR-3916",14.9288489980154,0.0519994412971737,0.769995034226156,0.0675321774632391,0.946158046575556,NA,"hsa-miR-3916","NA","grey87"
"hsa-miR-3934-5p",6.51514522940401,1.82143867701567,1.8033257045937,1.01004420464691,0.312474111971901,NA,"hsa-miR-3934-5p","NA","grey87"
"hsa-miR-3935",6.54394119214637,0.252243468595872,1.67741742712926,0.15037608678453,0.880467906709452,NA,"hsa-miR-3935","NA","grey87"
"hsa-miR-3939",11.6816071069901,0.779475572292144,0.872258139822021,0.893629462089275,0.371520177472789,NA,"hsa-miR-3939","NA","grey87"
"hsa-miR-3942-5p",12.2271784339351,-0.244088603240532,0.93214143151644,-0.261857905879627,0.793430993706253,NA,"hsa-miR-3942-5p","NA","grey87"
"hsa-miR-3942-3p",11.1403138422398,0.956348518186615,1.01514755483503,0.942078334949079,0.346152535608853,NA,"hsa-miR-3942-3p","NA","grey87"
"hsa-miR-412-3p",13.6698860546266,-2.09209343469237,0.94082896856515,-2.22367029990902,0.0261706348864188,NA,"hsa-miR-412-3p","NA","grey87"
"hsa-miR-4254",8.48227105519186,0.81966871348677,1.26931485570622,0.645756811087448,0.518436862071791,NA,"hsa-miR-4254","NA","grey87"
"hsa-miR-429",18.3737364960766,0.416447067025084,0.712495418097927,0.584490870322827,0.55889010585412,NA,"hsa-miR-429","NA","grey87"
"hsa-miR-4422",6.98850994435822,-0.819209013140091,1.72263863932433,-0.475554764904966,0.634391608526545,NA,"hsa-miR-4422","NA","grey87"
"hsa-miR-4440",20.0414067680517,-0.801328764011294,0.685661902456232,-1.16869372666136,0.242527050378249,NA,"hsa-miR-4440","NA","grey87"
"hsa-miR-4449",8.46525377392228,-0.76265352722301,0.916530593170757,-0.832109187522693,0.405347316402218,NA,"hsa-miR-4449","NA","grey87"
"hsa-miR-4466",7.89894717337412,0.178305443742548,1.23316299794009,0.144591950975171,0.885033052638717,NA,"hsa-miR-4466","NA","grey87"
"hsa-miR-4467",8.2518050567504,-0.368767422964629,1.31754700587266,-0.279889386352771,0.779562370384595,NA,"hsa-miR-4467","NA","grey87"
"hsa-miR-4473",27.2719462140469,0.546469424098682,0.628837370351295,0.869015503632363,0.384838650894229,NA,"hsa-miR-4473","NA","grey87"
"hsa-miR-4477a",8.95538547900822,0.494407305127573,1.32340085112002,0.373588474504264,0.708710510078404,NA,"hsa-miR-4477a","NA","grey87"
"hsa-miR-4484",9.95684474851314,-1.57515255815073,1.12017796409438,-1.40616277827263,0.159675794157277,NA,"hsa-miR-4484","NA","grey87"
"hsa-miR-4485-5p",25.38523828505,-0.533496449474575,0.778132422942562,-0.685611386628925,0.492958199231376,NA,"hsa-miR-4485-5p","NA","grey87"
"hsa-miR-4488",10.3976536484418,-2.14178909123856,1.25635024924931,-1.7047706979151,0.088237198484556,NA,"hsa-miR-4488","NA","grey87"
"hsa-miR-4492",7.90939559861534,-0.115224881895588,1.64530006110175,-0.0700327463784503,0.944167595773878,NA,"hsa-miR-4492","NA","grey87"
"hsa-miR-4498",16.6287182208434,-0.425245168378659,0.856321386001097,-0.496595291593143,0.619474474105924,NA,"hsa-miR-4498","NA","grey87"
"hsa-miR-449a",11.7139642546215,2.0795531862754,1.07342601700774,1.93730462400409,0.0527081173694861,NA,"hsa-miR-449a","NA","grey87"
"hsa-miR-449c-5p",12.3178718354915,1.37463974497989,1.01037763073473,1.36052076289562,0.173665187044929,NA,"hsa-miR-449c-5p","NA","grey87"
"hsa-miR-4501",25.2918273320612,0.793873082053199,0.578276045658441,1.37282719561602,0.169806074093773,NA,"hsa-miR-4501","NA","grey87"
"hsa-miR-451a",8.03170609737985,-0.503736206499693,1.10915653108571,-0.454161511366304,0.649712583018734,NA,"hsa-miR-451a","NA","grey87"
"hsa-miR-4638-3p",9.70730978689615,-0.180583948187651,1.10424130396639,-0.163536672228254,0.870095901525994,NA,"hsa-miR-4638-3p","NA","grey87"
"hsa-miR-4652-5p",10.4082584630619,0.985840115862103,1.49597199086176,0.658996372849336,0.509898097841003,NA,"hsa-miR-4652-5p","NA","grey87"
"hsa-miR-4659a-3p",23.2591721081115,0.406659667545397,0.727711895939493,0.558819595796753,0.576284847445053,NA,"hsa-miR-4659a-3p","NA","grey87"
"hsa-miR-4660",19.8161771162215,0.744804321477283,0.89339927534161,0.833674642496762,0.404464351082766,NA,"hsa-miR-4660","NA","grey87"
"hsa-miR-4661-5p",4.05882768204014,-1.63519180843607,2.17865269546503,-0.750551848782417,0.452922408891198,NA,"hsa-miR-4661-5p","NA","grey87"
"hsa-miR-4665-5p",10.5893000091774,-0.0980604178499412,1.10614476383617,-0.0886506188483524,0.929359578390578,NA,"hsa-miR-4665-5p","NA","grey87"
"hsa-miR-4671-3p",6.63286653162886,-2.10144479096969,1.67491356738582,-1.25465864740089,0.209602703524813,NA,"hsa-miR-4671-3p","NA","grey87"
"hsa-miR-4677-5p",5.96757434475406,-0.691934254308001,1.41995070755073,-0.487294559331231,0.626049602762261,NA,"hsa-miR-4677-5p","NA","grey87"
"hsa-miR-4685-3p",13.770417408065,0.0941624063780772,0.671481146827198,0.140230901229323,0.888477557473293,NA,"hsa-miR-4685-3p","NA","grey87"
"hsa-miR-4690-5p",5.43186049264555,-0.28343634816991,1.52277219407162,-0.186131812278534,0.85234139521731,NA,"hsa-miR-4690-5p","NA","grey87"
"hsa-miR-4714-5p",9.76519822746043,-0.640861049561451,1.15077423660662,-0.556895548384199,0.577598796305585,NA,"hsa-miR-4714-5p","NA","grey87"
"hsa-miR-4717-3p",6.84671834380709,0.872543778551012,1.40934633616688,0.61911239002057,0.535842321623801,NA,"hsa-miR-4717-3p","NA","grey87"
"hsa-miR-4723-3p",10.8670662824737,-0.783426918953825,1.03579743905472,-0.756351473188412,0.449438494465425,NA,"hsa-miR-4723-3p","NA","grey87"
"hsa-miR-4733-5p",8.12481953352514,3.1282962098387,1.30305776034291,2.4007348753408,0.0163621864844854,NA,"hsa-miR-4733-5p","NA","grey87"
"hsa-miR-4741",15.1885864494987,-0.652636146876977,0.926194266299091,-0.704642827778233,0.481032538895289,NA,"hsa-miR-4741","NA","grey87"
"hsa-miR-4742-5p",22.9287494127761,0.785518263794103,0.66082542174153,1.18869256228666,0.234560668488056,NA,"hsa-miR-4742-5p","NA","grey87"
"hsa-miR-4745-5p",9.50125460791826,0.235139027031198,0.959440694631126,0.245079272066526,0.806395052083092,NA,"hsa-miR-4745-5p","NA","grey87"
"hsa-miR-4755-5p",6.82825555098195,-1.42607332243896,1.07787330810813,-1.3230435448318,0.185820897281333,NA,"hsa-miR-4755-5p","NA","grey87"
"hsa-miR-4762-5p",8.9118573834307,0.739183608866807,1.3583058062799,0.544195280215481,0.586307099372075,NA,"hsa-miR-4762-5p","NA","grey87"
"hsa-miR-4781-3p",16.4055969049143,-0.565810560559683,0.68543407531538,-0.825477724169671,0.409100424317548,NA,"hsa-miR-4781-3p","NA","grey87"
"hsa-miR-4787-3p",15.8872739402335,0.665941968234115,0.823333918343652,0.808835823955641,0.41860958713562,NA,"hsa-miR-4787-3p","NA","grey87"
"hsa-miR-4791",20.9246114763619,-0.0530416741955955,0.710087159737953,-0.0746974135050825,0.940455465649613,NA,"hsa-miR-4791","NA","grey87"
"hsa-miR-4797-3p",8.55425684247698,-0.0646016385391911,1.15947668142289,-0.0557162033305519,0.955567891162285,NA,"hsa-miR-4797-3p","NA","grey87"
"hsa-miR-4804-3p",7.57584970373688,1.82518583068757,1.2741244588737,1.43250199615586,0.152000207243299,NA,"hsa-miR-4804-3p","NA","grey87"
"hsa-miR-487a-5p",12.6005893975044,0.298036991287148,0.940672387175559,0.316833995927134,0.751369567088513,NA,"hsa-miR-487a-5p","NA","grey87"
"hsa-miR-487b-5p",17.5278198404263,0.782000716280957,0.766383184116438,1.02037822917856,0.30754911490038,NA,"hsa-miR-487b-5p","NA","grey87"
"hsa-miR-491-5p",8.9838507580429,0.437171515050299,1.13303449573724,0.385841310829502,0.699614198221745,NA,"hsa-miR-491-5p","NA","grey87"
"hsa-miR-491-3p",16.8292219888168,1.25929841239594,0.781196208635557,1.61201295970885,0.106959119628411,NA,"hsa-miR-491-3p","NA","grey87"
"hsa-miR-493-5p",7.45237906200994,-0.799916404815506,1.21695025595463,-0.657312327189593,0.510980111750245,NA,"hsa-miR-493-5p","NA","grey87"
"hsa-miR-4999-5p",5.45378306362453,-0.185240036337719,1.67460382319182,-0.110617230041102,0.91191988374247,NA,"hsa-miR-4999-5p","NA","grey87"
"hsa-miR-499b-3p",7.60523705846662,0.157136410070846,1.42458562221214,0.110303240198956,0.912168887639498,NA,"hsa-miR-499b-3p","NA","grey87"
"hsa-miR-5001-3p",6.29794544572473,-0.970356447526886,1.40985090065907,-0.688268842523185,0.491283498693658,NA,"hsa-miR-5001-3p","NA","grey87"
"hsa-miR-5002-3p",8.61341042118213,-1.00885346052477,1.43757306932065,-0.701775431144884,0.482819223017066,NA,"hsa-miR-5002-3p","NA","grey87"
"hsa-miR-500b-3p",27.216595665507,0.419173106928924,0.584050018678474,0.717700699466434,0.472941851922197,NA,"hsa-miR-500b-3p","NA","grey87"
"hsa-miR-5010-3p",6.33851445699749,-4.40847281291929,1.4791863911299,-2.98033624386701,0.00287932139317216,NA,"hsa-miR-5010-3p","NA","grey87"
"hsa-miR-5090",17.2227548650941,-0.0971068075984545,0.969855288886691,-0.100125048253255,0.920245049621541,NA,"hsa-miR-5090","NA","grey87"
"hsa-miR-541-3p",7.96591261490438,-1.94392902064279,1.60033595864145,-1.2147005821784,0.224480310424208,NA,"hsa-miR-541-3p","NA","grey87"
"hsa-miR-542-5p",8.71582692667708,1.03288322630029,1.1778913521439,0.876891764609976,0.380545429732828,NA,"hsa-miR-542-5p","NA","grey87"
"hsa-miR-548a-5p",7.15756134466677,0.366521090343281,1.69094019609285,0.216755797271943,0.828398661608838,NA,"hsa-miR-548a-5p","NA","grey87"
"hsa-miR-548ab",9.02612933210089,1.37146312152884,1.3109696043302,1.04614410356947,0.295494505411954,NA,"hsa-miR-548ab","NA","grey87"
"hsa-miR-548ad-5p",15.7174393743414,0.751788710604378,1.07450412868672,0.699661072054912,0.484138992720539,NA,"hsa-miR-548ad-5p","NA","grey87"
"hsa-miR-548ae-5p",20.5658382643081,1.29502147187907,0.788641734183488,1.64209097204304,0.100571152362401,NA,"hsa-miR-548ae-5p","NA","grey87"
"hsa-miR-548ah-3p",8.22348524569373,-0.467732826063611,1.09055179665469,-0.428895562318452,0.667999229838973,NA,"hsa-miR-548ah-3p","NA","grey87"
"hsa-miR-548ai",7.35410256947112,0.476993123001104,1.53686917167047,0.31036677148169,0.756282059850645,NA,"hsa-miR-548ai","NA","grey87"
"hsa-miR-548al",15.1957823470041,-0.13522803460132,1.10646474411315,-0.122216306774155,0.902727712328415,NA,"hsa-miR-548al","NA","grey87"
"hsa-miR-548am-5p",15.4283404197355,-0.215789201322132,0.691772998949947,-0.311936432398607,0.755088833909205,NA,"hsa-miR-548am-5p","NA","grey87"
"hsa-miR-548ar-3p",15.1259131835539,-0.588405629997356,0.842626438006158,-0.698299511453326,0.484989904712259,NA,"hsa-miR-548ar-3p","NA","grey87"
"hsa-miR-548as-5p",19.975467682466,-0.142730394859217,0.737091462279453,-0.193640005567049,0.846457771110717,NA,"hsa-miR-548as-5p","NA","grey87"
"hsa-miR-548at-5p",12.5354842420682,-1.60478690247442,0.835917574853145,-1.91979083913429,0.054884324475262,NA,"hsa-miR-548at-5p","NA","grey87"
"hsa-miR-548au-5p",12.859438014673,-0.488597133317011,0.965470062519232,-0.50607175953452,0.612806274756421,NA,"hsa-miR-548au-5p","NA","grey87"
"hsa-miR-548av-3p",12.3709776415848,-0.242582611031115,1.02349061392221,-0.237014983558562,0.812645166211685,NA,"hsa-miR-548av-3p","NA","grey87"
"hsa-miR-548b-5p",22.2710460549429,-0.25830608446837,0.613978005814118,-0.420709018926278,0.673967574556899,NA,"hsa-miR-548b-5p","NA","grey87"
"hsa-miR-548b-3p",8.72563798528934,-0.0702668212980245,1.08726832629059,-0.0646269366990136,0.948471037152752,NA,"hsa-miR-548b-3p","NA","grey87"
"hsa-miR-548ba",16.475932612562,-0.275377106227636,0.992784711692749,-0.27737847187242,0.781489510297558,NA,"hsa-miR-548ba","NA","grey87"
"hsa-miR-548p",24.9981616432675,0.306199577204059,0.611608560626628,0.500646323345017,0.616620054931218,NA,"hsa-miR-548p","NA","grey87"
"hsa-miR-548u",10.0503133433794,0.227190674826246,1.17167032926912,0.193903241509893,0.846251645514245,NA,"hsa-miR-548u","NA","grey87"
"hsa-miR-548v",6.8806826802421,-1.83621272031069,1.38959580422083,-1.32140059341953,0.186367828294805,NA,"hsa-miR-548v","NA","grey87"
"hsa-miR-548w",9.763152816297,-0.586605947587859,0.893016801277555,-0.656881199489928,0.511257307767073,NA,"hsa-miR-548w","NA","grey87"
"hsa-miR-551a",14.0036256462366,-1.86312533778688,0.755295778936097,-2.46674930503552,0.0136345778267993,NA,"hsa-miR-551a","NA","grey87"
"hsa-miR-551b-3p",9.71432820683831,0.103873959819663,1.22563904834869,0.0847508570811392,0.932459463270846,NA,"hsa-miR-551b-3p","NA","grey87"
"hsa-miR-556-5p",16.7277873732566,0.38821112203785,0.934057950884923,0.41561781222467,0.677689690507869,NA,"hsa-miR-556-5p","NA","grey87"
"hsa-miR-5581-3p",26.311347096805,-0.129481935259112,0.560299638357041,-0.231094090367058,0.817241706080376,NA,"hsa-miR-5581-3p","NA","grey87"
"hsa-miR-5585-3p",8.59841702566873,1.42166579912536,1.59084931299959,0.893652081003684,0.371508071508954,NA,"hsa-miR-5585-3p","NA","grey87"
"hsa-miR-561-3p",22.5826438360942,0.594420523628182,0.704605693783306,0.843621516080156,0.39888093710682,NA,"hsa-miR-561-3p","NA","grey87"
"hsa-miR-5680",5.74054863773708,-2.07980858338974,1.7850700566226,-1.16511314257592,0.243973197651328,NA,"hsa-miR-5680","NA","grey87"
"hsa-miR-5699-5p",8.07457597696433,0.396063683247075,1.25918432505519,0.314539877416052,0.753111034343049,NA,"hsa-miR-5699-5p","NA","grey87"
"hsa-miR-570-5p",7.35410256947112,0.476993123001104,1.53686917167047,0.31036677148169,0.756282059850645,NA,"hsa-miR-570-5p","NA","grey87"
"hsa-miR-579-3p",19.7164955888034,0.592985947952575,0.665681645805161,0.890795099563458,0.373039104610717,NA,"hsa-miR-579-3p","NA","grey87"
"hsa-miR-580-3p",5.43267514864546,1.28888801337182,1.77321273787523,0.726865979383974,0.467308059726138,NA,"hsa-miR-580-3p","NA","grey87"
"hsa-miR-590-5p",25.1052280767936,-0.0206325335862223,0.757049311953009,-0.0272538832813879,0.978257239001323,NA,"hsa-miR-590-5p","NA","grey87"
"hsa-miR-597-3p",22.8063173652174,0.124831817741485,0.694969264016236,0.17962206993167,0.857449277183668,NA,"hsa-miR-597-3p","NA","grey87"
"hsa-miR-598-5p",8.94208714642974,1.73419840535802,1.22682996917446,1.41356051688644,0.157490980968615,NA,"hsa-miR-598-5p","NA","grey87"
"hsa-miR-605-5p",7.1923159728749,-0.278327077645117,1.39751564846675,-0.199158469495835,0.842138785143255,NA,"hsa-miR-605-5p","NA","grey87"
"hsa-miR-605-3p",23.4335228676862,-0.405556857909356,0.728728470606257,-0.556526709560226,0.577850840578967,NA,"hsa-miR-605-3p","NA","grey87"
"hsa-miR-615-5p",10.0842163171627,1.29775003396271,1.06591864772417,1.21749444644159,0.223416148143159,NA,"hsa-miR-615-5p","NA","grey87"
"hsa-miR-619-5p",23.0432972704352,-1.7570612266421,0.811730002578332,-2.16458825109466,0.0304192315491049,NA,"hsa-miR-619-5p","NA","grey87"
"hsa-miR-625-5p",22.4295335506343,0.322861721207982,0.700340555634935,0.461006746803735,0.644793764614817,NA,"hsa-miR-625-5p","NA","grey87"
"hsa-miR-627-5p",7.54141624371895,-0.811172770905295,1.1376184157276,-0.713044690285257,0.475818103302847,NA,"hsa-miR-627-5p","NA","grey87"
"hsa-miR-627-3p",26.6388708069586,-0.567397316170038,0.623276618743247,-0.910345902777674,0.362640117642251,NA,"hsa-miR-627-3p","NA","grey87"
"hsa-miR-636",26.6553276401462,-0.232072644190403,0.632900683342484,-0.366680982179981,0.713856993958113,NA,"hsa-miR-636","NA","grey87"
"hsa-miR-642a-5p",10.4322119383216,-0.110839960707419,1.43936812476281,-0.077005985335186,0.938618783499984,NA,"hsa-miR-642a-5p","NA","grey87"
"hsa-miR-642a-3p",24.0579162277984,0.193564925603751,0.652279092888864,0.296751693736612,0.766656087776684,NA,"hsa-miR-642a-3p","NA","grey87"
"hsa-miR-643",24.1191079982293,-1.00014459228049,0.667403645044072,-1.49856027863684,0.133987743893125,NA,"hsa-miR-643","NA","grey87"
"hsa-miR-6505-5p",16.5962140991839,-1.56368443430713,0.840982617163861,-1.85935404893446,0.0629769705431221,NA,"hsa-miR-6505-5p","NA","grey87"
"hsa-miR-6505-3p",15.2553253872007,0.769297567667435,0.815361163307775,0.943505286107241,0.345422512763336,NA,"hsa-miR-6505-3p","NA","grey87"
"hsa-miR-6509-3p",11.5649833615315,-0.774554641890168,1.23332562634633,-0.628021201655195,0.529990051097638,NA,"hsa-miR-6509-3p","NA","grey87"
"hsa-miR-6514-5p",16.2584666139309,-0.971959258565646,0.991405262199606,-0.980385414143541,0.326895906847564,NA,"hsa-miR-6514-5p","NA","grey87"
"hsa-miR-6515-5p",6.94264103621792,-3.12430234126765,1.35509769382912,-2.30559195510049,0.0211334432323653,NA,"hsa-miR-6515-5p","NA","grey87"
"hsa-miR-659-5p",16.6564279661193,-1.38804126519767,1.03910713298868,-1.33580188330089,0.181614037261676,NA,"hsa-miR-659-5p","NA","grey87"
"hsa-miR-663a",8.90374472889796,-1.8466545293603,1.44866343663177,-1.27472985281791,0.202404876649417,NA,"hsa-miR-663a","NA","grey87"
"hsa-miR-664b-3p",9.83656324335767,-1.01205436851477,0.8421470164033,-1.20175497722134,0.229458473781643,NA,"hsa-miR-664b-3p","NA","grey87"
"hsa-miR-668-3p",17.2045340455128,-0.870220428318981,0.846872428519752,-1.02756967757238,0.304152293811657,NA,"hsa-miR-668-3p","NA","grey87"
"hsa-miR-6716-3p",23.6993686209971,-0.0926030453608983,0.628380020360523,-0.147367902161766,0.882841639242518,NA,"hsa-miR-6716-3p","NA","grey87"
"hsa-miR-6721-5p",7.52803739432352,-0.000792331322397184,1.06394106743621,-0.000744713543492095,0.99940580461635,NA,"hsa-miR-6721-5p","NA","grey87"
"hsa-miR-6733-5p",7.80438318703619,-1.84805813126483,1.3947596547076,-1.32500113910469,0.185170773502893,NA,"hsa-miR-6733-5p","NA","grey87"
"hsa-miR-6735-5p",12.5596227545255,-0.71446715472372,1.10612049833032,-0.64592162951704,0.51833011108044,NA,"hsa-miR-6735-5p","NA","grey87"
"hsa-miR-6735-3p",8.18138508075463,1.1855311639872,1.59764558616431,0.742048908878138,0.458057703219327,NA,"hsa-miR-6735-3p","NA","grey87"
"hsa-miR-6741-3p",12.5366165828624,-0.3258244230711,1.10252831113697,-0.295524767735984,0.767593034852435,NA,"hsa-miR-6741-3p","NA","grey87"
"hsa-miR-6747-3p",18.7298689523845,-0.283716709282796,0.70739968925692,-0.40106988113159,0.688368674972232,NA,"hsa-miR-6747-3p","NA","grey87"
"hsa-miR-6764-5p",8.03372738244724,-0.385100774036995,1.22014222154347,-0.315619578797827,0.752291275035656,NA,"hsa-miR-6764-5p","NA","grey87"
"hsa-miR-6767-5p",6.7951013200329,-1.40677996711998,1.55437961195871,-0.905042729779026,0.365442750482647,NA,"hsa-miR-6767-5p","NA","grey87"
"hsa-miR-6783-3p",17.8928462377828,0.651414940061169,0.751982789964824,0.866263096382353,0.386345898913538,NA,"hsa-miR-6783-3p","NA","grey87"
"hsa-miR-6786-3p",19.8394495698666,0.261708096485423,0.617214132363452,0.424015074773618,0.671554819393503,NA,"hsa-miR-6786-3p","NA","grey87"
"hsa-miR-6794-3p",14.0717469620349,1.64101943169161,1.08336269809996,1.51474610910057,0.129836712699614,NA,"hsa-miR-6794-3p","NA","grey87"
"hsa-miR-6797-3p",11.5120368704184,2.02982748709577,0.87239907464903,2.32671898226437,0.0199802268787223,NA,"hsa-miR-6797-3p","NA","grey87"
"hsa-miR-6798-3p",9.45962757198453,-0.426956047655249,0.947673418850732,-0.45053078324496,0.652327762955313,NA,"hsa-miR-6798-3p","NA","grey87"
"hsa-miR-6800-3p",14.2551794994735,0.869651378800982,1.54576753700246,0.562601657741762,0.573706162947434,NA,"hsa-miR-6800-3p","NA","grey87"
"hsa-miR-6803-3p",22.4046706367015,-0.775112348946136,0.618678979978096,-1.25285062856601,0.210260072414955,NA,"hsa-miR-6803-3p","NA","grey87"
"hsa-miR-6804-5p",5.03437025992767,0.192935599789815,1.6244526864142,0.118769602465738,0.905457891902404,NA,"hsa-miR-6804-5p","NA","grey87"
"hsa-miR-6818-3p",5.16562131374281,0.0812304524763011,1.39706762667129,0.0581435364513058,0.953634295956232,NA,"hsa-miR-6818-3p","NA","grey87"
"hsa-miR-6832-5p",6.52547545492224,0.790449474451231,1.6604537108556,0.476044269878459,0.634042839226747,NA,"hsa-miR-6832-5p","NA","grey87"
"hsa-miR-6837-5p",12.7168623452518,2.06598313157592,1.26436950763279,1.63400265436956,0.102258293247798,NA,"hsa-miR-6837-5p","NA","grey87"
"hsa-miR-6838-5p",7.27299632149903,0.0354646107958536,1.30124453944742,0.0272543781900625,0.978256844267961,NA,"hsa-miR-6838-5p","NA","grey87"
"hsa-miR-6842-3p",15.8193063804839,-0.315644220938231,1.09697318034013,-0.287741055656767,0.773544960559536,NA,"hsa-miR-6842-3p","NA","grey87"
"hsa-miR-6847-5p",13.0356889986054,1.79469910720179,1.22598096727359,1.46388822918919,0.143224490045075,NA,"hsa-miR-6847-5p","NA","grey87"
"hsa-miR-6855-3p",20.2411992510423,0.090775678658058,0.82366213273515,0.110209848250056,0.912242952080273,NA,"hsa-miR-6855-3p","NA","grey87"
"hsa-miR-6873-3p",21.1199904203035,-0.90585353757678,0.702491896816818,-1.28948610180623,0.197229145009502,NA,"hsa-miR-6873-3p","NA","grey87"
"hsa-miR-6877-5p",11.9554467995545,1.31739341985294,1.010866575568,1.3032317535207,0.192495652493893,NA,"hsa-miR-6877-5p","NA","grey87"
"hsa-miR-6882-5p",13.6038775767187,-0.998659949076719,0.911459545398439,-1.09567117281125,0.273222702475325,NA,"hsa-miR-6882-5p","NA","grey87"
"hsa-miR-6895-5p",8.27659103171091,1.61829991866621,1.45079411629725,1.11545801053872,0.26465420241333,NA,"hsa-miR-6895-5p","NA","grey87"
"hsa-miR-7114-5p",6.70123262282889,-0.587034804316686,1.20338554480193,-0.487819391592665,0.62567777473839,NA,"hsa-miR-7114-5p","NA","grey87"
"hsa-miR-7156-5p",10.0351985752799,0.546870170609903,1.05559427230333,0.518068527803414,0.604410457722953,NA,"hsa-miR-7156-5p","NA","grey87"
"hsa-miR-758-5p",10.2673535174968,-0.524249997320162,0.854914142088189,-0.613219470249542,0.539731232408595,NA,"hsa-miR-758-5p","NA","grey87"
"hsa-miR-7704",7.01907658959362,-1.79574126772735,1.39249563928045,-1.28958484110965,0.197194841733505,NA,"hsa-miR-7704","NA","grey87"
"hsa-miR-7854-3p",13.6722903656366,0.557678369119361,1.05415752703212,0.529027545522018,0.596786341620478,NA,"hsa-miR-7854-3p","NA","grey87"
"hsa-miR-7974",20.1350292910071,0.23703483548121,0.735466336579299,0.322291889773873,0.747231576649956,NA,"hsa-miR-7974","NA","grey87"
"hsa-miR-7976",21.4408215341923,0.100085815382731,0.800494365009788,0.125030006153145,0.900499795251818,NA,"hsa-miR-7976","NA","grey87"
"hsa-miR-874-5p",14.4552530730118,-0.897204691191238,1.09099856670525,-0.822370183217328,0.410866243838187,NA,"hsa-miR-874-5p","NA","grey87"
"hsa-miR-876-5p",11.5959983278836,1.73361653351289,1.37167747645481,1.26386600587299,0.206278124985439,NA,"hsa-miR-876-5p","NA","grey87"
"hsa-miR-885-3p",7.46602206403344,2.49824995321797,1.66669241170424,1.49892681797443,0.13389261826767,NA,"hsa-miR-885-3p","NA","grey87"
"hsa-miR-889-5p",6.37317878477241,1.99858064789161,1.56069203282917,1.2805733647968,0.200343560445514,NA,"hsa-miR-889-5p","NA","grey87"
"hsa-miR-92a-2-5p",8.00322213774151,0.761839467337236,1.31992169367443,0.5771853519707,0.563814251168645,NA,"hsa-miR-92a-2-5p","NA","grey87"
"hsa-miR-942-3p",16.8905925805914,-0.650545517333341,0.793730053303042,-0.819605500164886,0.412441037137964,NA,"hsa-miR-942-3p","NA","grey87"
"hsa-miR-95-5p",9.99176972509415,0.608382260228076,1.17643318730842,0.517141361525174,0.605057482185948,NA,"hsa-miR-95-5p","NA","grey87"
"hsa-miR-96-3p",5.39305312586275,2.17090424798566,1.66612955131596,1.30296245347249,0.192587580322518,NA,"hsa-miR-96-3p","NA","grey87"
"hsa-miR-98-3p",14.2236454110101,0.362726226114359,0.797405021479091,0.454883298128153,0.649193199237128,NA,"hsa-miR-98-3p","NA","grey87"
"hsa-miR-9901",8.65739074543289,-0.250309632763154,1.35245684747218,-0.185077722243779,0.85316807480882,NA,"hsa-miR-9901","NA","grey87"
"hsa-miR-9903",12.3880259341637,1.15581609523114,0.981606507810382,1.17747395319267,0.239006387759259,NA,"hsa-miR-9903","NA","grey87"
"hsa-miR-9983-3p",14.5579664306408,-0.0906083147966447,1.01656011479687,-0.089132274105354,0.928976788436163,NA,"hsa-miR-9983-3p","NA","grey87"
"hsa-miR-99a-3p",27.1905675697296,-0.803619555621811,0.700339195575206,-1.14747191175239,0.251186635366074,NA,"hsa-miR-99a-3p","NA","grey87"
"hsa-miR-105-3p",21.1185070342172,-0.630497903066895,0.900755266671855,-0.699965824675644,0.483948647460341,NA,"hsa-miR-105-3p","NA","grey87"
"hsa-miR-1185-5p",7.745570035206,0.290438826864405,1.31048128836583,0.22162760311258,0.824603792640734,NA,"hsa-miR-1185-5p","NA","grey87"
"hsa-miR-1289",8.96367164140341,0.199832457342912,1.23839394406598,0.16136420748862,0.871806555487265,NA,"hsa-miR-1289","NA","grey87"
"hsa-miR-1302",21.2256323198587,0.71760362698518,0.613693887698372,1.16931851753733,0.242275325184408,NA,"hsa-miR-1302","NA","grey87"
"hsa-miR-133a-3p",21.8315366028391,0.092800671580152,0.80151890734932,0.115781013684444,0.907826098189864,NA,"hsa-miR-133a-3p","NA","grey87"
"hsa-miR-3130-5p",15.0545315083387,-0.938613474314167,0.917720206060413,-1.02276649039193,0.306418265321487,NA,"hsa-miR-3130-5p","NA","grey87"
"hsa-miR-3179",12.86415232403,-0.49709210736667,1.07172961024489,-0.463822313589978,0.642775055257566,NA,"hsa-miR-3179","NA","grey87"
"hsa-miR-3180-3p",14.2464182582903,0.443635511706905,1.08244212891562,0.409846863731492,0.681918286221096,NA,"hsa-miR-3180-3p","NA","grey87"
"hsa-miR-3180",14.2464182582903,0.443635511706905,1.08244212891562,0.409846863731492,0.681918286221096,NA,"hsa-miR-3180","NA","grey87"
"hsa-miR-3199",10.8413027433108,3.0354330823906,1.04046233399744,2.91738872538377,0.00352975567792217,NA,"hsa-miR-3199","NA","grey87"
"hsa-miR-329-5p",12.1970133777801,1.16079198649965,0.870751430109005,1.33309225384142,0.182501531092814,NA,"hsa-miR-329-5p","NA","grey87"
"hsa-miR-3688-3p",13.5727792012557,0.173605063536781,1.01424105454764,0.171167458424577,0.864092094259808,NA,"hsa-miR-3688-3p","NA","grey87"
"hsa-miR-378d",13.1823905179604,-0.225744461955221,0.948403019957401,-0.238025878455512,0.811861022833689,NA,"hsa-miR-378d","NA","grey87"
"hsa-miR-3910",10.7620270153412,0.641851034607113,1.42908481680211,0.449134318033968,0.653334765474347,NA,"hsa-miR-3910","NA","grey87"
"hsa-miR-4536-5p",13.0302906789593,1.66938669666502,1.09266228241559,1.52781579773619,0.126558278807491,NA,"hsa-miR-4536-5p","NA","grey87"
"hsa-miR-548a-3p",12.075434759666,-1.03929155408877,1.03146560961119,-1.00758720834185,0.313652672351863,NA,"hsa-miR-548a-3p","NA","grey87"
"hsa-miR-548h-5p",26.1727871491171,0.722604660751551,0.686386019285751,1.05276716082226,0.292447719137397,NA,"hsa-miR-548h-5p","NA","grey87"
"hsa-miR-550a-3-5p",17.6618489422346,0.289408753067302,0.583214761608057,0.496230157599811,0.619732036046689,NA,"hsa-miR-550a-3-5p","NA","grey87"
"hsa-miR-6511b-5p",19.2999919007263,-0.0252628894819394,0.785038108196399,-0.0321804626019749,0.974328136694178,NA,"hsa-miR-6511b-5p","NA","grey87"
"hsa-miR-6770-3p",10.8182972323915,1.61132459991396,1.36128177847321,1.18368189848335,0.236539007089695,NA,"hsa-miR-6770-3p","NA","grey87"
"hsa-miR-6862-5p",5.77845684743262,0.0762915797128933,1.67600894937528,0.0455197925651472,0.96369299906347,NA,"hsa-miR-6862-5p","NA","grey87"
