"X","baseMean","log2FoldChange","lfcSE","stat","pvalue","padj","miR_name","expression","significant"
"hsa-miR-27a-5p",1687.69715969563,1.21498207783688,0.152483039535295,7.9679817607233,1.61286661174212e-15,1.31771202179331e-12,"hsa-miR-27a-5p","P.adj < 0.05 & |log2FC| > 1","red"
"hsa-miR-335-3p",554.016727985798,1.24285162205698,0.159035683563113,7.8149230047718,5.49966371459166e-15,2.24661262741069e-12,"hsa-miR-335-3p","P.adj < 0.05 & |log2FC| > 1","red"
"hsa-miR-374a-5p",14850.3799921138,-0.318810635154946,0.0735587047419214,-4.33409800068509,1.46358969215794e-05,0.00398584259497678,"hsa-miR-374a-5p","P.adj < 0.05","blue"
"hsa-miR-191-3p",673.12547158317,0.39599093220699,0.132577740094146,2.98685836646326,0.0028186027148246,0.290772643403715,"hsa-miR-191-3p","NS","grey80"
"hsa-miR-25-3p",97939.5045882779,-0.189482666647801,0.0635044842612272,-2.98376829372174,0.00284722294642561,0.290772643403715,"hsa-miR-25-3p","NS","grey80"
"hsa-miR-374a-3p",4504.02222411068,-0.291846461194793,0.0974890077781924,-2.99363454245841,0.00275675933104326,0.290772643403715,"hsa-miR-374a-3p","NS","grey80"
"hsa-miR-4454",66.7308100560931,1.12863418446808,0.371512633541758,3.03794294613462,0.00238199048174223,0.290772643403715,"hsa-miR-4454","|log2FC| > 1","darkgreen"
"hsa-miR-4690-5p",5.43186049264555,-5.48167599695575,1.72484348614498,-3.17807154155609,0.00148258163531085,0.290772643403715,"hsa-miR-4690-5p","|log2FC| > 1","darkgreen"
"hsa-miR-4286",4993.58501982264,0.258704813926534,0.08792316461405,2.94239652385298,0.00325682608478443,0.295647434585431,"hsa-miR-4286","NS","grey80"
"hsa-miR-26a-2-3p",392.786152345774,-0.453167069540396,0.159547577887262,-2.84032559780136,0.00450675083906691,0.334728675956152,"hsa-miR-26a-2-3p","NS","grey80"
"hsa-miR-377-5p",70.6441613769806,0.905856636941845,0.318429859491316,2.84476034499066,0.00444448486794732,0.334728675956152,"hsa-miR-377-5p","NS","grey80"
"hsa-miR-6837-5p",12.7168623452518,3.4760646741783,1.25636342455186,2.7667668496623,0.00566152289630505,0.385455350523435,"hsa-miR-6837-5p","|log2FC| > 1","darkgreen"
"hsa-miR-548as-5p",19.975467682466,-2.07946367631041,0.762872650374935,-2.72583330296138,0.00641393822354905,0.40309134835689,"hsa-miR-548as-5p","|log2FC| > 1","darkgreen"
"hsa-miR-551b-5p",32.877506143452,1.62547953290534,0.602969530752304,2.69579050018876,0.00702218166135835,0.405774371803245,"hsa-miR-551b-5p","|log2FC| > 1","darkgreen"
"hsa-miR-98-3p",14.2236454110101,2.08442744209617,0.778924768846575,2.67603178825957,0.00744995786664464,0.405774371803245,"hsa-miR-98-3p","|log2FC| > 1","darkgreen"
"hsa-miR-483-3p",3256.74704786344,0.248216615660031,0.0952388849455819,2.60625285356773,0.00915388583362515,0.467420295379484,"hsa-miR-483-3p","NS","grey80"
"hsa-miR-33b-3p",109.324874448042,0.76519064069501,0.306729216963348,2.49467803644687,0.0126071463856812,0.572224366505643,"hsa-miR-33b-3p","NS","grey80"
"hsa-miR-340-5p",23549.1166346992,-0.152153287387434,0.0607555618754732,-2.50435158017784,0.0122676063188894,0.572224366505643,"hsa-miR-340-5p","NS","grey80"
"hsa-miR-455-3p",315.932151128151,-0.483636680568816,0.196003111094815,-2.46749491815392,0.0136062152696214,0.58506725659372,"hsa-miR-455-3p","NS","grey80"
"hsa-miR-1245b-3p",3.62072734455887,-4.94889466181484,2.06702000982671,-2.39421710398911,0.0166558866113352,0.625482131992012,"hsa-miR-1245b-3p","|log2FC| > 1","darkgreen"
"hsa-miR-1273c",40.9613018148201,1.31703896579966,0.547971566944101,2.40348048192437,0.0162398339135139,0.625482131992012,"hsa-miR-1273c","|log2FC| > 1","darkgreen"
"hsa-miR-23a-5p",143.263769569646,0.812068562293916,0.33976051842822,2.39012044733937,0.016842848107496,0.625482131992012,"hsa-miR-23a-5p","NS","grey80"
"hsa-miR-26b-5p",63021.4492892409,-0.216933967574384,0.0923563887754266,-2.34887884260915,0.0188300328035561,0.66887551306545,"hsa-miR-26b-5p","NS","grey80"
"hsa-miR-148b-3p",3977.54204689745,-0.21898551357245,0.0963221698551093,-2.27346948165573,0.0229979031922852,0.675461549686703,"hsa-miR-148b-3p","NS","grey80"
"hsa-miR-185-3p",87.0214615098999,0.706146252000305,0.310945766098814,2.27096274974171,0.0231492330369984,0.675461549686703,"hsa-miR-185-3p","NS","grey80"
"hsa-miR-548at-5p",12.5354842420682,-1.92050893102808,0.842332553519149,-2.27998896991985,0.022608342670227,0.675461549686703,"hsa-miR-548at-5p","|log2FC| > 1","darkgreen"
"hsa-miR-153-3p",487.194200059971,-0.345728718460254,0.152130021507865,-2.27258706094629,0.0230510760970985,0.675461549686703,"hsa-miR-153-3p","NS","grey80"
"hsa-miR-16-5p",179001.15295139,-0.108520955239421,0.0470624916604809,-2.3058905597756,0.0211167482564295,0.675461549686703,"hsa-miR-16-5p","NS","grey80"
"hsa-miR-10399-5p",47.4296377822372,-0.914605969064578,0.437071926284018,-2.09257541851418,0.0363870728015031,0.708954580283681,"hsa-miR-10399-5p","NS","grey80"
"hsa-miR-1179",72.0975987211,-0.652858758221445,0.326363233274506,-2.00040535102899,0.0454565110475505,0.708954580283681,"hsa-miR-1179","NS","grey80"
"hsa-miR-1247-5p",143.205764859081,0.49329590437535,0.228188042175794,2.16179559485996,0.030633935192088,0.708954580283681,"hsa-miR-1247-5p","NS","grey80"
"hsa-miR-1260b",1338.67424583734,0.257348095868942,0.127062566445428,2.02536516511706,0.0428298816575519,0.708954580283681,"hsa-miR-1260b","NS","grey80"
"hsa-miR-130b-3p",4093.17397869894,-0.176264612582368,0.088644004107003,-1.98845499318371,0.0467613918970956,0.708954580283681,"hsa-miR-130b-3p","NS","grey80"
"hsa-miR-146a-5p",76.4245383290468,0.787959176666046,0.389774323649934,2.02157794614951,0.0432199723182827,0.708954580283681,"hsa-miR-146a-5p","NS","grey80"
"hsa-miR-152-3p",3719.80694931843,-0.18248768072718,0.088660607277772,-2.05827239774537,0.0395639922779153,0.708954580283681,"hsa-miR-152-3p","NS","grey80"
"hsa-miR-15b-5p",28435.4586496883,-0.0831287772370127,0.0406198850984158,-2.04650448999558,0.0407067611634864,0.708954580283681,"hsa-miR-15b-5p","NS","grey80"
"hsa-miR-181d-3p",17.7140326977705,-1.57533623412014,0.781638133889016,-2.01542909156965,0.0438597088094266,0.708954580283681,"hsa-miR-181d-3p","|log2FC| > 1","darkgreen"
"hsa-miR-203a-3p",106.110234819182,-0.69869137417101,0.335449731904511,-2.08284970211245,0.0372649255336824,0.708954580283681,"hsa-miR-203a-3p","NS","grey80"
"hsa-miR-21-3p",744.672958727715,0.293999925185087,0.133271968829127,2.20601472138553,0.0273829689694892,0.708954580283681,"hsa-miR-21-3p","NS","grey80"
"hsa-miR-3173-5p",130.064563324467,0.587855302849342,0.278989901637724,2.10708451954181,0.035110253951241,0.708954580283681,"hsa-miR-3173-5p","NS","grey80"
"hsa-miR-335-5p",569.902399103161,0.337100136766481,0.170154790787735,1.98113808730197,0.0475757900478312,0.708954580283681,"hsa-miR-335-5p","NS","grey80"
"hsa-miR-34a-3p",59.4910745115129,-0.800640789208596,0.395246476726292,-2.02567470263129,0.0427981307137039,0.708954580283681,"hsa-miR-34a-3p","NS","grey80"
"hsa-miR-3679-5p",43.1918887592648,-0.947665882395315,0.445286796950864,-2.12821464477395,0.0333192911566521,0.708954580283681,"hsa-miR-3679-5p","NS","grey80"
"hsa-miR-488-3p",186.113914794543,-0.547117595218787,0.26093991890705,-2.09671865274733,0.0360184883189633,0.708954580283681,"hsa-miR-488-3p","NS","grey80"
"hsa-miR-490-3p",722.256215402542,-0.250119835014918,0.116956584518534,-2.13856993212111,0.0324705148189666,0.708954580283681,"hsa-miR-490-3p","NS","grey80"
"hsa-miR-574-3p",4812.50779461888,0.162579171904748,0.0794498133692419,2.04631282328083,0.0407256028627638,0.708954580283681,"hsa-miR-574-3p","NS","grey80"
"hsa-miR-6500-3p",240.279770899666,-0.343853509022643,0.173681270732856,-1.97979613790098,0.0477264405331732,0.708954580283681,"hsa-miR-6500-3p","NS","grey80"
"hsa-miR-660-3p",50.1211949080064,1.11475900956238,0.507525441103301,2.1964593679068,0.0280590803749584,0.708954580283681,"hsa-miR-660-3p","|log2FC| > 1","darkgreen"
"hsa-miR-663a",8.90374472889796,-3.21558735418299,1.47609666354673,-2.1784395518222,0.0293733279706424,0.708954580283681,"hsa-miR-663a","|log2FC| > 1","darkgreen"
"hsa-miR-6721-5p",7.52803739432352,-2.22439527045132,1.1202264029475,-1.9856658123738,0.0470704435103421,0.708954580283681,"hsa-miR-6721-5p","|log2FC| > 1","darkgreen"
"hsa-miR-6794-3p",14.0717469620349,2.18551749117846,1.07966184208394,2.02426112138966,0.0429432916502511,0.708954580283681,"hsa-miR-6794-3p","|log2FC| > 1","darkgreen"
"hsa-miR-92a-1-5p",1337.62128400835,0.266525332459828,0.121022187588533,2.20228486834162,0.0276451923763028,0.708954580283681,"hsa-miR-92a-1-5p","NS","grey80"
"hsa-miR-124-5p",197.069612920922,0.542954084056958,0.254576600837568,2.13277293463192,0.0329433575242356,0.708954580283681,"hsa-miR-124-5p","NS","grey80"
"hsa-miR-194-5p",1062.91538709514,-0.25395684931047,0.116058989754445,-2.18817042822608,0.0286571903095077,0.708954580283681,"hsa-miR-194-5p","NS","grey80"
"hsa-miR-218-5p",359872.651791195,-0.097283057076115,0.0467920506240368,-2.07905094516506,0.0376126681848864,0.708954580283681,"hsa-miR-218-5p","NS","grey80"
"hsa-miR-185-5p",3292.04757942294,0.165488491963359,0.0843628811284465,1.96162684049866,0.0498059450220762,0.720689601052099,"hsa-miR-185-5p","NS","grey80"
"hsa-miR-6724-5p",32.5102604665421,-1.24645046127425,0.63673402937274,-1.95756847250988,0.0502806698408441,0.720689601052099,"hsa-miR-6724-5p","|log2FC| > 1","darkgreen"
"hsa-miR-3126-3p",15.7001714336765,1.66085240740881,0.868103083144353,1.91319722237714,0.0557228089842394,0.784923016209027,"hsa-miR-3126-3p","|log2FC| > 1","darkgreen"
"hsa-miR-4733-5p",8.12481953352514,2.46055688058075,1.3080783099262,1.88104707639374,0.0599655152731442,0.810343312009041,"hsa-miR-4733-5p","|log2FC| > 1","darkgreen"
"hsa-miR-4741",15.1885864494987,1.69092976715783,0.900810780048093,1.87711981762424,0.0605016738238047,0.810343312009041,"hsa-miR-4741","|log2FC| > 1","darkgreen"
"hsa-miR-487a-3p",171.39989573295,-0.46349143098183,0.246917536407888,-1.87711021956812,0.0605029890239308,0.810343312009041,"hsa-miR-487a-3p","NS","grey80"
"hsa-miR-148a-3p",12153.1158875903,-0.164277696826307,0.0879473437338785,-1.86790970428166,0.061774658010385,0.81403057410459,"hsa-miR-148a-3p","NS","grey80"
"hsa-miR-23b-5p",856.483072544367,0.28332467936896,0.152414039319308,1.85891457659877,0.0630392476094229,0.817508972966643,"hsa-miR-23b-5p","NS","grey80"
"hsa-miR-1255a",44.828406239146,0.763536544741584,0.42334081585158,1.80359775422475,0.071294388402133,0.831579687776247,"hsa-miR-1255a","NS","grey80"
"hsa-miR-1278",24.6243507025088,-1.34974603003698,0.739617550241692,-1.82492428633679,0.0680124557099828,0.831579687776247,"hsa-miR-1278","|log2FC| > 1","darkgreen"
"hsa-miR-183-3p",334.410446968545,0.330833851738699,0.181028482433217,1.82752375367642,0.0676210580592107,0.831579687776247,"hsa-miR-183-3p","NS","grey80"
"hsa-miR-27a-3p",33378.5563011748,-0.145651768009237,0.0804922364382321,-1.80951324567814,0.0703713042345039,0.831579687776247,"hsa-miR-27a-3p","NS","grey80"
"hsa-miR-30e-3p",2717.59757583858,-0.157348569239238,0.0866275206037823,-1.81638084690106,0.0693119711726221,0.831579687776247,"hsa-miR-30e-3p","NS","grey80"
"hsa-miR-33a-3p",17.5644611433218,1.26612033085941,0.703351231143697,1.80012527851925,0.0718408589382615,0.831579687776247,"hsa-miR-33a-3p","|log2FC| > 1","darkgreen"
"hsa-miR-582-3p",692.109876871222,0.301593764958172,0.165915305380477,1.81775734472813,0.0691012287745126,0.831579687776247,"hsa-miR-582-3p","NS","grey80"
"hsa-miR-9-3p",76281.5288478915,-0.102917276997403,0.0572579447076762,-1.79743226067291,0.0722670230503225,0.831579687776247,"hsa-miR-9-3p","NS","grey80"
"hsa-miR-363-3p",11871.4697224869,-0.10626465397185,0.059346267720679,-1.79058697460132,0.0733595987930093,0.832427669637341,"hsa-miR-363-3p","NS","grey80"
"hsa-miR-1303",289.535424674004,0.308585022789053,0.173602767496058,1.77753515822299,0.0754802315338474,0.833342556258829,"hsa-miR-1303","NS","grey80"
"hsa-miR-18b-3p",7.03361613144465,2.76076202173883,1.55216176289052,1.77865612189647,0.0752961570047543,0.833342556258829,"hsa-miR-18b-3p","|log2FC| > 1","darkgreen"
"hsa-miR-6511a-3p",104.219618696035,0.5042493337741,0.285303990378336,1.76741072953598,0.0771594673378406,0.840523797533544,"hsa-miR-6511a-3p","NS","grey80"
"hsa-let-7c-3p",342.234894463636,0.366890208858082,0.21550766130525,1.70244624546508,0.088671747152767,0.84302986299128,"hsa-let-7c-3p","NS","grey80"
"hsa-miR-184",87.5004503423336,0.621740978149012,0.360305582778471,1.72559351802018,0.0844205663175397,0.84302986299128,"hsa-miR-184","NS","grey80"
"hsa-miR-197-3p",6511.18185979477,0.131279055500911,0.0779015745531235,1.68519129753132,0.0919516695305514,0.84302986299128,"hsa-miR-197-3p","NS","grey80"
"hsa-miR-210-5p",21.9105008135834,1.21949029763767,0.718496954326942,1.69727970354452,0.0896437925928382,0.84302986299128,"hsa-miR-210-5p","|log2FC| > 1","darkgreen"
"hsa-miR-29b-1-5p",51.2114842715065,0.92349732849089,0.552971737343851,1.67006243922488,0.0949070105905333,0.84302986299128,"hsa-miR-29b-1-5p","NS","grey80"
"hsa-miR-30b-3p",88.8796055003919,0.505734425761714,0.301229524977115,1.67890058519375,0.0931714204855884,0.84302986299128,"hsa-miR-30b-3p","NS","grey80"
"hsa-miR-32-5p",544.025448783209,-0.182986345986308,0.110384988627431,-1.65771042115082,0.0973759293862016,0.84302986299128,"hsa-miR-32-5p","NS","grey80"
"hsa-miR-340-3p",2335.09690457428,-0.181616774613432,0.107625569410507,-1.68748723568381,0.0915097022686361,0.84302986299128,"hsa-miR-340-3p","NS","grey80"
"hsa-miR-374b-3p",1031.46518452031,-0.189469333379559,0.108190600733812,-1.75125502672568,0.0799019907442508,0.84302986299128,"hsa-miR-374b-3p","NS","grey80"
"hsa-miR-377-3p",26.7117044855244,-1.258508732798,0.73287710581542,-1.71721660127143,0.0859396033683816,0.84302986299128,"hsa-miR-377-3p","|log2FC| > 1","darkgreen"
"hsa-miR-548w",9.763152816297,-1.50469897083611,0.909460500185728,-1.65449623213852,0.0980267282548,0.84302986299128,"hsa-miR-548w","|log2FC| > 1","darkgreen"
"hsa-miR-590-3p",1423.84373485748,-0.180496860593609,0.107807816902243,-1.67424650438176,0.0940821633161851,0.84302986299128,"hsa-miR-590-3p","NS","grey80"
"hsa-miR-627-5p",7.54141624371895,-1.97230495544791,1.16387261532156,-1.69460551737699,0.0901502797230083,0.84302986299128,"hsa-miR-627-5p","|log2FC| > 1","darkgreen"
"hsa-miR-6895-5p",8.27659103171091,2.39737981462621,1.4450781697617,1.65899663062625,0.0971164712563552,0.84302986299128,"hsa-miR-6895-5p","|log2FC| > 1","darkgreen"
"hsa-miR-7156-5p",10.0351985752799,1.81045324266094,1.04105954599532,1.73904869286803,0.0820261983151842,0.84302986299128,"hsa-miR-7156-5p","|log2FC| > 1","darkgreen"
"hsa-miR-758-3p",78.4597060511596,-0.61313304096435,0.367468108713175,-1.66853402084731,0.095209764189639,0.84302986299128,"hsa-miR-758-3p","NS","grey80"
"hsa-miR-877-3p",69.3481946890235,0.561451426803604,0.330504847273802,1.69876911468859,0.0893626951193421,0.84302986299128,"hsa-miR-877-3p","NS","grey80"
"hsa-miR-96-3p",5.39305312586275,2.79463415324353,1.66083063439335,1.6826725708033,0.0924384944447163,0.84302986299128,"hsa-miR-96-3p","|log2FC| > 1","darkgreen"
"hsa-miR-1285-3p",102.913626144535,0.463068903315534,0.277810143592544,1.66685383523902,0.0955434723652952,0.84302986299128,"hsa-miR-1285-3p","NS","grey80"
"hsa-miR-29b-3p",344.682838689814,-0.280176373911633,0.163047247780382,-1.71837536496795,0.085728170789101,0.84302986299128,"hsa-miR-29b-3p","NS","grey80"
"hsa-miR-145-3p",439.990524513566,0.249308279954736,0.155230882362618,1.60604820484337,0.108263318883452,0.847047057130668,"hsa-miR-145-3p","NS","grey80"
"hsa-miR-147b-3p",13.7838313941154,-1.64667479711488,1.02906309975347,-1.60016892793976,0.109561113207174,0.847047057130668,"hsa-miR-147b-3p","|log2FC| > 1","darkgreen"
"hsa-miR-21-5p",978740.022770651,-0.117239921720166,0.0717470498185726,-1.63407306665057,0.102243509381415,0.847047057130668,"hsa-miR-21-5p","NS","grey80"
"hsa-miR-29c-5p",51.1230514377855,0.620167486270898,0.387719643418144,1.59952557678917,0.109703870187582,0.847047057130668,"hsa-miR-29c-5p","NS","grey80"
"hsa-miR-381-3p",385.999739147385,-0.302400552434453,0.185748027634926,-1.62801487738431,0.103521731217432,0.847047057130668,"hsa-miR-381-3p","NS","grey80"
"hsa-miR-4467",8.2518050567504,-2.18575379160887,1.3605829170844,-1.60648334192871,0.108167752137619,0.847047057130668,"hsa-miR-4467","|log2FC| > 1","darkgreen"
"hsa-miR-4723-3p",10.8670662824737,-1.68146515570131,1.04839785035056,-1.60384262056533,0.108748747287987,0.847047057130668,"hsa-miR-4723-3p","|log2FC| > 1","darkgreen"
"hsa-miR-561-5p",52.4475587714457,0.666878421424026,0.417150985652242,1.59864999571155,0.109898394193208,0.847047057130668,"hsa-miR-561-5p","NS","grey80"
"hsa-miR-664a-5p",111.500501123342,0.451823924782549,0.278533894405129,1.62215060306222,0.104771105418129,0.847047057130668,"hsa-miR-664a-5p","NS","grey80"
"hsa-miR-6716-3p",23.6993686209971,0.991947167882441,0.619396194543819,1.60147443045401,0.109271878918235,0.847047057130668,"hsa-miR-6716-3p","NS","grey80"
"hsa-miR-26a-5p",250135.13846688,-0.146192434941651,0.0910987658265663,-1.60476855657926,0.108544748179097,0.847047057130668,"hsa-miR-26a-5p","NS","grey80"
"hsa-miR-1305",14.4439992771641,1.02060586688833,0.640324789402409,1.59388779534964,0.110961168478229,0.847245557445916,"hsa-miR-1305","|log2FC| > 1","darkgreen"
"hsa-miR-5002-5p",111.652108968689,0.409863102785377,0.258641834904449,1.58467443187137,0.113040323968698,0.855129117429875,"hsa-miR-5002-5p","NS","grey80"
"hsa-miR-6747-3p",18.7298689523845,-1.12842386070647,0.717303622232023,-1.57314674808859,0.11568484249245,0.867105654278271,"hsa-miR-6747-3p","|log2FC| > 1","darkgreen"
"hsa-miR-4326",293.76717139578,0.249207882224405,0.159036321031886,1.56698721780945,0.117117679383866,0.869864945969258,"hsa-miR-4326","NS","grey80"
"hsa-miR-493-5p",7.45237906200994,-1.94172558464109,1.24391986566651,-1.56097320915498,0.118530072196187,0.872424044903465,"hsa-miR-493-5p","|log2FC| > 1","darkgreen"
"hsa-miR-194-3p",16.894488336644,1.59671982387614,1.02862671865417,1.55228305362829,0.120594510934105,0.873422588304197,"hsa-miR-194-3p","|log2FC| > 1","darkgreen"
"hsa-miR-375-3p",50312.6597654447,0.109608529967255,0.0706776055223016,1.55082404330561,0.12094385705773,0.873422588304197,"hsa-miR-375-3p","NS","grey80"
"hsa-miR-485-5p",170.699958348069,0.348515936384306,0.225936132479874,1.54254183498228,0.122941979993859,0.873422588304197,"hsa-miR-485-5p","NS","grey80"
"hsa-miR-652-5p",32.641120488391,-0.803209328246003,0.519750003413862,-1.54537628277114,0.122255273661812,0.873422588304197,"hsa-miR-652-5p","NS","grey80"
"hsa-let-7d-3p",1409.7521117502,0.195115575855993,0.128868897011007,1.51406258904604,0.130009965950662,0.889823471401715,"hsa-let-7d-3p","NS","grey80"
"hsa-miR-1269a",4624.4191606714,-0.138167581812038,0.0910825448274563,-1.51694907156775,0.129279542777109,0.889823471401715,"hsa-miR-1269a","NS","grey80"
"hsa-miR-3065-3p",47.1768638952699,-0.748612264014902,0.490941106774727,-1.52485146117213,0.127296150898087,0.889823471401715,"hsa-miR-3065-3p","NS","grey80"
"hsa-miR-3912-3p",67.8198224255029,-0.630444705689404,0.414238392918137,-1.52193692440767,0.128024886043084,0.889823471401715,"hsa-miR-3912-3p","NS","grey80"
"hsa-miR-744-3p",473.209081079699,0.286595354198546,0.189627196953174,1.51136207676643,0.130696225909677,0.889823471401715,"hsa-miR-744-3p","NS","grey80"
"hsa-miR-1276",195.42963221749,0.266852261889027,0.182170560278036,1.46484844467595,0.142962271288838,0.89309309197488,"hsa-miR-1276","NS","grey80"
"hsa-miR-1343-3p",76.466164110559,0.522934696491754,0.358329427971977,1.45936854656729,0.144463698232868,0.89309309197488,"hsa-miR-1343-3p","NS","grey80"
"hsa-miR-147b-5p",17.3328746684992,1.13242336419457,0.789653557214906,1.43407618929573,0.151550521912891,0.89309309197488,"hsa-miR-147b-5p","|log2FC| > 1","darkgreen"
"hsa-miR-151a-3p",12598.1560229607,-0.122015135180371,0.0866624607603466,-1.40793527104876,0.15915023777374,0.89309309197488,"hsa-miR-151a-3p","NS","grey80"
"hsa-miR-15a-5p",4375.44843646932,-0.121579627503481,0.082015242742634,-1.48240282461884,0.138233142853359,0.89309309197488,"hsa-miR-15a-5p","NS","grey80"
"hsa-miR-193a-3p",5.84438872596947,2.12876724013387,1.41903714823769,1.50014905725167,0.133575795780276,0.89309309197488,"hsa-miR-193a-3p","|log2FC| > 1","darkgreen"
"hsa-miR-215-3p",9.41210046588896,1.53574552765737,1.04374444261197,1.47138079491391,0.141188164239416,0.89309309197488,"hsa-miR-215-3p","|log2FC| > 1","darkgreen"
"hsa-miR-22-5p",381.847957539139,0.239728055206791,0.160896299629554,1.48995381347326,0.136236380491627,0.89309309197488,"hsa-miR-22-5p","NS","grey80"
"hsa-miR-30e-5p",128274.727704787,-0.0815585458812615,0.0554899140003792,-1.46979045382381,0.141618515398678,0.89309309197488,"hsa-miR-30e-5p","NS","grey80"
"hsa-miR-3140-3p",12.8353359438521,-1.22654010514619,0.870997643415916,-1.40820140492676,0.159071440380868,0.89309309197488,"hsa-miR-3140-3p","|log2FC| > 1","darkgreen"
"hsa-miR-3192-5p",6.68741627388112,1.96157544115185,1.34801755673318,1.45515570724878,0.145626159881871,0.89309309197488,"hsa-miR-3192-5p","|log2FC| > 1","darkgreen"
"hsa-miR-323b-3p",350.755766165653,0.242835612549176,0.167862159412558,1.44663701097967,0.147998614624316,0.89309309197488,"hsa-miR-323b-3p","NS","grey80"
"hsa-miR-346",316.547989310191,0.236136630856797,0.156892108508411,1.50508928142895,0.13230112433855,0.89309309197488,"hsa-miR-346","NS","grey80"
"hsa-miR-411-5p",1280.46504186047,-0.151233646819884,0.105830839683317,-1.42901301050269,0.153000493996352,0.89309309197488,"hsa-miR-411-5p","NS","grey80"
"hsa-miR-4671-3p",6.63286653162886,-2.37844182055127,1.68215454927562,-1.41392586167275,0.157383671672984,0.89309309197488,"hsa-miR-4671-3p","|log2FC| > 1","darkgreen"
"hsa-miR-499b-3p",7.60523705846662,-2.11762119013071,1.4639712779677,-1.44649094008894,0.148039551327028,0.89309309197488,"hsa-miR-499b-3p","|log2FC| > 1","darkgreen"
"hsa-miR-548bc",44.2032536729432,0.562206853828318,0.399741862037843,1.40642476362682,0.15959803112403,0.89309309197488,"hsa-miR-548bc","NS","grey80"
"hsa-miR-561-3p",22.5826438360942,1.01010439718662,0.701896484176765,1.43910736121059,0.150120106719716,0.89309309197488,"hsa-miR-561-3p","|log2FC| > 1","darkgreen"
"hsa-miR-598-5p",8.94208714642974,1.82256450328563,1.22600806330467,1.48658443434128,0.137124601417113,0.89309309197488,"hsa-miR-598-5p","|log2FC| > 1","darkgreen"
"hsa-miR-643",24.1191079982293,-0.958527599531193,0.666862586279148,-1.43736898613465,0.150613176325005,0.89309309197488,"hsa-miR-643","NS","grey80"
"hsa-miR-6726-3p",39.0188741735169,0.829458562216868,0.58857429551081,1.4092673916332,0.158756117060697,0.89309309197488,"hsa-miR-6726-3p","NS","grey80"
"hsa-miR-889-3p",1248.16639586565,-0.165979013170994,0.113394394083292,-1.46373208757637,0.14326716456114,0.89309309197488,"hsa-miR-889-3p","NS","grey80"
"hsa-miR-942-3p",16.8905925805914,-1.13400372116639,0.79958260432693,-1.41824461291397,0.156119361033119,0.89309309197488,"hsa-miR-942-3p","|log2FC| > 1","darkgreen"
"hsa-miR-135a-5p",736.431364224685,-0.203439222874517,0.143325460210723,-1.41942138246346,0.15577620218246,0.89309309197488,"hsa-miR-135a-5p","NS","grey80"
"hsa-miR-3199",10.8413027433108,1.54893465066311,1.05388820266929,1.46973336141346,0.141633983498146,0.89309309197488,"hsa-miR-3199","|log2FC| > 1","darkgreen"
"hsa-miR-6770-3p",10.8182972323915,1.93643039052836,1.35902994554397,1.42486219444803,0.154197039771414,0.89309309197488,"hsa-miR-6770-3p","|log2FC| > 1","darkgreen"
"hsa-miR-3117-3p",237.716679109846,-0.330446465172778,0.236465778634214,-1.39743884752111,0.162281644003888,0.895838534805248,"hsa-miR-3117-3p","NS","grey80"
"hsa-miR-539-3p",347.061925563425,-0.237210155319532,0.169642141861761,-1.39829733765582,0.162023797035418,0.895838534805248,"hsa-miR-539-3p","NS","grey80"
"hsa-miR-2110",139.91002722178,0.340270662984597,0.246980026405022,1.37772542961263,0.1682880769434,0.90895596188506,"hsa-miR-2110","NS","grey80"
"hsa-miR-25-5p",2151.99318867903,0.126281505033501,0.0918360620328464,1.37507534881378,0.169108085932104,0.90895596188506,"hsa-miR-25-5p","NS","grey80"
"hsa-miR-331-5p",519.971176618075,-0.200195664803328,0.145110762930073,-1.37960590076836,0.167708019632211,0.90895596188506,"hsa-miR-331-5p","NS","grey80"
"hsa-miR-450a-5p",2352.35177322594,-0.133811234365964,0.0968288149717697,-1.38193609417792,0.16699132408489,0.90895596188506,"hsa-miR-450a-5p","NS","grey80"
"hsa-miR-1268b",285.212386466709,0.242058470701368,0.17937964339941,1.34941995710403,0.177202114149956,0.911355141662908,"hsa-miR-1268b","NS","grey80"
"hsa-miR-1277-5p",40.2048380745112,-0.590588871902619,0.434711693930535,-1.35857599450037,0.174280986318603,0.911355141662908,"hsa-miR-1277-5p","NS","grey80"
"hsa-miR-323a-3p",2709.35369774875,0.117932426068787,0.087523976719582,1.34742993279009,0.177841805632755,0.911355141662908,"hsa-miR-323a-3p","NS","grey80"
"hsa-miR-370-3p",1009.6160380667,0.173410985789643,0.128886505609725,1.34545494091322,0.178478363116359,0.911355141662908,"hsa-miR-370-3p","NS","grey80"
"hsa-miR-424-3p",568.113310634742,-0.250218943041249,0.185181070457628,-1.35121231572372,0.176627430555088,0.911355141662908,"hsa-miR-424-3p","NS","grey80"
"hsa-miR-4705",334.101765770354,-0.231692841185396,0.171004496796842,-1.35489326611483,0.175451565414952,0.911355141662908,"hsa-miR-4705","NS","grey80"
"hsa-miR-6797-3p",11.5120368704184,1.19206050780212,0.880631537135719,1.35364276378215,0.175850376721558,0.911355141662908,"hsa-miR-6797-3p","|log2FC| > 1","darkgreen"
"hsa-miR-1302",21.2256323198587,0.827880448135664,0.612807689546856,1.35096289138905,0.176707320132161,0.911355141662908,"hsa-miR-1302","NS","grey80"
"hsa-miR-26b-3p",218.110784554065,-0.217781713621084,0.163746485436306,-1.32999320895835,0.183520508819204,0.918903394903782,"hsa-miR-26b-3p","NS","grey80"
"hsa-miR-369-3p",4988.92642198323,-0.0998357556278179,0.0750632780126937,-1.33002126034164,0.183511266554335,0.918903394903782,"hsa-miR-369-3p","NS","grey80"
"hsa-miR-4797-3p",8.55425684247698,-1.57790672707536,1.18893415034377,-1.32716074024716,0.184455516235276,0.918903394903782,"hsa-miR-4797-3p","|log2FC| > 1","darkgreen"
"hsa-miR-99b-3p",3408.68036889815,0.0799053742786326,0.0601453201243055,1.32853851494161,0.18400026868965,0.918903394903782,"hsa-miR-99b-3p","NS","grey80"
"hsa-miR-1908-5p",243.248347205591,0.293965919002069,0.223150554982788,1.3173434366979,0.187723531529024,0.926709700545837,"hsa-miR-1908-5p","NS","grey80"
"hsa-miR-542-3p",2479.75151592537,-0.103615240253493,0.0787558476706275,-1.31565138739706,0.188291077467086,0.926709700545837,"hsa-miR-542-3p","NS","grey80"
"hsa-miR-181b-5p",33543.7563060275,-0.180466661750429,0.13757657055003,-1.31175432727335,0.189603039776337,0.927578943097409,"hsa-miR-181b-5p","NS","grey80"
"hsa-miR-1250-5p",547.79090296484,0.169260093603915,0.130810579398928,1.29393275667505,0.195688648656018,0.941487788912199,"hsa-miR-1250-5p","NS","grey80"
"hsa-miR-3613-5p",8811.02285907824,-0.120830152414722,0.0934269249831352,-1.29331188451865,0.195903211891155,0.941487788912199,"hsa-miR-3613-5p","NS","grey80"
"hsa-miR-4685-3p",13.770417408065,-0.887150846008018,0.684506538709043,-1.29604437041778,0.194960198775986,0.941487788912199,"hsa-miR-4685-3p","NS","grey80"
"hsa-miR-1912-3p",8.49005229936738,1.25943612813243,0.978420904094361,1.2872130213716,0.198020049885951,0.946095793899546,"hsa-miR-1912-3p","|log2FC| > 1","darkgreen"
"hsa-miR-132-5p",1063.53729592225,0.127160737654865,0.0992625416113128,1.28105462131721,0.200174481312916,0.950828786236351,"hsa-miR-132-5p","NS","grey80"
"hsa-miR-24-2-5p",2494.67856002827,0.108009224439332,0.0848812587111896,1.27247434921807,0.203204632245606,0.95964268522925,"hsa-miR-24-2-5p","NS","grey80"
"hsa-miR-18a-3p",1093.12885426522,-0.140317389816522,0.110659630456461,-1.26800884150548,0.204794793166307,0.961593942625704,"hsa-miR-18a-3p","NS","grey80"
"hsa-miR-1269b",5109.4122167791,-0.100486424713918,0.0800178870159833,-1.2557995275962,0.20918866294324,0.965577048726707,"hsa-miR-1269b","NS","grey80"
"hsa-miR-362-3p",614.402512297243,-0.161783771540983,0.128702577465098,-1.25703598737062,0.208740604602781,0.965577048726707,"hsa-miR-362-3p","NS","grey80"
"hsa-miR-497-5p",1249.90301533813,-0.147765810445703,0.117142746124053,-1.26141665049597,0.207158772449529,0.965577048726707,"hsa-miR-497-5p","NS","grey80"
"hsa-miR-33b-5p",6.87698449067621,-2.82322042212207,2.25666334151548,-1.25105963755591,0.210912719987306,0.96806568668331,"hsa-miR-33b-5p","|log2FC| > 1","darkgreen"
"hsa-miR-1306-5p",404.451554101619,0.164096693643069,0.132226582434938,1.2410265063291,0.214595957174833,0.970835992397075,"hsa-miR-1306-5p","NS","grey80"
"hsa-miR-362-5p",7361.71291269465,-0.0916624236114599,0.0741240233014714,-1.2366088553863,0.21623233074024,0.970835992397075,"hsa-miR-362-5p","NS","grey80"
"hsa-miR-6505-5p",16.5962140991839,-1.03590755384919,0.833801261314406,-1.24239144495438,0.214092170536012,0.970835992397075,"hsa-miR-6505-5p","|log2FC| > 1","darkgreen"
"hsa-miR-3910",10.7620270153412,1.75914778612941,1.42267297567216,1.23650889291566,0.216269462198614,0.970835992397075,"hsa-miR-3910","|log2FC| > 1","darkgreen"
"hsa-miR-1914-5p",35.3765452471609,-0.634549152036595,0.51630779693498,-1.22901330524843,0.219066817502889,0.97246177800086,"hsa-miR-1914-5p","NS","grey80"
"hsa-miR-2682-5p",927.631989896046,-0.162819007648393,0.132806159590114,-1.22598987991905,0.220202483390648,0.97246177800086,"hsa-miR-2682-5p","NS","grey80"
"hsa-miR-450b-5p",3509.94111677079,-0.100935301492341,0.0820718725839716,-1.22984036204449,0.218756890479244,0.97246177800086,"hsa-miR-450b-5p","NS","grey80"
"hsa-let-7b-3p",180.441932693766,-0.0511130665810974,0.221480093829191,-0.230779505721704,0.817486103562178,0.995349032638086,"hsa-let-7b-3p","NS","grey80"
"hsa-let-7d-5p",9453.56404164852,-0.103870170485903,0.102237280888639,-1.01597156715311,0.309642926439409,0.995349032638086,"hsa-let-7d-5p","NS","grey80"
"hsa-let-7e-5p",24061.6238990528,-0.0634364234654183,0.0936199778225886,-0.677594942242256,0.498028553836928,0.995349032638086,"hsa-let-7e-5p","NS","grey80"
"hsa-let-7e-3p",353.893395127108,0.0681736246013489,0.160341346013471,0.425178073505891,0.670706866962891,0.995349032638086,"hsa-let-7e-3p","NS","grey80"
"hsa-let-7g-3p",22.3299847863349,-0.42269750471032,0.64838808887048,-0.651920527174824,0.514452441983092,0.995349032638086,"hsa-let-7g-3p","NS","grey80"
"hsa-let-7i-5p",58020.8735058684,-0.0637719749591802,0.0847312348851276,-0.752638328069189,0.451667278990577,0.995349032638086,"hsa-let-7i-5p","NS","grey80"
"hsa-let-7i-3p",240.335057364657,-0.186099854161861,0.193789318089569,-0.96032049648808,0.336893937493224,0.995349032638086,"hsa-let-7i-3p","NS","grey80"
"hsa-miR-100-5p",13032.3850509056,-0.0614884341252282,0.102841393185843,-0.597895771541268,0.549909481488685,0.995349032638086,"hsa-miR-100-5p","NS","grey80"
"hsa-miR-100-3p",5.19477063650811,-1.36005209087034,1.83890462465466,-0.739599037729186,0.459543325733271,0.995349032638086,"hsa-miR-100-3p","|log2FC| > 1","darkgreen"
"hsa-miR-101-5p",20.0916705831652,-0.34824259933561,0.61773759377927,-0.563738718255901,0.572931963135508,0.995349032638086,"hsa-miR-101-5p","NS","grey80"
"hsa-miR-10395-3p",27.8723761143431,0.768338220073497,0.66826577562016,1.14974946810716,0.250247073345782,0.995349032638086,"hsa-miR-10395-3p","NS","grey80"
"hsa-miR-10399-3p",9.21261084058014,0.664133838840329,0.871058923461151,0.762444216978335,0.445794924468052,0.995349032638086,"hsa-miR-10399-3p","NS","grey80"
"hsa-miR-10401-3p",197.148103722167,-0.0819975204961604,0.206652282076251,-0.396789813653763,0.691522462969824,0.995349032638086,"hsa-miR-10401-3p","NS","grey80"
"hsa-miR-106a-5p",1002.14208897895,0.0802458215565175,0.139300200986189,0.576063932344744,0.564571969186438,0.995349032638086,"hsa-miR-106a-5p","NS","grey80"
"hsa-miR-106a-3p",230.934970395123,-0.105398386688948,0.22450228912634,-0.46947577728098,0.638729594953712,0.995349032638086,"hsa-miR-106a-3p","NS","grey80"
"hsa-miR-106b-5p",65719.6706552625,-0.0940033813648219,0.0796500668298779,-1.18020467660876,0.237918819482847,0.995349032638086,"hsa-miR-106b-5p","NS","grey80"
"hsa-miR-106b-3p",9790.39722762242,0.0496189159342388,0.0728557958121209,0.681056536149782,0.495835717584331,0.995349032638086,"hsa-miR-106b-3p","NS","grey80"
"hsa-miR-10a-5p",138.082879675117,0.0616248541020174,0.20812911332014,0.296089543259752,0.767161699422235,0.995349032638086,"hsa-miR-10a-5p","NS","grey80"
"hsa-miR-10b-5p",236449.439054372,0.0573356591443406,0.0937683754303276,0.61146051513863,0.540894750647135,0.995349032638086,"hsa-miR-10b-5p","NS","grey80"
"hsa-miR-10b-3p",1120.5440073665,0.0327558763505026,0.131727502941211,0.248663913147441,0.803620765283234,0.995349032638086,"hsa-miR-10b-3p","NS","grey80"
"hsa-miR-1180-5p",68.9324892282365,0.278807409247064,0.4480742544532,0.622234833794015,0.533787464154971,0.995349032638086,"hsa-miR-1180-5p","NS","grey80"
"hsa-miR-1185-1-3p",138.72531618163,-0.132985992742342,0.273008616944633,-0.487112803363685,0.626178393626642,0.995349032638086,"hsa-miR-1185-1-3p","NS","grey80"
"hsa-miR-1185-2-3p",55.5101431292698,-0.160301403055715,0.432180410722185,-0.370913162833657,0.710702210865098,0.995349032638086,"hsa-miR-1185-2-3p","NS","grey80"
"hsa-miR-1197",30.8024673901176,0.655802516312809,0.58618727309329,1.11875939041147,0.263242800662691,0.995349032638086,"hsa-miR-1197","NS","grey80"
"hsa-miR-12136",1134.98516011525,0.214042150610153,0.466899015126509,0.458433502054309,0.64664102706099,0.995349032638086,"hsa-miR-12136","NS","grey80"
"hsa-miR-1226-5p",7.14719491208715,-0.791399983513355,1.10133823177111,-0.718580324085066,0.472399540193587,0.995349032638086,"hsa-miR-1226-5p","NS","grey80"
"hsa-miR-1227-3p",6.7732082869982,0.331158224376393,1.3327130703618,0.24848426247256,0.803759745052505,0.995349032638086,"hsa-miR-1227-3p","NS","grey80"
"hsa-miR-1229-3p",44.1654187614437,0.333715461147769,0.361051996580712,0.924286430509097,0.355337205802318,0.995349032638086,"hsa-miR-1229-3p","NS","grey80"
"hsa-miR-1234-3p",26.7899786818338,0.144646043072982,0.653639784415573,0.221293205404123,0.824864140150882,0.995349032638086,"hsa-miR-1234-3p","NS","grey80"
"hsa-miR-1243",34.102995873306,-0.215248834081984,0.567502254826265,-0.37929159267901,0.704471342143618,0.995349032638086,"hsa-miR-1243","NS","grey80"
"hsa-miR-1246",65.302306353054,0.190729930693306,0.500002825157613,0.381457706030327,0.702863648676781,0.995349032638086,"hsa-miR-1246","NS","grey80"
"hsa-miR-1249-3p",353.630349726504,-0.0645602899607974,0.148199349767005,-0.435631398263873,0.663104186284611,0.995349032638086,"hsa-miR-1249-3p","NS","grey80"
"hsa-miR-1252-5p",95.3568888694287,0.0874374175391175,0.331777913583087,0.263542007949907,0.792132849865397,0.995349032638086,"hsa-miR-1252-5p","NS","grey80"
"hsa-miR-1252-3p",8.34612796963188,1.14257580287146,1.19543919863226,0.95577910125309,0.339183848954299,0.995349032638086,"hsa-miR-1252-3p","|log2FC| > 1","darkgreen"
"hsa-miR-125a-5p",193238.375858307,0.0167152371518147,0.06460800753817,0.258717731574363,0.795853037434693,0.995349032638086,"hsa-miR-125a-5p","NS","grey80"
"hsa-miR-125a-3p",612.551382051556,0.103976157593754,0.152037214037953,0.683886233062642,0.494047007956291,0.995349032638086,"hsa-miR-125a-3p","NS","grey80"
"hsa-miR-125b-1-3p",121.670594390698,0.119002236146001,0.283350357547761,0.419982657427712,0.674498122931247,0.995349032638086,"hsa-miR-125b-1-3p","NS","grey80"
"hsa-miR-125b-2-3p",3069.80025549993,0.0413621345590882,0.0743185021282307,0.556552317049139,0.577833340150284,0.995349032638086,"hsa-miR-125b-2-3p","NS","grey80"
"hsa-miR-126-5p",2212.97703347095,-0.0788003446088438,0.107057196529433,-0.736058360982576,0.461695181667086,0.995349032638086,"hsa-miR-126-5p","NS","grey80"
"hsa-miR-126-3p",10911.4371530149,-0.0261451050658313,0.0521196346269162,-0.501636384310515,0.615923320855471,0.995349032638086,"hsa-miR-126-3p","NS","grey80"
"hsa-miR-1260a",14.7879803459512,-0.193104820636456,0.571612325496927,-0.337824801920745,0.735495218344589,0.995349032638086,"hsa-miR-1260a","NS","grey80"
"hsa-miR-1262",24.2808059370621,0.158818368082251,0.781586241359622,0.20320005608847,0.838978668996457,0.995349032638086,"hsa-miR-1262","NS","grey80"
"hsa-miR-1267",70.8118068423365,-0.355046350038076,0.408017613262659,-0.870174077042886,0.384205280246153,0.995349032638086,"hsa-miR-1267","NS","grey80"
"hsa-miR-1268a",236.927197306777,0.17165834374103,0.199237636459434,0.861575888930906,0.388920943757929,0.995349032638086,"hsa-miR-1268a","NS","grey80"
"hsa-miR-1270",254.513350745679,-0.0495487331756876,0.152675201739437,-0.324536877051257,0.745531607877565,0.995349032638086,"hsa-miR-1270","NS","grey80"
"hsa-miR-1271-5p",573.263780235122,-0.0864729488198137,0.1989895431128,-0.434560266168336,0.663881641326419,0.995349032638086,"hsa-miR-1271-5p","NS","grey80"
"hsa-miR-1275",34.3009460627793,0.652345323438963,0.596841770554771,1.09299542294535,0.274395809361568,0.995349032638086,"hsa-miR-1275","NS","grey80"
"hsa-miR-1277-3p",118.036476005724,-0.136249648919337,0.300233857585807,-0.4538117386724,0.649964333945522,0.995349032638086,"hsa-miR-1277-3p","NS","grey80"
"hsa-miR-128-1-5p",97.8977881921904,0.33079004479628,0.282918009959255,1.16920815625672,0.242319775836197,0.995349032638086,"hsa-miR-128-1-5p","NS","grey80"
"hsa-miR-1284",52.2657596490958,-0.102703349080471,0.424889830959365,-0.241717597355943,0.808998993120336,0.995349032638086,"hsa-miR-1284","NS","grey80"
"hsa-miR-1285-5p",24.6825976338346,0.14608533530453,0.562260085198774,0.259818079124157,0.79500410462711,0.995349032638086,"hsa-miR-1285-5p","NS","grey80"
"hsa-miR-1287-5p",32.138575149888,0.831249538048355,0.764150839456734,1.08780818540921,0.276679795221338,0.995349032638086,"hsa-miR-1287-5p","NS","grey80"
"hsa-miR-1288-3p",8.41472817700452,-0.461005256981931,1.10778668583634,-0.416149844438588,0.677300358294438,0.995349032638086,"hsa-miR-1288-3p","NS","grey80"
"hsa-miR-129-1-3p",135.333818186341,-0.13833376332787,0.24688090448241,-0.56032589323945,0.575257168950937,0.995349032638086,"hsa-miR-129-1-3p","NS","grey80"
"hsa-miR-129-2-3p",268.220177966398,0.151256698592335,0.217182585573424,0.69644947910061,0.486147385730206,0.995349032638086,"hsa-miR-129-2-3p","NS","grey80"
"hsa-miR-1291",22.5446070913745,0.376451119505672,0.719597934368277,0.523140911787292,0.600876196990005,0.995349032638086,"hsa-miR-1291","NS","grey80"
"hsa-miR-1292-5p",164.316294913146,-0.0919128110494152,0.224200524823492,-0.409958054834065,0.681836717244602,0.995349032638086,"hsa-miR-1292-5p","NS","grey80"
"hsa-miR-1294",14.2340930508708,1.42590387525302,1.97080352663576,0.723513965741221,0.469364177090692,0.995349032638086,"hsa-miR-1294","|log2FC| > 1","darkgreen"
"hsa-miR-1296-5p",538.175171306158,0.0931268656632942,0.190679316561671,0.488395214240106,0.625269931053067,0.995349032638086,"hsa-miR-1296-5p","NS","grey80"
"hsa-miR-1298-5p",149.420012769471,-0.0605017411703732,0.267803442851012,-0.225918459173926,0.821264840608252,0.995349032638086,"hsa-miR-1298-5p","NS","grey80"
"hsa-miR-1298-3p",7.98684681740245,0.352668931649814,1.65396786144227,0.213225988165384,0.831150698712039,0.995349032638086,"hsa-miR-1298-3p","NS","grey80"
"hsa-miR-1301-3p",7790.73259837295,-0.0214270685812065,0.0564389970311005,-0.379650059504055,0.704205195963707,0.995349032638086,"hsa-miR-1301-3p","NS","grey80"
"hsa-miR-1304-5p",21.0463483600731,-0.281170266982131,0.599424446745899,-0.469067066764666,0.639021698377185,0.995349032638086,"hsa-miR-1304-5p","NS","grey80"
"hsa-miR-1306-3p",92.7260354097946,0.264036298663252,0.354157298995538,0.745533974344485,0.455948980545839,0.995349032638086,"hsa-miR-1306-3p","NS","grey80"
"hsa-miR-1307-5p",731.622308738864,0.114680258657801,0.133764357685412,0.857330462629712,0.391262277657348,0.995349032638086,"hsa-miR-1307-5p","NS","grey80"
"hsa-miR-1307-3p",4226.66386960221,0.0260035826516673,0.0837791600666635,0.310382470186811,0.75627012311496,0.995349032638086,"hsa-miR-1307-3p","NS","grey80"
"hsa-miR-130a-3p",1730.04691874587,-0.0933388150225959,0.117125521348052,-0.796912696296384,0.42550173669028,0.995349032638086,"hsa-miR-130a-3p","NS","grey80"
"hsa-miR-130b-5p",23054.2214316616,0.0527889143051104,0.0635612038595417,0.830520995507951,0.406244282238579,0.995349032638086,"hsa-miR-130b-5p","NS","grey80"
"hsa-miR-134-5p",228.201785876605,0.0660548288827123,0.230950849199299,0.286012496216069,0.774868550582467,0.995349032638086,"hsa-miR-134-5p","NS","grey80"
"hsa-miR-134-3p",5.97075922466455,1.2400818737908,1.53308451113603,0.808880309456575,0.418583995993628,0.995349032638086,"hsa-miR-134-3p","|log2FC| > 1","darkgreen"
"hsa-miR-135a-3p",93.196146150047,0.342910713610388,0.41781902087512,0.820715899654743,0.41180811211118,0.995349032638086,"hsa-miR-135a-3p","NS","grey80"
"hsa-miR-135b-5p",65.309218543907,-0.604776014855236,0.505286231948343,-1.19689787018987,0.231346364422248,0.995349032638086,"hsa-miR-135b-5p","NS","grey80"
"hsa-miR-137-5p",181.745070146493,0.242648376184742,0.230607615531159,1.05221319610738,0.292701746465963,0.995349032638086,"hsa-miR-137-5p","NS","grey80"
"hsa-miR-137-3p",2516.16035038514,-0.0358863374159104,0.0763113146809232,-0.470262340073163,0.63816760008586,0.995349032638086,"hsa-miR-137-3p","NS","grey80"
"hsa-miR-138-1-3p",117.524080469492,-0.338864955279598,0.318878766331346,-1.06267644966829,0.287928704320718,0.995349032638086,"hsa-miR-138-1-3p","NS","grey80"
"hsa-miR-139-5p",1475.7862531214,-0.0271756794427964,0.0953708208826375,-0.284947525787143,0.775684344276534,0.995349032638086,"hsa-miR-139-5p","NS","grey80"
"hsa-miR-140-5p",735.843852608882,-0.0561324334092951,0.130819086849601,-0.429084430728589,0.667861782209569,0.995349032638086,"hsa-miR-140-5p","NS","grey80"
"hsa-miR-140-3p",16469.9061895673,0.041572432614735,0.0795820800796466,0.522384342971795,0.60140275512454,0.995349032638086,"hsa-miR-140-3p","NS","grey80"
"hsa-miR-143-5p",11.2948661601075,0.350405815242529,1.09723242203087,0.319354229976144,0.749457914206775,0.995349032638086,"hsa-miR-143-5p","NS","grey80"
"hsa-miR-144-5p",14.0704592562776,-0.65541423667231,1.05905706502565,-0.618865836711487,0.536004746097857,0.995349032638086,"hsa-miR-144-5p","NS","grey80"
"hsa-miR-145-5p",503.15192473944,0.1092870216875,0.153468548133243,0.712113478734523,0.476394508358268,0.995349032638086,"hsa-miR-145-5p","NS","grey80"
"hsa-miR-146b-5p",5591.69278596811,0.0556227340559257,0.0836104140496512,0.665260837279129,0.505883674612591,0.995349032638086,"hsa-miR-146b-5p","NS","grey80"
"hsa-miR-146b-3p",68.6318110526458,-0.272658066292285,0.513164576331097,-0.531326749483901,0.595192371963146,0.995349032638086,"hsa-miR-146b-3p","NS","grey80"
"hsa-miR-148a-5p",347.507958454541,-0.059089393524791,0.204325290218857,-0.289192754658512,0.77243387603772,0.995349032638086,"hsa-miR-148a-5p","NS","grey80"
"hsa-miR-148b-5p",166.737537859767,-0.276643075175643,0.271839386261057,-1.01767105562096,0.30883430696155,0.995349032638086,"hsa-miR-148b-5p","NS","grey80"
"hsa-miR-149-5p",8626.88748521803,0.09043894256451,0.0778843807573676,1.16119485941929,0.245562664819521,0.995349032638086,"hsa-miR-149-5p","NS","grey80"
"hsa-miR-151b",1105.78307129653,0.0515848701527049,0.0963727411545934,0.535264116540554,0.592467235743108,0.995349032638086,"hsa-miR-151b","NS","grey80"
"hsa-miR-152-5p",66.2467171355321,0.413769296016787,0.353233938118572,1.17137469355477,0.241448199749256,0.995349032638086,"hsa-miR-152-5p","NS","grey80"
"hsa-miR-153-5p",41.1696876876493,-0.251016610960458,0.572481339490974,-0.438471254248482,0.661044703685321,0.995349032638086,"hsa-miR-153-5p","NS","grey80"
"hsa-miR-1538",10.6422893553771,0.245172727206206,0.986532512664999,0.248519662614972,0.803732358615866,0.995349032638086,"hsa-miR-1538","NS","grey80"
"hsa-miR-154-3p",801.498744645551,0.0766740958112365,0.128422102153498,0.597047506040595,0.550475663796924,0.995349032638086,"hsa-miR-154-3p","NS","grey80"
"hsa-miR-15b-3p",462.767332928834,0.0403049617436646,0.151621419776209,0.265826304773785,0.790372983574434,0.995349032638086,"hsa-miR-15b-3p","NS","grey80"
"hsa-miR-16-1-3p",12.7403430508121,0.85580003714197,0.987160966997572,0.866930587566551,0.38598004292484,0.995349032638086,"hsa-miR-16-1-3p","NS","grey80"
"hsa-miR-16-2-3p",9966.24672186465,-0.0284133764317255,0.0606806855771488,-0.468244156463939,0.639609998239784,0.995349032638086,"hsa-miR-16-2-3p","NS","grey80"
"hsa-miR-17-5p",12391.834203122,-0.0630122577396367,0.0761397227885581,-0.827587170426445,0.407904336449748,0.995349032638086,"hsa-miR-17-5p","NS","grey80"
"hsa-miR-17-3p",692.880044539986,-0.148546915082025,0.150364419639679,-0.987912668688448,0.323195420418583,0.995349032638086,"hsa-miR-17-3p","NS","grey80"
"hsa-miR-181a-3p",577.353070398455,0.1373590201005,0.161907665099435,0.848378734979235,0.396227081560713,0.995349032638086,"hsa-miR-181a-3p","NS","grey80"
"hsa-miR-181a-2-3p",19146.4659864685,0.075616265431382,0.0772944338185862,0.978288625657794,0.327931593896882,0.995349032638086,"hsa-miR-181a-2-3p","NS","grey80"
"hsa-miR-181b-2-3p",411.706506863566,-0.050520716556957,0.147145384367271,-0.343338778679313,0.731343610684763,0.995349032638086,"hsa-miR-181b-2-3p","NS","grey80"
"hsa-miR-181c-5p",5552.62971450611,-0.184706599006549,0.236503482674786,-0.780988917869498,0.434809012700629,0.995349032638086,"hsa-miR-181c-5p","NS","grey80"
"hsa-miR-181c-3p",1154.00293599546,0.0304115206882943,0.104668079047884,0.290552009408538,0.7713939681398,0.995349032638086,"hsa-miR-181c-3p","NS","grey80"
"hsa-miR-181d-5p",3659.51433552231,-0.166458490879084,0.191266167734976,-0.870297621635491,0.384137778356315,0.995349032638086,"hsa-miR-181d-5p","NS","grey80"
"hsa-miR-182-3p",119.115422777971,0.220496618357199,0.296520626969415,0.743613085574456,0.457110584405831,0.995349032638086,"hsa-miR-182-3p","NS","grey80"
"hsa-miR-1843",348.464018884516,0.181958671777356,0.165995610797001,1.0961655606658,0.273006328028721,0.995349032638086,"hsa-miR-1843","NS","grey80"
"hsa-miR-186-5p",50728.431592171,-0.0397438406681719,0.0602031178774658,-0.660162497714227,0.509149555665447,0.995349032638086,"hsa-miR-186-5p","NS","grey80"
"hsa-miR-187-3p",56.2846738346564,-0.174960413997945,0.368626464352681,-0.474627925331354,0.635052198422363,0.995349032638086,"hsa-miR-187-3p","NS","grey80"
"hsa-miR-188-5p",174.850954147939,0.0818918065171706,0.259599715141437,0.315454146290391,0.752416860961466,0.995349032638086,"hsa-miR-188-5p","NS","grey80"
"hsa-miR-18a-5p",9382.720250204,-0.0724358276437045,0.0714150222055679,-1.01429398754786,0.310442492131622,0.995349032638086,"hsa-miR-18a-5p","NS","grey80"
"hsa-miR-18b-5p",67.9885278927226,0.0822316619798597,0.395490574825528,0.207923190119351,0.835288941760471,0.995349032638086,"hsa-miR-18b-5p","NS","grey80"
"hsa-miR-1908-3p",13.8846936729101,0.892436887572241,1.17304714518501,0.760785183473157,0.446785385585006,0.995349032638086,"hsa-miR-1908-3p","NS","grey80"
"hsa-miR-190a-5p",653.947120117794,-0.066721694449921,0.186465254966617,-0.357823737520786,0.720475225205816,0.995349032638086,"hsa-miR-190a-5p","NS","grey80"
"hsa-miR-190b-5p",28.3720542261871,0.211532226837687,0.661266911539591,0.319889326301218,0.749052229459406,0.995349032638086,"hsa-miR-190b-5p","NS","grey80"
"hsa-miR-191-5p",133262.558859803,-0.0466828236050182,0.0705022691495405,-0.662146398522301,0.50787740238062,0.995349032638086,"hsa-miR-191-5p","NS","grey80"
"hsa-miR-1910-3p",7.97140098089687,-0.434818891314026,1.1851020356279,-0.366904180603866,0.713690492941412,0.995349032638086,"hsa-miR-1910-3p","NS","grey80"
"hsa-miR-1911-5p",20.5098203237412,-0.722511460494363,0.651023912514108,-1.10980786819978,0.267081828043048,0.995349032638086,"hsa-miR-1911-5p","NS","grey80"
"hsa-miR-1912-5p",5.6752419773666,-0.805222337390879,1.76032777144352,-0.457427503248769,0.647363799628363,0.995349032638086,"hsa-miR-1912-5p","NS","grey80"
"hsa-miR-1913",11.6592398066211,0.746325218096416,0.8680881248794,0.859734394132047,0.389935470872437,0.995349032638086,"hsa-miR-1913","NS","grey80"
"hsa-miR-1915-3p",10.3954942254638,-0.829400944808199,0.906153034205798,-0.915298976552158,0.360034696257453,0.995349032638086,"hsa-miR-1915-3p","NS","grey80"
"hsa-miR-192-5p",1850.87399442865,0.0717112693250761,0.0952972892679821,0.752500620698868,0.451750056729273,0.995349032638086,"hsa-miR-192-5p","NS","grey80"
"hsa-miR-193a-5p",279.562116978375,-0.175762838294176,0.182008012970774,-0.965687364118409,0.334200644234485,0.995349032638086,"hsa-miR-193a-5p","NS","grey80"
"hsa-miR-193b-5p",6.0766016587816,0.554884867585643,1.44418287324363,0.384220639827542,0.700814921840144,0.995349032638086,"hsa-miR-193b-5p","NS","grey80"
"hsa-miR-193b-3p",209.135996750618,0.0420347886868752,0.199136103933693,0.211085724067754,0.832820379800112,0.995349032638086,"hsa-miR-193b-3p","NS","grey80"
"hsa-miR-195-5p",7459.23203652105,-0.0390466082357779,0.0621902565275423,-0.627857327111769,0.53009740769111,0.995349032638086,"hsa-miR-195-5p","NS","grey80"
"hsa-miR-1973",57.3404455749815,0.575550420865285,0.924083557913627,0.622833742616034,0.533393782130986,0.995349032638086,"hsa-miR-1973","NS","grey80"
"hsa-miR-199b-5p",36524.3457959273,0.0260509902952095,0.0674226886818368,0.386383142003464,0.699212933334062,0.995349032638086,"hsa-miR-199b-5p","NS","grey80"
"hsa-miR-19a-3p",2501.56378061369,-0.0738046126991535,0.0929437760663264,-0.794078052590473,0.427149993633356,0.995349032638086,"hsa-miR-19a-3p","NS","grey80"
"hsa-miR-19b-1-5p",10.5914169787758,0.953354644607239,1.37476212738302,0.693468801342406,0.48801539828911,0.995349032638086,"hsa-miR-19b-1-5p","NS","grey80"
"hsa-miR-200a-3p",26.0234461303236,0.483290323873854,0.679199256403417,0.711558970828434,0.476737921528548,0.995349032638086,"hsa-miR-200a-3p","NS","grey80"
"hsa-miR-203b-3p",15.0220326436059,0.501468386897853,0.82726273962283,0.606177895944504,0.544396629141828,0.995349032638086,"hsa-miR-203b-3p","NS","grey80"
"hsa-miR-204-5p",7.91356747585142,-0.727457164974974,0.93658324648835,-0.776713834784597,0.437327622674945,0.995349032638086,"hsa-miR-204-5p","NS","grey80"
"hsa-miR-20a-5p",12979.4168767551,-0.0541191422412321,0.0639404567168815,-0.846399056560753,0.39733016462781,0.995349032638086,"hsa-miR-20a-5p","NS","grey80"
"hsa-miR-20a-3p",862.057144057402,0.0555853198033497,0.147898773800627,0.375833540569314,0.707040650988367,0.995349032638086,"hsa-miR-20a-3p","NS","grey80"
"hsa-miR-20b-5p",543.528387213211,0.0562112410350904,0.151251296764942,0.371641382502972,0.710159873654392,0.995349032638086,"hsa-miR-20b-5p","NS","grey80"
"hsa-miR-20b-3p",96.9005451033198,0.344395897329756,0.362769775114202,0.949351133846083,0.342442054877883,0.995349032638086,"hsa-miR-20b-3p","NS","grey80"
"hsa-miR-212-5p",436.582194299007,0.0976927995640637,0.172107688615138,0.567626004103289,0.57028894594218,0.995349032638086,"hsa-miR-212-5p","NS","grey80"
"hsa-miR-212-3p",43.4964915692707,0.38944226120141,0.440575471599338,0.883939951962581,0.37672862883365,0.995349032638086,"hsa-miR-212-3p","NS","grey80"
"hsa-miR-214-5p",4167.3395899619,0.0261467717150164,0.0809086763545828,0.323164002837323,0.74657104104358,0.995349032638086,"hsa-miR-214-5p","NS","grey80"
"hsa-miR-214-3p",41311.897721834,-0.0134160978021175,0.063437151137991,-0.211486448578598,0.832507705547647,0.995349032638086,"hsa-miR-214-3p","NS","grey80"
"hsa-miR-215-5p",179.449664189868,-0.0974299576430109,0.274226984016555,-0.355289462094398,0.722372749204374,0.995349032638086,"hsa-miR-215-5p","NS","grey80"
"hsa-miR-218-2-3p",19.8293521396046,-0.268353171521699,0.730964789224998,-0.367121885318469,0.713528103243877,0.995349032638086,"hsa-miR-218-2-3p","NS","grey80"
"hsa-miR-219a-1-3p",35.0984563718363,0.15385155929533,0.553639252644513,0.2778913499367,0.78109576423477,0.995349032638086,"hsa-miR-219a-1-3p","NS","grey80"
"hsa-miR-219b-3p",10.6565572842223,-1.29488055811169,1.34034268075689,-0.966081716789372,0.334003292461294,0.995349032638086,"hsa-miR-219b-3p","|log2FC| > 1","darkgreen"
"hsa-miR-22-3p",6065.94014958569,-0.0822224483632243,0.095315405576317,-0.862635456105682,0.388337929688958,0.995349032638086,"hsa-miR-22-3p","NS","grey80"
"hsa-miR-221-5p",11.4234859481835,-0.659445546692714,1.06527423042161,-0.619038298177665,0.53589112926831,0.995349032638086,"hsa-miR-221-5p","NS","grey80"
"hsa-miR-221-3p",129.61563005357,0.133169345820374,0.287310502181223,0.46350323016169,0.643003700046733,0.995349032638086,"hsa-miR-221-3p","NS","grey80"
"hsa-miR-2277-5p",170.250328138328,-0.19322011194378,0.29551619328342,-0.653839337184711,0.513215320045521,0.995349032638086,"hsa-miR-2277-5p","NS","grey80"
"hsa-miR-2277-3p",69.2561455093217,0.38959831171739,0.348388736863641,1.11828618578413,0.263444784957687,0.995349032638086,"hsa-miR-2277-3p","NS","grey80"
"hsa-miR-2355-5p",137.477711394528,0.236050891432042,0.250104399733352,0.943809431916059,0.345267039890994,0.995349032638086,"hsa-miR-2355-5p","NS","grey80"
"hsa-miR-2355-3p",969.006450278724,-0.0266053276742331,0.118009890955163,-0.225449981004912,0.821629233062577,0.995349032638086,"hsa-miR-2355-3p","NS","grey80"
"hsa-miR-23a-3p",166086.634747188,-0.0158396375487041,0.0490160231169153,-0.323152237604481,0.7465799507552,0.995349032638086,"hsa-miR-23a-3p","NS","grey80"
"hsa-miR-23b-3p",130611.159806521,0.010604456879476,0.0399971427816247,0.265130360370337,0.790909039788792,0.995349032638086,"hsa-miR-23b-3p","NS","grey80"
"hsa-miR-24-1-5p",1026.20999406035,-0.0601338397274169,0.124917319377376,-0.48138913024344,0.630239960612243,0.995349032638086,"hsa-miR-24-1-5p","NS","grey80"
"hsa-miR-2681-5p",24.9692220554657,0.533858197873844,0.638423492673784,0.836213272224664,0.403034933154385,0.995349032638086,"hsa-miR-2681-5p","NS","grey80"
"hsa-miR-26a-1-3p",41.8085496146751,-0.211739483135041,0.372616200019737,-0.56825087885021,0.569864628090571,0.995349032638086,"hsa-miR-26a-1-3p","NS","grey80"
"hsa-miR-27b-5p",1842.95689083159,0.0745390509622666,0.0941618231972895,0.791605859267307,0.428590529409186,0.995349032638086,"hsa-miR-27b-5p","NS","grey80"
"hsa-miR-27b-3p",333329.491631671,-0.0625307972539588,0.0608370166897402,-1.02784128243593,0.304024493667073,0.995349032638086,"hsa-miR-27b-3p","NS","grey80"
"hsa-miR-28-5p",171.649173803678,-0.154378179945796,0.308503109190679,-0.500410450808061,0.616786096118537,0.995349032638086,"hsa-miR-28-5p","NS","grey80"
"hsa-miR-28-3p",97.3923365051904,0.0870213775501441,0.32554027278425,0.267313708395819,0.789227632916093,0.995349032638086,"hsa-miR-28-3p","NS","grey80"
"hsa-miR-296-5p",207.548031330719,0.138932692850163,0.252625776832,0.54995453984316,0.582350554529363,0.995349032638086,"hsa-miR-296-5p","NS","grey80"
"hsa-miR-296-3p",510.116369996321,0.0955707651486516,0.15192229337046,0.629076635353336,0.529298885947039,0.995349032638086,"hsa-miR-296-3p","NS","grey80"
"hsa-miR-299-5p",46.2057528611567,-0.103655516147223,0.489931746551747,-0.211571340042311,0.832441470486086,0.995349032638086,"hsa-miR-299-5p","NS","grey80"
"hsa-miR-299-3p",53.0529483503989,0.349931958421994,0.426817128287416,0.819863907116566,0.412293694340342,0.995349032638086,"hsa-miR-299-3p","NS","grey80"
"hsa-miR-29a-3p",20267.0900110769,-0.039369684853941,0.0827484809049578,-0.475775318451582,0.63423445541906,0.995349032638086,"hsa-miR-29a-3p","NS","grey80"
"hsa-miR-29b-2-5p",53.4477462616496,0.310091938166605,0.511151970756101,0.606653120612865,0.544081139315493,0.995349032638086,"hsa-miR-29b-2-5p","NS","grey80"
"hsa-miR-29c-3p",811.410794853127,-0.17217464330537,0.147897854340793,-1.1641456468235,0.24436499270562,0.995349032638086,"hsa-miR-29c-3p","NS","grey80"
"hsa-miR-301a-5p",1019.77447869061,-0.129009408378758,0.111531324144362,-1.156710093496,0.247390824490784,0.995349032638086,"hsa-miR-301a-5p","NS","grey80"
"hsa-miR-301a-3p",688.713215796373,0.0828442146395817,0.155865154293524,0.531512094637718,0.595063962366539,0.995349032638086,"hsa-miR-301a-3p","NS","grey80"
"hsa-miR-301b-3p",243.04751413249,-0.139902936066284,0.206218417868874,-0.678421149342939,0.497504703175608,0.995349032638086,"hsa-miR-301b-3p","NS","grey80"
"hsa-miR-302a-5p",10.6210761027636,1.02534245076661,1.0329382798243,0.992646386327187,0.320882310921652,0.995349032638086,"hsa-miR-302a-5p","|log2FC| > 1","darkgreen"
"hsa-miR-3059-5p",61.3764336082496,0.0927153043930777,0.369517625199219,0.25090901778526,0.801884452211821,0.995349032638086,"hsa-miR-3059-5p","NS","grey80"
"hsa-miR-3064-5p",51.0209268828835,-0.30391883267709,0.481891834480542,-0.630678527692217,0.528250741569543,0.995349032638086,"hsa-miR-3064-5p","NS","grey80"
"hsa-miR-3064-3p",12.6795935008951,-0.707753649519915,0.84058119517587,-0.841981302439005,0.399798419407092,0.995349032638086,"hsa-miR-3064-3p","NS","grey80"
"hsa-miR-3074-5p",41.0420173113006,-0.384081684649862,0.623203771212226,-0.616301926258829,0.537695267775294,0.995349032638086,"hsa-miR-3074-5p","NS","grey80"
"hsa-miR-30a-5p",82443.558003194,-0.0803931153313907,0.0709037421255711,-1.13383458928041,0.256863938927588,0.995349032638086,"hsa-miR-30a-5p","NS","grey80"
"hsa-miR-30a-3p",792.645621701467,-0.165981656320947,0.162340841982265,-1.02242697705781,0.306578857777981,0.995349032638086,"hsa-miR-30a-3p","NS","grey80"
"hsa-miR-30b-5p",14048.699427986,0.0493674272832377,0.0604878045315401,0.816155052503122,0.414411460431674,0.995349032638086,"hsa-miR-30b-5p","NS","grey80"
"hsa-miR-30c-1-3p",92.0531484054708,-0.239840596625074,0.34210622280601,-0.701070546621056,0.483258990230081,0.995349032638086,"hsa-miR-30c-1-3p","NS","grey80"
"hsa-miR-30d-5p",285357.650787877,-0.0639611836815095,0.0542977293759961,-1.17797160979968,0.238807924603151,0.995349032638086,"hsa-miR-30d-5p","NS","grey80"
"hsa-miR-30d-3p",75.8201236301313,-0.0693949504038788,0.342433889132305,-0.20265211068834,0.839406956533221,0.995349032638086,"hsa-miR-30d-3p","NS","grey80"
"hsa-miR-3115",27.5755856859611,-0.540600136384405,0.878697790072801,-0.615228742454919,0.538403668671559,0.995349032638086,"hsa-miR-3115","NS","grey80"
"hsa-miR-3125",21.3876392685401,0.660682684719582,0.570335477383921,1.15841063885781,0.24669649961805,0.995349032638086,"hsa-miR-3125","NS","grey80"
"hsa-miR-3126-5p",20.7634480730092,0.585498859444152,0.657922875664126,0.889920203569655,0.373508734672394,0.995349032638086,"hsa-miR-3126-5p","NS","grey80"
"hsa-miR-3127-5p",17.4903809671759,0.276392477921908,0.980427832444747,0.281910069028446,0.778012468583623,0.995349032638086,"hsa-miR-3127-5p","NS","grey80"
"hsa-miR-3127-3p",34.6451056706502,-0.245238477401546,0.517771696479506,-0.473642107262719,0.635755143267374,0.995349032638086,"hsa-miR-3127-3p","NS","grey80"
"hsa-miR-3128",8.05141178685661,-1.4920156746261,2.12161250278825,-0.70324607941614,0.481902407285996,0.995349032638086,"hsa-miR-3128","|log2FC| > 1","darkgreen"
"hsa-miR-3131",8.41343569494406,-1.27860383939446,1.0817062391917,-1.18202502035108,0.237195773231972,0.995349032638086,"hsa-miR-3131","|log2FC| > 1","darkgreen"
"hsa-miR-3143",144.011275216431,0.214774868167732,0.270705166146824,0.793390356101453,0.427550427744872,0.995349032638086,"hsa-miR-3143","NS","grey80"
"hsa-miR-3149",9.59597130201896,-0.966398125382275,1.25812579277696,-0.768125199348484,0.442412807219863,0.995349032638086,"hsa-miR-3149","NS","grey80"
"hsa-miR-3154",33.3723566732777,-0.558271316324464,0.632588193388646,-0.882519342218384,0.377496024691277,0.995349032638086,"hsa-miR-3154","NS","grey80"
"hsa-miR-3174",9.96896781405034,1.0579940466825,1.1873960640427,0.891020341671317,0.372918257497177,0.995349032638086,"hsa-miR-3174","|log2FC| > 1","darkgreen"
"hsa-miR-3176",38.1595394292157,-0.285551161026957,0.52422831810095,-0.544707622933046,0.585954621192137,0.995349032638086,"hsa-miR-3176","NS","grey80"
"hsa-miR-3177-3p",161.741560852706,0.134832300985453,0.291518081981963,0.462517796730688,0.643710042953807,0.995349032638086,"hsa-miR-3177-3p","NS","grey80"
"hsa-miR-3187-3p",76.6944572307342,-0.146331743602915,0.338370305064115,-0.432460358999848,0.665406857328689,0.995349032638086,"hsa-miR-3187-3p","NS","grey80"
"hsa-miR-3188",9.15042708478018,-0.476832129207713,1.45935301292646,-0.326742141883489,0.743862923483203,0.995349032638086,"hsa-miR-3188","NS","grey80"
"hsa-miR-32-3p",673.860701926852,-0.0953986057359291,0.124924899529803,-0.763647648267031,0.445077246298174,0.995349032638086,"hsa-miR-32-3p","NS","grey80"
"hsa-miR-3200-5p",58.2618473344813,0.178076023857414,0.52973780451619,0.336158798445678,0.736751120844736,0.995349032638086,"hsa-miR-3200-5p","NS","grey80"
"hsa-miR-3200-3p",292.25801979377,0.183998235359909,0.165038722256441,1.11487918013573,0.264902199667387,0.995349032638086,"hsa-miR-3200-3p","NS","grey80"
"hsa-miR-323a-5p",19.3663657365401,0.321762903051723,0.997753860242486,0.322487254495336,0.747083591888415,0.995349032638086,"hsa-miR-323a-5p","NS","grey80"
"hsa-miR-324-5p",1518.40260338637,-0.163116551049676,0.142407963836858,-1.14541733941608,0.252036318978311,0.995349032638086,"hsa-miR-324-5p","NS","grey80"
"hsa-miR-324-3p",226.537677362539,0.0450976373827617,0.210764572164933,0.213971622078262,0.830569186980239,0.995349032638086,"hsa-miR-324-3p","NS","grey80"
"hsa-miR-326",54.0962600059794,-0.418702236227574,0.489790755705973,-0.854859409553507,0.39262898400026,0.995349032638086,"hsa-miR-326","NS","grey80"
"hsa-miR-328-3p",2432.6023994338,-0.0457765894479978,0.118885160724688,-0.385048808185626,0.700201254400429,0.995349032638086,"hsa-miR-328-3p","NS","grey80"
"hsa-miR-330-5p",277.526966111055,-0.0740575510375304,0.172891500357716,-0.428346974167637,0.66839852405179,0.995349032638086,"hsa-miR-330-5p","NS","grey80"
"hsa-miR-330-3p",1753.66136123474,-0.0493847039605883,0.10681433519364,-0.462341537501126,0.643836416712446,0.995349032638086,"hsa-miR-330-3p","NS","grey80"
"hsa-miR-331-3p",821.928688907363,-0.077779535715011,0.162597067308281,-0.47835755590562,0.632395737596103,0.995349032638086,"hsa-miR-331-3p","NS","grey80"
"hsa-miR-338-5p",2295.58058065374,-0.049453201176671,0.0823518536190442,-0.600511087527419,0.548165673857951,0.995349032638086,"hsa-miR-338-5p","NS","grey80"
"hsa-miR-338-3p",166.985211404948,-0.182977337039117,0.240474842266026,-0.760900122918876,0.446716725137454,0.995349032638086,"hsa-miR-338-3p","NS","grey80"
"hsa-miR-339-5p",6329.35424851737,0.0257857199298217,0.0777119453014002,0.331811535920426,0.740031572931612,0.995349032638086,"hsa-miR-339-5p","NS","grey80"
"hsa-miR-339-3p",2962.6483242118,-0.0825056536897816,0.0839273931639087,-0.983059887594144,0.325577964786965,0.995349032638086,"hsa-miR-339-3p","NS","grey80"
"hsa-miR-33a-5p",55.2070066240508,-0.151978106467616,0.515344759745003,-0.294905698745858,0.768065918484134,0.995349032638086,"hsa-miR-33a-5p","NS","grey80"
"hsa-miR-342-3p",6035.72313125877,-0.0469955941535325,0.0845595618800606,-0.555769130168758,0.578368691143697,0.995349032638086,"hsa-miR-342-3p","NS","grey80"
"hsa-miR-34a-5p",2033.48490102381,0.0394345229913094,0.116851726120312,0.33747488634192,0.735758940697509,0.995349032638086,"hsa-miR-34a-5p","NS","grey80"
"hsa-miR-34b-3p",26.0949397261939,0.686847815980135,0.66488893790003,1.03302638505231,0.301591551225317,0.995349032638086,"hsa-miR-34b-3p","NS","grey80"
"hsa-miR-34c-3p",6.00508433321977,1.14362410953543,1.52453398887463,0.750146679497529,0.453166368238604,0.995349032638086,"hsa-miR-34c-3p","|log2FC| > 1","darkgreen"
"hsa-miR-3605-3p",142.163502132363,0.201870862038314,0.277616878193567,0.727156300264859,0.467130212865932,0.995349032638086,"hsa-miR-3605-3p","NS","grey80"
"hsa-miR-3609",47.0782384990394,0.321915128534254,0.56876920661768,0.565985508337552,0.571403631864193,0.995349032638086,"hsa-miR-3609","NS","grey80"
"hsa-miR-361-3p",3907.51294559016,0.0272119799699524,0.0857474163551254,0.317350436044081,0.750977711160209,0.995349032638086,"hsa-miR-361-3p","NS","grey80"
"hsa-miR-3611",8.32805290382819,0.252750400329329,0.984383898902888,0.256759990295477,0.797364057916036,0.995349032638086,"hsa-miR-3611","NS","grey80"
"hsa-miR-3615",670.204447594144,0.0557221704359265,0.123843882503575,0.449938820630223,0.65275455480776,0.995349032638086,"hsa-miR-3615","NS","grey80"
"hsa-miR-3619-5p",9.90184440975449,1.08443684176857,1.09790725447687,0.987730828215794,0.323284492195133,0.995349032638086,"hsa-miR-3619-5p","|log2FC| > 1","darkgreen"
"hsa-miR-3620-3p",6.65971588456524,-1.03460881509927,1.27110883212736,-0.813941960711359,0.41567820095395,0.995349032638086,"hsa-miR-3620-3p","|log2FC| > 1","darkgreen"
"hsa-miR-363-5p",42.0928458965832,0.264506255416596,0.545026377235085,0.485309090467208,0.627457108108307,0.995349032638086,"hsa-miR-363-5p","NS","grey80"
"hsa-miR-365a-3p",503.292996446851,-0.105173686847345,0.147223466681796,-0.714381268270665,0.474991451651369,0.995349032638086,"hsa-miR-365a-3p","NS","grey80"
"hsa-miR-365b-3p",503.292996446851,-0.105173686847345,0.147223466681796,-0.714381268270665,0.474991451651369,0.995349032638086,"hsa-miR-365b-3p","NS","grey80"
"hsa-miR-3661",12.5694269278508,-0.777018727954125,0.971903185003365,-0.799481614983528,0.42401120296008,0.995349032638086,"hsa-miR-3661","NS","grey80"
"hsa-miR-3684",13.3314583012898,0.23456038775497,0.68489927584389,0.342474282026301,0.73199399510845,0.995349032638086,"hsa-miR-3684","NS","grey80"
"hsa-miR-3685",5.62103740864069,0.677979642908486,1.15312268254291,0.587951007444743,0.55656517791592,0.995349032638086,"hsa-miR-3685","NS","grey80"
"hsa-miR-3691-5p",13.0224152614182,-1.05275631824949,0.987402329459688,-1.06618780089932,0.286338755590564,0.995349032638086,"hsa-miR-3691-5p","|log2FC| > 1","darkgreen"
"hsa-miR-370-5p",42.0441675710795,0.282660562041844,0.591887783446705,0.477557689053562,0.632965051615445,0.995349032638086,"hsa-miR-370-5p","NS","grey80"
"hsa-miR-374c-5p",478.760868515519,-0.113072509587043,0.189169890164747,-0.597729953157815,0.550020135868826,0.995349032638086,"hsa-miR-374c-5p","NS","grey80"
"hsa-miR-376a-5p",60.9779686522103,0.449492839012929,0.465739836412779,0.965115723136359,0.334486852491375,0.995349032638086,"hsa-miR-376a-5p","NS","grey80"
"hsa-miR-376b-5p",16.8254783825141,0.526798795903601,0.979331492618489,0.537916731846407,0.590634536533418,0.995349032638086,"hsa-miR-376b-5p","NS","grey80"
"hsa-miR-376b-3p",46.2194225363336,-0.260409031067948,0.487402496466492,-0.534279231140233,0.593148359172146,0.995349032638086,"hsa-miR-376b-3p","NS","grey80"
"hsa-miR-376c-5p",16.7826750805673,0.546649806303978,1.01138409550111,0.540496739800053,0.588854508736549,0.995349032638086,"hsa-miR-376c-5p","NS","grey80"
"hsa-miR-376c-3p",1366.28025923801,-0.0233896068423345,0.0830807587619283,-0.281528565589518,0.778305021517206,0.995349032638086,"hsa-miR-376c-3p","NS","grey80"
"hsa-miR-378a-5p",45.8525859944684,-0.409201476531139,0.539958581596684,-0.757838638884319,0.448547587936642,0.995349032638086,"hsa-miR-378a-5p","NS","grey80"
"hsa-miR-378a-3p",2407.88113097501,0.0534984673837707,0.0905071545348641,0.591096556495571,0.554455726993071,0.995349032638086,"hsa-miR-378a-3p","NS","grey80"
"hsa-miR-379-5p",2034.52914161626,0.053065565209779,0.0853460665689375,0.621769313374458,0.53409356705305,0.995349032638086,"hsa-miR-379-5p","NS","grey80"
"hsa-miR-380-3p",45.0849004891483,-0.380938719394644,0.630820595070797,-0.603878063543393,0.545924714162055,0.995349032638086,"hsa-miR-380-3p","NS","grey80"
"hsa-miR-381-5p",7.15323830430003,-0.858922923264492,1.5788856024464,-0.544005798731483,0.586437482500484,0.995349032638086,"hsa-miR-381-5p","NS","grey80"
"hsa-miR-382-5p",740.609487123373,0.0303574422130428,0.129906481127963,0.233686894983627,0.815228062384039,0.995349032638086,"hsa-miR-382-5p","NS","grey80"
"hsa-miR-382-3p",1056.55669102181,0.103587726976331,0.13113905360639,0.789907538049241,0.429581768777571,0.995349032638086,"hsa-miR-382-3p","NS","grey80"
"hsa-miR-3907",3.68546533462824,1.76912196638159,3.17614281493657,0.557003280224639,0.577525188026826,0.995349032638086,"hsa-miR-3907","|log2FC| > 1","darkgreen"
"hsa-miR-3911",11.1659440189865,1.09206560914577,1.13869090872803,0.959053594592812,0.337531746436138,0.995349032638086,"hsa-miR-3911","|log2FC| > 1","darkgreen"
"hsa-miR-3916",14.9288489980154,-0.351132412962643,0.773490214293234,-0.453958442491073,0.649858738153287,0.995349032638086,"hsa-miR-3916","NS","grey80"
"hsa-miR-3928-3p",63.95378109766,-0.224413756744607,0.409952692880908,-0.547413788570477,0.58409448440765,0.995349032638086,"hsa-miR-3928-3p","NS","grey80"
"hsa-miR-3929",61.0598787470251,0.29247288496998,0.412942949970621,0.708264628299837,0.478780938562331,0.995349032638086,"hsa-miR-3929","NS","grey80"
"hsa-miR-3934-5p",6.51514522940401,0.876609846651729,1.81452721573272,0.483106474816774,0.629020136928633,0.995349032638086,"hsa-miR-3934-5p","NS","grey80"
"hsa-miR-3935",6.54394119214637,-0.375580078820814,1.68330422053423,-0.223120737320802,0.823441539098381,0.995349032638086,"hsa-miR-3935","NS","grey80"
"hsa-miR-3938",28.787053124545,0.401114802187581,0.64475941102068,0.622115467151693,0.533865945226795,0.995349032638086,"hsa-miR-3938","NS","grey80"
"hsa-miR-3939",11.6816071069901,0.287242000594494,0.876865471070161,0.327578186245528,0.743230617510389,0.995349032638086,"hsa-miR-3939","NS","grey80"
"hsa-miR-3940-3p",82.7849729613035,-0.263484485670864,0.279090772266028,-0.944081681854072,0.345127909358665,0.995349032638086,"hsa-miR-3940-3p","NS","grey80"
"hsa-miR-3942-5p",12.2271784339351,0.751408082470631,0.921506094610266,0.815413036186619,0.414835924802018,0.995349032638086,"hsa-miR-3942-5p","NS","grey80"
"hsa-miR-409-5p",744.383379449661,-0.0828116357573491,0.135303800550934,-0.612042199998478,0.540509837545049,0.995349032638086,"hsa-miR-409-5p","NS","grey80"
"hsa-miR-409-3p",3746.59928211953,-0.0311233401826716,0.0763924644661416,-0.407413746894707,0.683704132061219,0.995349032638086,"hsa-miR-409-3p","NS","grey80"
"hsa-miR-412-5p",249.571947133637,0.207399746963538,0.22496892598802,0.921903974305246,0.356578665930946,0.995349032638086,"hsa-miR-412-5p","NS","grey80"
"hsa-miR-412-3p",13.6698860546266,-0.488823692340319,0.916422259162834,-0.533404429511421,0.593753651922197,0.995349032638086,"hsa-miR-412-3p","NS","grey80"
"hsa-miR-423-5p",12427.2295628538,0.0467058271092114,0.095329635196327,0.489940268973262,0.624176166605628,0.995349032638086,"hsa-miR-423-5p","NS","grey80"
"hsa-miR-424-5p",409.425620091019,-0.0512186973269153,0.191504202610021,-0.267454690961624,0.789119095199882,0.995349032638086,"hsa-miR-424-5p","NS","grey80"
"hsa-miR-425-5p",48767.1184444536,-0.0331428234450805,0.0687024348382729,-0.482411191438841,0.629513872496881,0.995349032638086,"hsa-miR-425-5p","NS","grey80"
"hsa-miR-425-3p",1568.10288831381,-0.0392202917076164,0.0965797060421307,-0.406092473407482,0.684674655791473,0.995349032638086,"hsa-miR-425-3p","NS","grey80"
"hsa-miR-4254",8.48227105519186,-0.279826846078608,1.28210935119128,-0.218255054312337,0.827230391714066,0.995349032638086,"hsa-miR-4254","NS","grey80"
"hsa-miR-429",18.3737364960766,-0.828418910837503,0.725715730348218,-1.14151984888078,0.253653656872894,0.995349032638086,"hsa-miR-429","NS","grey80"
"hsa-miR-4421",172.445561821333,-0.310665425147268,0.273563194593725,-1.13562581256095,0.256113201144535,0.995349032638086,"hsa-miR-4421","NS","grey80"
"hsa-miR-4422",6.98850994435822,-1.14230098227192,1.72673829444193,-0.661536832737646,0.508268101735875,0.995349032638086,"hsa-miR-4422","|log2FC| > 1","darkgreen"
"hsa-miR-4440",20.0414067680517,0.188990266698586,0.675186470260442,0.279908255012405,0.779547893701428,0.995349032638086,"hsa-miR-4440","NS","grey80"
"hsa-miR-4449",8.46525377392228,-0.688712384625547,0.9149035789424,-0.752770456337789,0.451587862989044,0.995349032638086,"hsa-miR-4449","NS","grey80"
"hsa-miR-4466",7.89894717337412,-1.01322907492213,1.25254149360957,-0.80893853025356,0.418550504749011,0.995349032638086,"hsa-miR-4466","|log2FC| > 1","darkgreen"
"hsa-miR-4473",27.2719462140469,0.703208442860591,0.627859136511698,1.1200098907018,0.262709547302021,0.995349032638086,"hsa-miR-4473","NS","grey80"
"hsa-miR-4477a",8.95538547900822,-0.744920022285106,1.33635531360938,-0.557426617531189,0.577235983637145,0.995349032638086,"hsa-miR-4477a","NS","grey80"
"hsa-miR-4477b",33.9558122562017,0.445165668058366,0.723087778811805,0.615645404476166,0.538128577482377,0.995349032638086,"hsa-miR-4477b","NS","grey80"
"hsa-miR-4484",9.95684474851314,0.247076408837013,1.0947267178296,0.225696883809381,0.82143718191825,0.995349032638086,"hsa-miR-4484","NS","grey80"
"hsa-miR-4485-3p",2471.63975744793,-0.126054962875457,0.590429307748779,-0.213497130344167,0.830939227178717,0.995349032638086,"hsa-miR-4485-3p","NS","grey80"
"hsa-miR-4488",10.3976536484418,-0.744942686121804,1.23894884683231,-0.601269929768645,0.547660214399021,0.995349032638086,"hsa-miR-4488","NS","grey80"
"hsa-miR-4492",7.90939559861534,0.672065721132895,1.6395428583755,0.409910431861961,0.681871652652135,0.995349032638086,"hsa-miR-4492","NS","grey80"
"hsa-miR-4498",16.6287182208434,0.481497709227856,0.848894782941565,0.567205405079042,0.570574636224423,0.995349032638086,"hsa-miR-4498","NS","grey80"
"hsa-miR-449a",11.7139642546215,0.798239753567201,1.08367097063329,0.7366071207949,0.461361303374064,0.995349032638086,"hsa-miR-449a","NS","grey80"
"hsa-miR-449c-5p",12.3178718354915,0.636822976218559,1.0161878807832,0.626678381292785,0.5308700777119,0.995349032638086,"hsa-miR-449c-5p","NS","grey80"
"hsa-miR-4501",25.2918273320612,-0.15677825765274,0.586046646934065,-0.267518393754036,0.789070053913598,0.995349032638086,"hsa-miR-4501","NS","grey80"
"hsa-miR-450a-1-3p",76.902883707776,-0.0942907907165474,0.344958792804299,-0.273339287716143,0.784592417542096,0.995349032638086,"hsa-miR-450a-1-3p","NS","grey80"
"hsa-miR-450a-2-3p",143.85703594212,0.172130281381161,0.27670172328183,0.6220788195303,0.533890041441092,0.995349032638086,"hsa-miR-450a-2-3p","NS","grey80"
"hsa-miR-4517",107.627541255225,-0.123830913580019,0.368625964142551,-0.335925641776367,0.736926940201615,0.995349032638086,"hsa-miR-4517","NS","grey80"
"hsa-miR-451a",8.03170609737985,-0.956649985453594,1.11677735777189,-0.856616566226082,0.391656827193116,0.995349032638086,"hsa-miR-451a","NS","grey80"
"hsa-miR-454-5p",779.336738405017,-0.0384475286932049,0.117818295159324,-0.32632901911552,0.744175434807456,0.995349032638086,"hsa-miR-454-5p","NS","grey80"
"hsa-miR-4638-3p",9.70730978689615,-0.28981000844717,1.10534905583292,-0.262188678696421,0.793175981266863,0.995349032638086,"hsa-miR-4638-3p","NS","grey80"
"hsa-miR-4660",19.8161771162215,-0.278576425726139,0.900492892353695,-0.309359938419947,0.757047741177629,0.995349032638086,"hsa-miR-4660","NS","grey80"
"hsa-miR-4661-5p",4.05882768204014,-0.885711327478007,2.16392425272945,-0.409307916559843,0.68231370656954,0.995349032638086,"hsa-miR-4661-5p","NS","grey80"
"hsa-miR-4677-5p",5.96757434475406,-1.31170102187192,1.43204374994568,-0.915964349498172,0.359685593721713,0.995349032638086,"hsa-miR-4677-5p","|log2FC| > 1","darkgreen"
"hsa-miR-4677-3p",131.46714378846,0.0812009939150067,0.319222974318783,0.254370770425558,0.799209130267521,0.995349032638086,"hsa-miR-4677-3p","NS","grey80"
"hsa-miR-4717-3p",6.84671834380709,1.47097203507823,1.40338243861193,1.04816192265677,0.294564010605431,0.995349032638086,"hsa-miR-4717-3p","|log2FC| > 1","darkgreen"
"hsa-miR-4742-5p",22.9287494127761,0.399690095444995,0.663316955318347,0.60256276014107,0.546799600353578,0.995349032638086,"hsa-miR-4742-5p","NS","grey80"
"hsa-miR-4745-5p",9.50125460791826,-0.59003326299739,0.971434719733404,-0.607383338284755,0.543596543226263,0.995349032638086,"hsa-miR-4745-5p","NS","grey80"
"hsa-miR-4746-5p",42.5161569092754,-0.14023030583054,0.550579068647533,-0.254696035167134,0.798957878760649,0.995349032638086,"hsa-miR-4746-5p","NS","grey80"
"hsa-miR-4755-5p",6.82825555098195,-0.56480463167759,1.0554607195099,-0.535126150350583,0.592562628283867,0.995349032638086,"hsa-miR-4755-5p","NS","grey80"
"hsa-miR-4762-5p",8.9118573834307,0.525545946044079,1.36002214714657,0.386424549884511,0.699182271278733,0.995349032638086,"hsa-miR-4762-5p","NS","grey80"
"hsa-miR-4781-3p",16.4055969049143,-0.787375293531458,0.688287251382197,-1.14396321005551,0.252638894729186,0.995349032638086,"hsa-miR-4781-3p","NS","grey80"
"hsa-miR-4787-3p",15.8872739402335,0.807766182741963,0.822137566262536,0.982519490520418,0.325843985733363,0.995349032638086,"hsa-miR-4787-3p","NS","grey80"
"hsa-miR-4791",20.9246114763619,0.420021168637486,0.706271524415472,0.594702114013595,0.552042608490897,0.995349032638086,"hsa-miR-4791","NS","grey80"
"hsa-miR-4804-3p",7.57584970373688,0.683887866956927,1.29145375909846,0.529548860839074,0.596424758946693,0.995349032638086,"hsa-miR-4804-3p","NS","grey80"
"hsa-miR-484",6278.88433095453,0.0707618689054127,0.0657837088186014,1.07567466438444,0.28207278214098,0.995349032638086,"hsa-miR-484","NS","grey80"
"hsa-miR-485-3p",804.036086126292,0.12549875394502,0.133101115796386,0.94288280901419,0.345740848935399,0.995349032638086,"hsa-miR-485-3p","NS","grey80"
"hsa-miR-487b-5p",17.5278198404263,0.322882517277908,0.769789123386639,0.419442815530318,0.674892538683159,0.995349032638086,"hsa-miR-487b-5p","NS","grey80"
"hsa-miR-488-5p",72.6762452686052,-0.408432082399249,0.347198538706659,-1.17636463540627,0.239449197258364,0.995349032638086,"hsa-miR-488-5p","NS","grey80"
"hsa-miR-490-5p",44.4487522749848,-0.294021884008393,0.409059055837633,-0.718776127340153,0.472278868955754,0.995349032638086,"hsa-miR-490-5p","NS","grey80"
"hsa-miR-491-5p",8.9838507580429,1.07865052737018,1.12622248753703,0.957759713828052,0.338183937988257,0.995349032638086,"hsa-miR-491-5p","|log2FC| > 1","darkgreen"
"hsa-miR-491-3p",16.8292219888168,-0.426210875254346,0.797242969417558,-0.534606000433874,0.592922333499803,0.995349032638086,"hsa-miR-491-3p","NS","grey80"
"hsa-miR-495-3p",3368.46657838189,0.022271285915075,0.0660268778340475,0.3373063613738,0.735885964735916,0.995349032638086,"hsa-miR-495-3p","NS","grey80"
"hsa-miR-496",64.0978127657201,0.196558733041372,0.42332335404332,0.464322913356813,0.642416409964985,0.995349032638086,"hsa-miR-496","NS","grey80"
"hsa-miR-499a-5p",329.822429258922,0.148969962218182,0.206774130159673,0.720447776049867,0.471249343162378,0.995349032638086,"hsa-miR-499a-5p","NS","grey80"
"hsa-miR-5002-3p",8.61341042118213,1.11877598017082,1.40245071020521,0.797729269221252,0.425027614779262,0.995349032638086,"hsa-miR-5002-3p","|log2FC| > 1","darkgreen"
"hsa-miR-500a-5p",474.867584611935,0.0612395303575721,0.139502578882797,0.438984933812748,0.660672453144854,0.995349032638086,"hsa-miR-500a-5p","NS","grey80"
"hsa-miR-500a-3p",5040.27526100482,-0.0240540279162746,0.0743809556816427,-0.323389605522522,0.746400200586505,0.995349032638086,"hsa-miR-500a-3p","NS","grey80"
"hsa-miR-500b-5p",179.337351913293,-0.100197844388199,0.21131875922737,-0.474154991040765,0.635389386703018,0.995349032638086,"hsa-miR-500b-5p","NS","grey80"
"hsa-miR-500b-3p",27.216595665507,0.253233743924207,0.585162558492311,0.432757940932981,0.665190631600788,0.995349032638086,"hsa-miR-500b-3p","NS","grey80"
"hsa-miR-501-3p",5545.58208277182,-0.0748561656851574,0.0722351463830022,-1.0362845433753,0.30006941491127,0.995349032638086,"hsa-miR-501-3p","NS","grey80"
"hsa-miR-502-5p",239.766505982741,-0.098277784407678,0.206535955317763,-0.475838622173433,0.634189352064008,0.995349032638086,"hsa-miR-502-5p","NS","grey80"
"hsa-miR-502-3p",4811.33872558698,0.0357945076059314,0.0597471782378701,0.599099550164923,0.549106501634738,0.995349032638086,"hsa-miR-502-3p","NS","grey80"
"hsa-miR-503-5p",697.625262437418,-0.0358076850120557,0.139073625387111,-0.257472866709164,0.796813758638489,0.995349032638086,"hsa-miR-503-5p","NS","grey80"
"hsa-miR-505-3p",6452.22122754264,0.0332456655418827,0.0623902251844337,0.532866573948148,0.594125945213639,0.995349032638086,"hsa-miR-505-3p","NS","grey80"
"hsa-miR-5094",87.6639118587356,-0.114088717924251,0.308993258647051,-0.369227207168846,0.711958378011304,0.995349032638086,"hsa-miR-5094","NS","grey80"
"hsa-miR-532-5p",13888.0381364742,-0.0552132766882639,0.085435059379329,-0.646260178074187,0.518110872740853,0.995349032638086,"hsa-miR-532-5p","NS","grey80"
"hsa-miR-539-5p",61.5262886571272,0.120765849537997,0.511685640254377,0.236015709719663,0.813420479900775,0.995349032638086,"hsa-miR-539-5p","NS","grey80"
"hsa-miR-541-3p",7.96591261490438,-0.555010243434981,1.5804130751618,-0.351180493351816,0.725452943382101,0.995349032638086,"hsa-miR-541-3p","NS","grey80"
"hsa-miR-542-5p",8.71582692667708,1.19184364577524,1.17645044561031,1.01308444416199,0.311019827852658,0.995349032638086,"hsa-miR-542-5p","|log2FC| > 1","darkgreen"
"hsa-miR-543",3668.16578022476,-0.0416654491434781,0.0820751689211721,-0.507649873782107,0.611698907622287,0.995349032638086,"hsa-miR-543","NS","grey80"
"hsa-miR-548a-5p",7.15756134466677,0.679550719118548,1.68763027718807,0.402665636131401,0.687194217060963,0.995349032638086,"hsa-miR-548a-5p","NS","grey80"
"hsa-miR-548ab",9.02612933210089,-0.728046591149935,1.33263987179024,-0.546319081817577,0.58484662176566,0.995349032638086,"hsa-miR-548ab","NS","grey80"
"hsa-miR-548ad-5p",15.7174393743414,1.00092848018681,1.07309014677744,0.932753397459346,0.350947307892974,0.995349032638086,"hsa-miR-548ad-5p","|log2FC| > 1","darkgreen"
"hsa-miR-548ae-5p",20.5658382643081,0.670456091270752,0.792074927595038,0.846455389399138,0.397298750215902,0.995349032638086,"hsa-miR-548ae-5p","NS","grey80"
"hsa-miR-548ah-3p",8.22348524569373,-0.63935411403222,1.09344193634097,-0.584717023175203,0.558738005752515,0.995349032638086,"hsa-miR-548ah-3p","NS","grey80"
"hsa-miR-548ai",7.35410256947112,-0.548309108821544,1.54552281884367,-0.354772574132408,0.722759976275784,0.995349032638086,"hsa-miR-548ai","NS","grey80"
"hsa-miR-548al",15.1957823470041,0.755871217664817,1.10032523783207,0.686952540645236,0.492112636069251,0.995349032638086,"hsa-miR-548al","NS","grey80"
"hsa-miR-548am-5p",15.4283404197355,-0.5143852451816,0.694818462836181,-0.7403160288544,0.459108257218031,0.995349032638086,"hsa-miR-548am-5p","NS","grey80"
"hsa-miR-548ar-3p",15.1259131835539,-0.409531954713589,0.840555439011649,-0.487215876201014,0.62610535561618,0.995349032638086,"hsa-miR-548ar-3p","NS","grey80"
"hsa-miR-548au-5p",12.859438014673,-0.585322050342485,0.966356760808876,-0.605699751976226,0.54471414875435,0.995349032638086,"hsa-miR-548au-5p","NS","grey80"
"hsa-miR-548ay-5p",30.0609256607643,0.517117663882408,0.670219309989306,0.771564853735204,0.440372197263329,0.995349032638086,"hsa-miR-548ay-5p","NS","grey80"
"hsa-miR-548ay-3p",38.879407211263,-0.317747397216683,0.48017659128536,-0.661730294611242,0.508144085856416,0.995349032638086,"hsa-miR-548ay-3p","NS","grey80"
"hsa-miR-548b-5p",22.2710460549429,-0.64106080373,0.617307269572713,-1.0384792717146,0.299046980637393,0.995349032638086,"hsa-miR-548b-5p","NS","grey80"
"hsa-miR-548b-3p",8.72563798528934,0.3302102423735,1.08148539815972,0.305330282716154,0.760114614145297,0.995349032638086,"hsa-miR-548b-3p","NS","grey80"
"hsa-miR-548ba",16.475932612562,-0.842824121509632,0.997558711259054,-0.844886733980673,0.39817408196463,0.995349032638086,"hsa-miR-548ba","NS","grey80"
"hsa-miR-548c-5p",43.1929363989295,-0.345429918749768,0.421289895353501,-0.819934023007888,0.412253719872186,0.995349032638086,"hsa-miR-548c-5p","NS","grey80"
"hsa-miR-548e-3p",337.761654876862,-0.0388146753302098,0.165870774040798,-0.234005511547579,0.814980699850937,0.995349032638086,"hsa-miR-548e-3p","NS","grey80"
"hsa-miR-548j-5p",41.2556954434687,0.516568130466419,0.709730542044386,0.727836974548735,0.466713387702994,0.995349032638086,"hsa-miR-548j-5p","NS","grey80"
"hsa-miR-548k",312.582595131754,-0.141645279616569,0.215542081722137,-0.657158353880838,0.511079100753723,0.995349032638086,"hsa-miR-548k","NS","grey80"
"hsa-miR-548l",34.6666810342462,-0.529677324017355,0.626103493268844,-0.845990047511068,0.397558296378872,0.995349032638086,"hsa-miR-548l","NS","grey80"
"hsa-miR-548n",60.8749329810579,-0.204961906895756,0.449374392173022,-0.456104999451861,0.648314475257357,0.995349032638086,"hsa-miR-548n","NS","grey80"
"hsa-miR-548o-5p",43.1929363989295,-0.345429918749768,0.421289895353501,-0.819934023007888,0.412253719872186,0.995349032638086,"hsa-miR-548o-5p","NS","grey80"
"hsa-miR-548p",24.9981616432675,-0.172277809090377,0.61542252172274,-0.279934196441371,0.77952799067174,0.995349032638086,"hsa-miR-548p","NS","grey80"
"hsa-miR-548t-3p",172.447315169232,-0.0777905202420598,0.207442799213385,-0.374997447667687,0.707662364851004,0.995349032638086,"hsa-miR-548t-3p","NS","grey80"
"hsa-miR-548u",10.0503133433794,0.678502489482025,1.16714819275879,0.581333624720137,0.561015622779431,0.995349032638086,"hsa-miR-548u","NS","grey80"
"hsa-miR-548v",6.8806826802421,-1.51684952522459,1.38329313410761,-1.0965495944597,0.272838332186008,0.995349032638086,"hsa-miR-548v","|log2FC| > 1","darkgreen"
"hsa-miR-551a",14.0036256462366,-0.20199873711796,0.719570484259082,-0.280721265722776,0.778924196670635,0.995349032638086,"hsa-miR-551a","NS","grey80"
"hsa-miR-556-3p",30.0133445882911,0.628907170653396,0.676824948251844,0.929202110941368,0.352784353669645,0.995349032638086,"hsa-miR-556-3p","NS","grey80"
"hsa-miR-5579-5p",41.9091208667606,-0.191853440854543,0.37141400392489,-0.516548753754964,0.605471197039484,0.995349032638086,"hsa-miR-5579-5p","NS","grey80"
"hsa-miR-5579-3p",33.8008733663014,0.585293967416564,0.524536456492745,1.11583086394045,0.264494539833695,0.995349032638086,"hsa-miR-5579-3p","NS","grey80"
"hsa-miR-5585-3p",8.59841702566873,0.700262186099469,1.59570653422362,0.438841460557267,0.66077641612693,0.995349032638086,"hsa-miR-5585-3p","NS","grey80"
"hsa-miR-5699-5p",8.07457597696433,0.888086358578176,1.25286984781793,0.708841672680459,0.478422734067971,0.995349032638086,"hsa-miR-5699-5p","NS","grey80"
"hsa-miR-570-5p",7.35410256947112,-0.548309108821544,1.54552281884367,-0.354772574132408,0.722759976275784,0.995349032638086,"hsa-miR-570-5p","NS","grey80"
"hsa-miR-574-5p",750.476189051938,-0.129102074266022,0.176943200175303,-0.729624388719749,0.465619810281728,0.995349032638086,"hsa-miR-574-5p","NS","grey80"
"hsa-miR-576-5p",162.198798582424,0.24956440212524,0.238291191038648,1.04730855151403,0.294957293286092,0.995349032638086,"hsa-miR-576-5p","NS","grey80"
"hsa-miR-576-3p",255.578845089985,0.158644715850545,0.171839837292486,0.923212674954514,0.355896384820218,0.995349032638086,"hsa-miR-576-3p","NS","grey80"
"hsa-miR-579-3p",19.7164955888034,-0.627539018676094,0.677664105351311,-0.926032548751817,0.354429065354737,0.995349032638086,"hsa-miR-579-3p","NS","grey80"
"hsa-miR-580-3p",5.43267514864546,0.738880507910634,1.77821815481272,0.415517357030051,0.677763211593302,0.995349032638086,"hsa-miR-580-3p","NS","grey80"
"hsa-miR-582-5p",239.651402466806,0.0684432490826077,0.197058413175177,0.34732467383549,0.728347416188561,0.995349032638086,"hsa-miR-582-5p","NS","grey80"
"hsa-miR-585-3p",89.399202751568,0.259402933286287,0.293275747972902,0.884501821508455,0.376425379589784,0.995349032638086,"hsa-miR-585-3p","NS","grey80"
"hsa-miR-590-5p",25.1052280767936,0.647695156100541,0.753130597696392,0.860003773690317,0.389786962311171,0.995349032638086,"hsa-miR-590-5p","NS","grey80"
"hsa-miR-592",187.67524653668,0.0918410746909278,0.245409575011494,0.374235906185104,0.708228812375413,0.995349032638086,"hsa-miR-592","NS","grey80"
"hsa-miR-597-3p",22.8063173652174,0.196985149407767,0.694356021096763,0.283694737890543,0.776644327682013,0.995349032638086,"hsa-miR-597-3p","NS","grey80"
"hsa-miR-605-5p",7.1923159728749,-0.790594884513621,1.405334306258,-0.562567127973093,0.573729681271381,0.995349032638086,"hsa-miR-605-5p","NS","grey80"
"hsa-miR-605-3p",23.4335228676862,-0.596388803138522,0.73027727085627,-0.816660776583173,0.414122312356842,0.995349032638086,"hsa-miR-605-3p","NS","grey80"
"hsa-miR-615-5p",10.0842163171627,-0.655513114454687,1.08784276436077,-0.602580755169955,0.546787626111702,0.995349032638086,"hsa-miR-615-5p","NS","grey80"
"hsa-miR-615-3p",9544.00197313676,0.0427762381708499,0.0886484952512196,0.482537668006964,0.629424046456256,0.995349032638086,"hsa-miR-615-3p","NS","grey80"
"hsa-miR-616-5p",61.7595940241035,0.0692677512827302,0.299583906777578,0.231213191749172,0.81714918211234,0.995349032638086,"hsa-miR-616-5p","NS","grey80"
"hsa-miR-619-5p",23.0432972704352,-0.17377745756026,0.797699669228914,-0.217848225671498,0.827547368153905,0.995349032638086,"hsa-miR-619-5p","NS","grey80"
"hsa-miR-624-5p",32.6199340745432,-0.385729688792734,0.435435925631166,-0.885847184596946,0.375699879721715,0.995349032638086,"hsa-miR-624-5p","NS","grey80"
"hsa-miR-625-5p",22.4295335506343,0.25649532432382,0.70073318999249,0.366038497943231,0.714336348831017,0.995349032638086,"hsa-miR-625-5p","NS","grey80"
"hsa-miR-625-3p",907.987688959769,0.156742975692831,0.154594490706983,1.01389755207979,0.310631639569641,0.995349032638086,"hsa-miR-625-3p","NS","grey80"
"hsa-miR-627-3p",26.6388708069586,-0.193482949101036,0.619921213189029,-0.312108934142957,0.754957736986529,0.995349032638086,"hsa-miR-627-3p","NS","grey80"
"hsa-miR-628-3p",255.082464172642,0.0853834658024325,0.181380917009612,0.470741173934563,0.63782557763496,0.995349032638086,"hsa-miR-628-3p","NS","grey80"
"hsa-miR-629-5p",1193.56701326533,-0.0362671490200757,0.105602854713983,-0.343429627146942,0.731275274103549,0.995349032638086,"hsa-miR-629-5p","NS","grey80"
"hsa-miR-629-3p",38.7276321743981,-0.650601795519449,0.58320127725715,-1.11556990852162,0.264606278695269,0.995349032638086,"hsa-miR-629-3p","NS","grey80"
"hsa-miR-636",26.6553276401462,-0.148805532177672,0.632215666813054,-0.235371472092409,0.813920426125001,0.995349032638086,"hsa-miR-636","NS","grey80"
"hsa-miR-641",128.290888491074,-0.199796897952937,0.385728421579136,-0.517972974703257,0.604477125251983,0.995349032638086,"hsa-miR-641","NS","grey80"
"hsa-miR-642a-3p",24.0579162277984,0.554872898234535,0.64943818246688,0.854389090778216,0.39288943846605,0.995349032638086,"hsa-miR-642a-3p","NS","grey80"
"hsa-miR-6505-3p",15.2553253872007,0.634171355829158,0.816583535668115,0.776615408134931,0.437385708187399,0.995349032638086,"hsa-miR-6505-3p","NS","grey80"
"hsa-miR-6509-3p",11.5649833615315,-0.92804862150592,1.23468670326993,-0.751647052688012,0.452263339205716,0.995349032638086,"hsa-miR-6509-3p","NS","grey80"
"hsa-miR-651-5p",314.514560426424,0.088874568047733,0.178670036703683,0.497422901385127,0.618890859185529,0.995349032638086,"hsa-miR-651-5p","NS","grey80"
"hsa-miR-6514-5p",16.2584666139309,-0.283744807159354,0.984883109733101,-0.28809998298808,0.773270205645676,0.995349032638086,"hsa-miR-6514-5p","NS","grey80"
"hsa-miR-6515-5p",6.94264103621792,0.320377881989093,1.23847021430991,0.258688403069598,0.795875668078551,0.995349032638086,"hsa-miR-6515-5p","NS","grey80"
"hsa-miR-6516-5p",43.5073778941757,-0.190101790443542,0.546437895288365,-0.347892765276137,0.727920718779816,0.995349032638086,"hsa-miR-6516-5p","NS","grey80"
"hsa-miR-6516-3p",130.809634121143,0.124848520910655,0.289372052162051,0.431446368016006,0.666143841231778,0.995349032638086,"hsa-miR-6516-3p","NS","grey80"
"hsa-miR-652-3p",2410.46571197741,-0.0463509895059438,0.0708457766136104,-0.654251978332315,0.512949478854213,0.995349032638086,"hsa-miR-652-3p","NS","grey80"
"hsa-miR-653-3p",354.280795500746,-0.223740348356242,0.198026208606172,-1.1298522045696,0.258538506404077,0.995349032638086,"hsa-miR-653-3p","NS","grey80"
"hsa-miR-654-5p",143.743386468522,-0.0613137219181592,0.297733705436091,-0.205934769220545,0.836841865587274,0.995349032638086,"hsa-miR-654-5p","NS","grey80"
"hsa-miR-654-3p",1736.3519513966,0.0274939711630717,0.0910784616788695,0.301871272925226,0.762750195641048,0.995349032638086,"hsa-miR-654-3p","NS","grey80"
"hsa-miR-655-3p",749.049253888775,0.0649424258430096,0.126183992922953,0.514664533421945,0.606787461212589,0.995349032638086,"hsa-miR-655-3p","NS","grey80"
"hsa-miR-656-3p",123.498193325491,0.254778437308353,0.270607531430152,0.941505345257236,0.346445951327242,0.995349032638086,"hsa-miR-656-3p","NS","grey80"
"hsa-miR-659-5p",16.6564279661193,0.426170816732981,1.01941962841902,0.418052394570735,0.675908809994748,0.995349032638086,"hsa-miR-659-5p","NS","grey80"
"hsa-miR-660-5p",4671.70979378079,-0.0253239645968165,0.0825855013134686,-0.306639351872367,0.759117897198958,0.995349032638086,"hsa-miR-660-5p","NS","grey80"
"hsa-miR-664a-3p",388.674235548595,0.196281102673187,0.16903557942661,1.1611821803374,0.245567819900354,0.995349032638086,"hsa-miR-664a-3p","NS","grey80"
"hsa-miR-664b-3p",9.83656324335767,0.364695723778802,0.81811910232486,0.445773387691891,0.65576094696621,0.995349032638086,"hsa-miR-664b-3p","NS","grey80"
"hsa-miR-668-3p",17.2045340455128,-0.549144605376803,0.843069233173471,-0.651363593603955,0.514811806026416,0.995349032638086,"hsa-miR-668-3p","NS","grey80"
"hsa-miR-671-5p",351.376747241236,0.179988216527317,0.17811186070738,1.01053470449685,0.312239181118588,0.995349032638086,"hsa-miR-671-5p","NS","grey80"
"hsa-miR-6733-5p",7.80438318703619,-1.01653624916722,1.37787853955868,-0.737754613329566,0.460663578233976,0.995349032638086,"hsa-miR-6733-5p","|log2FC| > 1","darkgreen"
"hsa-miR-6735-5p",12.5596227545255,-0.427270619387994,1.10339868732271,-0.387231400849974,0.698584905478179,0.995349032638086,"hsa-miR-6735-5p","NS","grey80"
"hsa-miR-6735-3p",8.18138508075463,-0.851892270381514,1.62877901040512,-0.52302507887158,0.600956801089296,0.995349032638086,"hsa-miR-6735-3p","NS","grey80"
"hsa-miR-6741-3p",12.5366165828624,0.537668883447214,1.09398830634035,0.491475896342843,0.623089895997823,0.995349032638086,"hsa-miR-6741-3p","NS","grey80"
"hsa-miR-6764-5p",8.03372738244724,-0.736040683719544,1.2240270366873,-0.601327145282316,0.547622112894836,0.995349032638086,"hsa-miR-6764-5p","NS","grey80"
"hsa-miR-6767-5p",6.7951013200329,0.446944861529291,1.52425306992985,0.293222215094413,0.769352304800997,0.995349032638086,"hsa-miR-6767-5p","NS","grey80"
"hsa-miR-6783-3p",17.8928462377828,-0.241638940422967,0.759080141145111,-0.318331263492736,0.750233671932242,0.995349032638086,"hsa-miR-6783-3p","NS","grey80"
"hsa-miR-6786-3p",19.8394495698666,0.564225931955798,0.614407107711246,0.918325854102859,0.358448295682113,0.995349032638086,"hsa-miR-6786-3p","NS","grey80"
"hsa-miR-6798-3p",9.45962757198453,0.437695696357312,0.935298474920008,0.467974350535262,0.639802932290862,0.995349032638086,"hsa-miR-6798-3p","NS","grey80"
"hsa-miR-6800-3p",14.2551794994735,0.548531449354546,1.54728483619749,0.354512263367476,0.722955015207665,0.995349032638086,"hsa-miR-6800-3p","NS","grey80"
"hsa-miR-6803-3p",22.4046706367015,0.306588798425791,0.607954309846783,0.504295789107997,0.614053536095842,0.995349032638086,"hsa-miR-6803-3p","NS","grey80"
"hsa-miR-6818-3p",5.16562131374281,-0.376833577544713,1.4036189412644,-0.268472850049498,0.788335370527144,0.995349032638086,"hsa-miR-6818-3p","NS","grey80"
"hsa-miR-6832-5p",6.52547545492224,-0.39821416406766,1.67506206967439,-0.237730989959714,0.812089746110294,0.995349032638086,"hsa-miR-6832-5p","NS","grey80"
"hsa-miR-6847-5p",13.0356889986054,1.14988312066887,1.22933658661045,0.935368826725764,0.349598256370062,0.995349032638086,"hsa-miR-6847-5p","|log2FC| > 1","darkgreen"
"hsa-miR-6855-3p",20.2411992510423,0.305028254899967,0.822011604458643,0.371075363468684,0.71058140022867,0.995349032638086,"hsa-miR-6855-3p","NS","grey80"
"hsa-miR-6866-5p",31.0717521783923,-0.266378584167914,0.536514353446137,-0.496498523211749,0.619542729026913,0.995349032638086,"hsa-miR-6866-5p","NS","grey80"
"hsa-miR-6873-3p",21.1199904203035,-0.384975392071387,0.697196161302452,-0.552176580192587,0.580827378377251,0.995349032638086,"hsa-miR-6873-3p","NS","grey80"
"hsa-miR-6877-5p",11.9554467995545,-0.280914877844687,1.02574582523819,-0.273864022580306,0.784189120721541,0.995349032638086,"hsa-miR-6877-5p","NS","grey80"
"hsa-miR-6882-5p",13.6038775767187,-0.618494418626281,0.907152924460826,-0.681797304455463,0.495367128978817,0.995349032638086,"hsa-miR-6882-5p","NS","grey80"
"hsa-miR-7-2-3p",45.9218041612267,0.440457617583085,0.476266583085355,0.924813189138124,0.355063088834693,0.995349032638086,"hsa-miR-7-2-3p","NS","grey80"
"hsa-miR-708-3p",3599.30153257711,0.0307160224713776,0.101019471609739,0.304060415105321,0.761081864044296,0.995349032638086,"hsa-miR-708-3p","NS","grey80"
"hsa-miR-7114-5p",6.70123262282889,0.354848114155143,1.18941910685923,0.298337324588767,0.765445719678737,0.995349032638086,"hsa-miR-7114-5p","NS","grey80"
"hsa-miR-744-5p",2781.63117534881,0.0460481827666262,0.0734822603662459,0.626657135165898,0.530884007464429,0.995349032638086,"hsa-miR-744-5p","NS","grey80"
"hsa-miR-758-5p",10.2673535174968,-0.497347159589626,0.854266212766232,-0.582192239558611,0.560437200025075,0.995349032638086,"hsa-miR-758-5p","NS","grey80"
"hsa-miR-760",195.921784273867,0.195268796700479,0.198337759357284,0.984526584011284,0.324856667127576,0.995349032638086,"hsa-miR-760","NS","grey80"
"hsa-miR-766-5p",291.175876182689,-0.0915515767131299,0.171675053699705,-0.533284101214102,0.593836931588093,0.995349032638086,"hsa-miR-766-5p","NS","grey80"
"hsa-miR-767-3p",60.6552169185893,0.189336123625675,0.396087807478524,0.478015531028284,0.632639150923356,0.995349032638086,"hsa-miR-767-3p","NS","grey80"
"hsa-miR-769-5p",8802.71727847214,0.0502030103503367,0.0792193531600782,0.633721538332833,0.526262566152039,0.995349032638086,"hsa-miR-769-5p","NS","grey80"
"hsa-miR-769-3p",126.663941410626,0.10738907013198,0.272244544745749,0.394458115707226,0.693242844403774,0.995349032638086,"hsa-miR-769-3p","NS","grey80"
"hsa-miR-7704",7.01907658959362,-0.668845333233966,1.36959646323899,-0.48835211771225,0.62530045149426,0.995349032638086,"hsa-miR-7704","NS","grey80"
"hsa-miR-7706",385.681704687724,0.113380648665827,0.184830702803263,0.61342973297305,0.539592231158601,0.995349032638086,"hsa-miR-7706","NS","grey80"
"hsa-miR-7854-3p",13.6722903656366,0.487012533923228,1.0546044830356,0.461796381256978,0.644227346204342,0.995349032638086,"hsa-miR-7854-3p","NS","grey80"
"hsa-miR-7974",20.1350292910071,0.649766869167551,0.732428208736341,0.887140693677807,0.375003157426743,0.995349032638086,"hsa-miR-7974","NS","grey80"
"hsa-miR-873-5p",659.246219250491,0.0954437771515631,0.148150113983726,0.644236947141649,0.519421795649012,0.995349032638086,"hsa-miR-873-5p","NS","grey80"
"hsa-miR-874-5p",14.4552530730118,0.288119747221336,1.07988535816526,0.266805865125217,0.789618638190748,0.995349032638086,"hsa-miR-874-5p","NS","grey80"
"hsa-miR-874-3p",497.543252675809,-0.133458356383191,0.149955534165191,-0.889986202417669,0.373473294797945,0.995349032638086,"hsa-miR-874-3p","NS","grey80"
"hsa-miR-876-5p",11.5959983278836,0.523371344933348,1.37872210758746,0.379606116456029,0.704237819837234,0.995349032638086,"hsa-miR-876-5p","NS","grey80"
"hsa-miR-876-3p",487.556250570556,-0.0634513295980609,0.148699389238642,-0.426708743882131,0.669591481036235,0.995349032638086,"hsa-miR-876-3p","NS","grey80"
"hsa-miR-877-5p",640.146317255813,0.135860459440758,0.123021219114584,1.10436606317659,0.269434375964103,0.995349032638086,"hsa-miR-877-5p","NS","grey80"
"hsa-miR-885-5p",400.357736917748,0.162186517283881,0.157559339951055,1.02936783902664,0.303306855952794,0.995349032638086,"hsa-miR-885-5p","NS","grey80"
"hsa-miR-885-3p",7.46602206403344,1.2744806015748,1.67553085840842,0.760642870394773,0.446870406317599,0.995349032638086,"hsa-miR-885-3p","|log2FC| > 1","darkgreen"
"hsa-miR-889-5p",6.37317878477241,0.327710091295127,1.58067009136247,0.207323522527497,0.835757204895426,0.995349032638086,"hsa-miR-889-5p","NS","grey80"
"hsa-miR-92a-2-5p",8.00322213774151,0.422496868152265,1.32300534626159,0.319346304492354,0.749463923455369,0.995349032638086,"hsa-miR-92a-2-5p","NS","grey80"
"hsa-miR-92b-3p",27689.4080724592,-0.0210799021681157,0.0581905800516515,-0.362256264663536,0.717160537488871,0.995349032638086,"hsa-miR-92b-3p","NS","grey80"
"hsa-miR-93-5p",168367.666649131,-0.063524437623305,0.0888889137076175,-0.714649723724334,0.474825511458264,0.995349032638086,"hsa-miR-93-5p","NS","grey80"
"hsa-miR-93-3p",3982.12816683353,0.0238938477601876,0.103771232973682,0.230255024205479,0.81789360714231,0.995349032638086,"hsa-miR-93-3p","NS","grey80"
"hsa-miR-937-3p",43.3385971671375,0.156749424927278,0.443806962266492,0.353192802850071,0.723943903138345,0.995349032638086,"hsa-miR-937-3p","NS","grey80"
"hsa-miR-940",520.223437110776,0.154357007621676,0.16400690473566,0.941161641154454,0.346622030791563,0.995349032638086,"hsa-miR-940","NS","grey80"
"hsa-miR-942-5p",219.224016426138,-0.186745805482608,0.197719097870602,-0.944500594499091,0.344913898194322,0.995349032638086,"hsa-miR-942-5p","NS","grey80"
"hsa-miR-95-3p",3506.75240633379,-0.0232347004928789,0.0790673240640602,-0.293859704598757,0.768865110364276,0.995349032638086,"hsa-miR-95-3p","NS","grey80"
"hsa-miR-96-5p",2514.69021396241,-0.0621605871107199,0.114366433666866,-0.543521251102272,0.586770963198729,0.995349032638086,"hsa-miR-96-5p","NS","grey80"
"hsa-miR-98-5p",14562.759651197,-0.0554336806509281,0.09992373691033,-0.554759883536716,0.579058909982058,0.995349032638086,"hsa-miR-98-5p","NS","grey80"
"hsa-miR-9901",8.65739074543289,-1.19364278024962,1.36282726352425,-0.87585772034152,0.381107386634405,0.995349032638086,"hsa-miR-9901","|log2FC| > 1","darkgreen"
"hsa-miR-9983-3p",14.5579664306408,-0.208265247266725,1.01741881685977,-0.20469962203916,0.837806815724012,0.995349032638086,"hsa-miR-9983-3p","NS","grey80"
"hsa-miR-99a-5p",90808.2217258014,-0.0391140709131429,0.0821005382857473,-0.47641674134959,0.633777510020432,0.995349032638086,"hsa-miR-99a-5p","NS","grey80"
"hsa-miR-99a-3p",27.1905675697296,0.187395387201664,0.693566247667478,0.270191042069724,0.787013283893376,0.995349032638086,"hsa-miR-99a-3p","NS","grey80"
"hsa-miR-99b-5p",98059.4686374009,0.0234649263838123,0.0937904455826189,0.250184613561115,0.802444583573509,0.995349032638086,"hsa-miR-99b-5p","NS","grey80"
"hsa-let-7a-3p",2849.28573299042,0.0683016430233391,0.0674572482064669,1.01251748091306,0.311290692770309,0.995349032638086,"hsa-let-7a-3p","NS","grey80"
"hsa-miR-1-3p",522.746821052064,0.0534119491574051,0.167030610137978,0.319773418257189,0.749140099573359,0.995349032638086,"hsa-miR-1-3p","NS","grey80"
"hsa-miR-105-5p",3033.63449863619,-0.0602685692010173,0.0812857384282472,-0.741440877162207,0.458426167193065,0.995349032638086,"hsa-miR-105-5p","NS","grey80"
"hsa-miR-105-3p",21.1185070342172,-1.00589832565916,0.903464014659838,-1.11337951411146,0.265545469498802,0.995349032638086,"hsa-miR-105-3p","|log2FC| > 1","darkgreen"
"hsa-miR-1185-5p",7.745570035206,1.13782174916101,1.30183708369059,0.874012396340247,0.382111502891464,0.995349032638086,"hsa-miR-1185-5p","|log2FC| > 1","darkgreen"
"hsa-miR-124-3p",5059.91208242878,-0.138746081237143,0.124948755807406,-1.11042387209524,0.266816416048323,0.995349032638086,"hsa-miR-124-3p","NS","grey80"
"hsa-miR-125b-5p",93298.4056925317,0.0208783305924722,0.0811343587936982,0.257330320999516,0.796923787595207,0.995349032638086,"hsa-miR-125b-5p","NS","grey80"
"hsa-miR-1289",8.96367164140341,0.861801555251424,1.23231942127381,0.699332932983081,0.484343990292465,0.995349032638086,"hsa-miR-1289","NS","grey80"
"hsa-miR-133a-3p",21.8315366028391,-0.333700187751666,0.804280231746176,-0.414905370765072,0.678211177995944,0.995349032638086,"hsa-miR-133a-3p","NS","grey80"
"hsa-miR-181a-5p",72614.5221883147,-0.126481012600588,0.162330135563043,-0.779159163280973,0.435885962398805,0.995349032638086,"hsa-miR-181a-5p","NS","grey80"
"hsa-miR-196a-5p",1787.10784469604,-0.0916962542557718,0.113043582575144,-0.811158423741731,0.417274698251573,0.995349032638086,"hsa-miR-196a-5p","NS","grey80"
"hsa-miR-199a-5p",58702.3135688435,-0.0435598147391704,0.0845004894102422,-0.515497780464815,0.606205220187036,0.995349032638086,"hsa-miR-199a-5p","NS","grey80"
"hsa-miR-19b-3p",5441.55811951424,-0.0689607504596238,0.0786885011900854,-0.876376464371045,0.380825408754695,0.995349032638086,"hsa-miR-19b-3p","NS","grey80"
"hsa-miR-24-3p",263756.685833481,0.0353945858120981,0.0642201359266765,0.551144672949773,0.581534503731082,0.995349032638086,"hsa-miR-24-3p","NS","grey80"
"hsa-miR-30c-5p",91115.3549764886,0.0510977757639794,0.0721113554546764,0.708595413881736,0.478575583092979,0.995349032638086,"hsa-miR-30c-5p","NS","grey80"
"hsa-miR-3130-5p",15.0545315083387,-0.649006703869962,0.914065072719744,-0.710022429736739,0.477690227149602,0.995349032638086,"hsa-miR-3130-5p","NS","grey80"
"hsa-miR-3130-3p",110.735703969435,-0.0897893089135486,0.307558956387763,-0.291941779124599,0.77033113909987,0.995349032638086,"hsa-miR-3130-3p","NS","grey80"
"hsa-miR-3158-3p",86.076588824802,0.133855427046823,0.539368081659058,0.248170834720314,0.804002231115363,0.995349032638086,"hsa-miR-3158-3p","NS","grey80"
"hsa-miR-3179",12.86415232403,0.633480719326899,1.06157426647223,0.596737071850893,0.550682937544561,0.995349032638086,"hsa-miR-3179","NS","grey80"
"hsa-miR-3180-3p",14.2464182582903,0.546290380079629,1.08168954273221,0.50503435458918,0.613534706769086,0.995349032638086,"hsa-miR-3180-3p","NS","grey80"
"hsa-miR-3180",14.2464182582903,0.546290380079629,1.08168954273221,0.50503435458918,0.613534706769086,0.995349032638086,"hsa-miR-3180","NS","grey80"
"hsa-miR-320b",1733.27483946834,-0.0246980998886,0.102652526371475,-0.240599045748016,0.809865889843912,0.995349032638086,"hsa-miR-320b","NS","grey80"
"hsa-miR-320c",1022.80223569433,0.0416747710355249,0.142493779925662,0.292467299676283,0.769929358491718,0.995349032638086,"hsa-miR-320c","NS","grey80"
"hsa-miR-320d",602.322653996746,0.110669417087389,0.161487613450269,0.685312109844702,0.493146991742292,0.995349032638086,"hsa-miR-320d","NS","grey80"
"hsa-miR-329-5p",12.1970133777801,0.940560364273069,0.872638736152389,1.07783476174821,0.281107503412175,0.995349032638086,"hsa-miR-329-5p","NS","grey80"
"hsa-miR-3688-3p",13.5727792012557,0.523202781289558,1.01138732595233,0.517311981141256,0.604938391705626,0.995349032638086,"hsa-miR-3688-3p","NS","grey80"
"hsa-miR-376a-3p",122.077531868675,0.297992288543251,0.296612438719363,1.00465202953,0.315064434512421,0.995349032638086,"hsa-miR-376a-3p","NS","grey80"
"hsa-miR-378d",13.1823905179604,0.617577317243036,0.941744558089835,0.655780075327097,0.511965638108591,0.995349032638086,"hsa-miR-378d","NS","grey80"
"hsa-miR-3913-5p",136.776704082505,-0.343202087676599,0.3204082152015,-1.07114010001511,0.284106440041427,0.995349032638086,"hsa-miR-3913-5p","NS","grey80"
"hsa-miR-3913-3p",39.8163294435078,-0.55620609338926,0.545659802447168,-1.01932759366696,0.308047468157867,0.995349032638086,"hsa-miR-3913-3p","NS","grey80"
"hsa-miR-4536-5p",13.0302906789593,0.81778395166163,1.09788336704667,0.744873249934994,0.456348347728393,0.995349032638086,"hsa-miR-4536-5p","NS","grey80"
"hsa-miR-486-5p",578.647865666265,-0.0316300466578005,0.148802670512903,-0.21256370298178,0.831667285226747,0.995349032638086,"hsa-miR-486-5p","NS","grey80"
"hsa-miR-548a-3p",12.075434759666,-0.557061118285752,1.02618983696348,-0.542844119304582,0.587237133421392,0.995349032638086,"hsa-miR-548a-3p","NS","grey80"
"hsa-miR-548aa",173.431702584368,-0.0778257852571058,0.205249370074533,-0.379176731352912,0.704556629388663,0.995349032638086,"hsa-miR-548aa","NS","grey80"
"hsa-miR-548d-5p",39.3394688541162,0.459247564423791,0.587758387911209,0.781354335164619,0.434594121025404,0.995349032638086,"hsa-miR-548d-5p","NS","grey80"
"hsa-miR-548h-5p",26.1727871491171,0.486483488461005,0.687570256853445,0.707540042071219,0.479230938098103,0.995349032638086,"hsa-miR-548h-5p","NS","grey80"
"hsa-miR-550a-5p",232.387988623686,-0.0645321716646981,0.170046948219093,-0.379496205845184,0.704319421244825,0.995349032638086,"hsa-miR-550a-5p","NS","grey80"
"hsa-miR-550a-3p",112.14741622764,0.296676854725572,0.332651773195236,0.891854120829982,0.37247112854246,0.995349032638086,"hsa-miR-550a-3p","NS","grey80"
"hsa-miR-6511b-5p",19.2999919007263,0.735894155669307,0.778965061451235,0.944707525518941,0.344808213959413,0.995349032638086,"hsa-miR-6511b-5p","NS","grey80"
"hsa-miR-6511b-3p",108.011808452264,0.0993752691153768,0.292085485064639,0.340226660333309,0.733685842429179,0.995349032638086,"hsa-miR-6511b-3p","NS","grey80"
"hsa-miR-7-5p",49005.0416248564,0.0579278893251974,0.0693923598464155,0.834787712269879,0.403837245549213,0.995349032638086,"hsa-miR-7-5p","NS","grey80"
"hsa-miR-9-5p",184334.789205567,-0.0543136674533164,0.0626695480753055,-0.866667610049647,0.386124157241347,0.995349032638086,"hsa-miR-9-5p","NS","grey80"
"hsa-miR-92a-3p",778598.145640676,0.0851100756767442,0.0826787977504657,1.02940630478949,0.303288787665029,0.995349032638086,"hsa-miR-92a-3p","NS","grey80"
"hsa-miR-941",235.63762943219,-0.242098259753117,0.202496446114553,-1.19556794402289,0.231865207146554,0.995349032638086,"hsa-miR-941","NS","grey80"
"hsa-miR-103a-2-5p",4.92923493745544,0.239318541900704,1.44634633414884,0.165464201934415,0.868578624136051,0.995799796875894,"hsa-miR-103a-2-5p","NS","grey80"
"hsa-miR-107",13412.1149506121,0.0183017620343218,0.110865284165079,0.165081090732337,0.868880156215342,0.995799796875894,"hsa-miR-107","NS","grey80"
"hsa-miR-1228-3p",66.2668223198418,0.0633807053720346,0.343508224618036,0.184510008290226,0.853613376467436,0.995799796875894,"hsa-miR-1228-3p","NS","grey80"
"hsa-miR-1292-3p",8.71934205944441,-0.235268393337019,1.38917834466742,-0.169357947624316,0.865515098577765,0.995799796875894,"hsa-miR-1292-3p","NS","grey80"
"hsa-miR-132-3p",950.427198791855,-0.0224089740320234,0.138387930560069,-0.161928673557962,0.871362022562849,0.995799796875894,"hsa-miR-132-3p","NS","grey80"
"hsa-miR-1322",17.5102877188805,-0.129451461785473,1.01019922052998,-0.128144487893743,0.898034629993655,0.995799796875894,"hsa-miR-1322","NS","grey80"
"hsa-miR-139-3p",56.0040631976746,-0.0701147153917627,0.380619759707458,-0.184211969041367,0.853847170223443,0.995799796875894,"hsa-miR-139-3p","NS","grey80"
"hsa-miR-1468-5p",84.5620741010161,-0.0385299680524513,0.295714019352779,-0.130294695316714,0.89633327681855,0.995799796875894,"hsa-miR-1468-5p","NS","grey80"
"hsa-miR-151a-5p",64292.5081578658,-0.00644294988490446,0.0478700704313772,-0.134592446320725,0.89293411422568,0.995799796875894,"hsa-miR-151a-5p","NS","grey80"
"hsa-miR-188-3p",19.8148640067143,0.0872208481176822,0.667142971297319,0.130737865600343,0.895982676993603,0.995799796875894,"hsa-miR-188-3p","NS","grey80"
"hsa-miR-1910-5p",52.2765306600822,-0.0834315367069741,0.537728560836134,-0.155155486956548,0.876698739504274,0.995799796875894,"hsa-miR-1910-5p","NS","grey80"
"hsa-miR-1914-3p",11.8886421457886,0.165262859410916,0.967144661327358,0.170877083872955,0.864320416047231,0.995799796875894,"hsa-miR-1914-3p","NS","grey80"
"hsa-miR-29a-5p",13.2230246390302,-0.245791165440495,1.27294524274046,-0.193088561226204,0.846889610904826,0.995799796875894,"hsa-miR-29a-5p","NS","grey80"
"hsa-miR-301b-5p",308.990009805965,0.029237073256748,0.22659248617086,0.129029314920452,0.897334452758885,0.995799796875894,"hsa-miR-301b-5p","NS","grey80"
"hsa-miR-3065-5p",408.539734255116,0.0179663132733527,0.142274226111248,0.126279465820495,0.899510710029877,0.995799796875894,"hsa-miR-3065-5p","NS","grey80"
"hsa-miR-3074-3p",7.75805992448976,0.16867100397825,1.19235776840596,0.141460062111846,0.88750650853489,0.995799796875894,"hsa-miR-3074-3p","NS","grey80"
"hsa-miR-3150a-5p",17.485757629043,-0.11068313876255,0.770304717080687,-0.143687473681868,0.885747263102436,0.995799796875894,"hsa-miR-3150a-5p","NS","grey80"
"hsa-miR-320a-3p",42521.6925222293,0.0169810342121299,0.0908238015733689,0.186966785335586,0.851686675156501,0.995799796875894,"hsa-miR-320a-3p","NS","grey80"
"hsa-miR-342-5p",225.491624627717,0.0406601538795069,0.227972817125742,0.178355272317752,0.85844397356037,0.995799796875894,"hsa-miR-342-5p","NS","grey80"
"hsa-miR-34c-5p",193.221543561925,0.0435428966682339,0.250822332885082,0.173600556885753,0.862179394335205,0.995799796875894,"hsa-miR-34c-5p","NS","grey80"
"hsa-miR-3619-3p",6.720637463094,-0.221250355537081,1.68726606905952,-0.131129499724015,0.895672865238198,0.995799796875894,"hsa-miR-3619-3p","NS","grey80"
"hsa-miR-3651",5.80279470184941,-0.210162941454547,1.41070272458056,-0.148977483202235,0.881571400473158,0.995799796875894,"hsa-miR-3651","NS","grey80"
"hsa-miR-369-5p",199.527517460205,0.032581738053179,0.243522317334649,0.133793643267631,0.893565753939325,0.995799796875894,"hsa-miR-369-5p","NS","grey80"
"hsa-miR-378c",74.290194389951,0.0617625061347205,0.320045963611187,0.192980112724539,0.846974543075048,0.995799796875894,"hsa-miR-378c","NS","grey80"
"hsa-miR-423-3p",94254.9674849903,0.00916189096149005,0.0647750313203912,0.141441706391053,0.887521008492947,0.995799796875894,"hsa-miR-423-3p","NS","grey80"
"hsa-miR-4485-5p",25.38523828505,-0.123563729064092,0.77577221297509,-0.159278364186601,0.873449566017632,0.995799796875894,"hsa-miR-4485-5p","NS","grey80"
"hsa-miR-454-3p",12529.8769370632,-0.011436770878618,0.0705078125225884,-0.162205725428712,0.871143851269546,0.995799796875894,"hsa-miR-454-3p","NS","grey80"
"hsa-miR-4659a-3p",23.2591721081115,0.102572334658867,0.729597212852498,0.140587618554409,0.888195730045995,0.995799796875894,"hsa-miR-4659a-3p","NS","grey80"
"hsa-miR-4665-5p",10.5893000091774,-0.146167297239761,1.10651139157703,-0.132097417480212,0.894907238565243,0.995799796875894,"hsa-miR-4665-5p","NS","grey80"
"hsa-miR-4742-3p",34.8568141183027,0.117537947847616,0.588822106409854,0.199615378852305,0.84178139926384,0.995799796875894,"hsa-miR-4742-3p","NS","grey80"
"hsa-miR-483-5p",314.416894541698,-0.0272888123329583,0.215734903554153,-0.126492337973064,0.899342213743504,0.995799796875894,"hsa-miR-483-5p","NS","grey80"
"hsa-miR-487a-5p",12.6005893975044,-0.136778643744349,0.944472871172209,-0.144820087393923,0.884852921973191,0.995799796875894,"hsa-miR-487a-5p","NS","grey80"
"hsa-miR-501-5p",1364.88630880576,-0.0178380135828433,0.107534564390562,-0.165881674268528,0.868250069496157,0.995799796875894,"hsa-miR-501-5p","NS","grey80"
"hsa-miR-5010-3p",6.33851445699749,-0.161499138662155,1.25932404422894,-0.128242718307691,0.897956894828673,0.995799796875894,"hsa-miR-5010-3p","NS","grey80"
"hsa-miR-505-5p",185.223250692938,0.0370228007821284,0.235633927357126,0.1571199920036,0.875150281928973,0.995799796875894,"hsa-miR-505-5p","NS","grey80"
"hsa-miR-548av-3p",12.3709776415848,0.15850522266753,1.01860033741579,0.155610809112493,0.876339804300601,0.995799796875894,"hsa-miR-548av-3p","NS","grey80"
"hsa-miR-548s",40.9836135243039,-0.098554232056544,0.569891489618163,-0.172935082997251,0.862702454848672,0.995799796875894,"hsa-miR-548s","NS","grey80"
"hsa-miR-5581-3p",26.311347096805,-0.109822213382764,0.560038874404679,-0.196097482517629,0.844533866667435,0.995799796875894,"hsa-miR-5581-3p","NS","grey80"
"hsa-miR-5680",5.74054863773708,0.223916581502366,1.7433287151483,0.128441973998758,0.897799215777323,0.995799796875894,"hsa-miR-5680","NS","grey80"
"hsa-miR-653-5p",537.180772910364,0.0247096429733719,0.131246436308361,0.188269058333264,0.850665739482433,0.995799796875894,"hsa-miR-653-5p","NS","grey80"
"hsa-miR-671-3p",530.739492391488,0.0249505946699108,0.13951223187472,0.178841627967905,0.858062057792503,0.995799796875894,"hsa-miR-671-3p","NS","grey80"
"hsa-miR-6838-5p",7.27299632149903,-0.171206328606253,1.30339227465292,-0.131354414120526,0.895494948391187,0.995799796875894,"hsa-miR-6838-5p","NS","grey80"
"hsa-miR-7-1-3p",358.305144349043,-0.0372922131703844,0.201701016572989,-0.184888573215939,0.853316433729099,0.995799796875894,"hsa-miR-7-1-3p","NS","grey80"
"hsa-miR-766-3p",1678.38450445064,-0.016680449395935,0.101252155757562,-0.164741671632895,0.869147315856376,0.995799796875894,"hsa-miR-766-3p","NS","grey80"
"hsa-miR-935",804.810401298504,0.0151726273930864,0.113646834920681,0.133506818766013,0.893792571951614,0.995799796875894,"hsa-miR-935","NS","grey80"
"hsa-miR-138-5p",1843.52919551278,-0.0141844584597524,0.0988939015998741,-0.143431073405749,0.885949743648704,0.995799796875894,"hsa-miR-138-5p","NS","grey80"
"hsa-miR-486-3p",109.869396142439,0.062132669563089,0.33741786547128,0.184141611696544,0.853902363176561,0.995799796875894,"hsa-miR-486-3p","NS","grey80"
"hsa-miR-548o-3p",142.317990564445,0.0353076037129451,0.258743618377188,0.136457872601421,0.891459325760133,0.995799796875894,"hsa-miR-548o-3p","NS","grey80"
"hsa-miR-6862-5p",5.77845684743262,0.229431730002004,1.67430746921261,0.137030822725709,0.891006431899214,0.995799796875894,"hsa-miR-6862-5p","NS","grey80"
"hsa-miR-421",5359.87138774817,0.00845554998924727,0.0678977029749048,0.124533667838107,0.900892744775364,0.995980206334875,"hsa-miR-421","NS","grey80"
"hsa-miR-3139",11.1395550379232,0.154209901727515,1.26431627952209,0.121970984812286,0.902921997433412,0.995997969571907,"hsa-miR-3139","NS","grey80"
"hsa-miR-628-5p",510.567969710948,-0.0211894813224621,0.174493279546334,-0.121434369149074,0.903346995658241,0.995997969571907,"hsa-miR-628-5p","NS","grey80"
"hsa-miR-1180-3p",3702.30412343754,0.00934456672391973,0.0943524006832274,0.0990389927151145,0.921107310569389,0.996731590688565,"hsa-miR-1180-3p","NS","grey80"
"hsa-miR-1248",25.1292862104948,-0.0652935199846349,0.553280139833243,-0.11801168211878,0.906058401574794,0.996731590688565,"hsa-miR-1248","NS","grey80"
"hsa-miR-1256",8.64408204285681,-0.146466699179289,1.5561601801483,-0.0941205802897044,0.925013372243443,0.996731590688565,"hsa-miR-1256","NS","grey80"
"hsa-miR-130a-5p",29.5500986382567,0.0787056713287527,0.738599805228273,0.106560644575892,0.915137541828485,0.996731590688565,"hsa-miR-130a-5p","NS","grey80"
"hsa-miR-199b-3p",262186.570920845,-0.00650262830231755,0.0643811582814737,-0.101002039663346,0.919548841041003,0.996731590688565,"hsa-miR-199b-3p","NS","grey80"
"hsa-miR-30c-2-3p",176.399780381502,0.02627288716947,0.226395279818011,0.116048740903917,0.907613913061758,0.996731590688565,"hsa-miR-30c-2-3p","NS","grey80"
"hsa-miR-345-5p",5060.52781173654,-0.00918066400241261,0.100562144461104,-0.0912934390133615,0.927259431128629,0.996731590688565,"hsa-miR-345-5p","NS","grey80"
"hsa-miR-3605-5p",20.0847864170253,0.0681485627814499,0.757281963370338,0.08999100213367,0.928294365073978,0.996731590688565,"hsa-miR-3605-5p","NS","grey80"
"hsa-miR-410-3p",552.383212267718,-0.0151165768407369,0.171180825104953,-0.0883076526326402,0.929632156798882,0.996731590688565,"hsa-miR-410-3p","NS","grey80"
"hsa-miR-487b-3p",5820.60125590141,0.00672054658355495,0.0658727603486815,0.102023151117114,0.918738299029059,0.996731590688565,"hsa-miR-487b-3p","NS","grey80"
"hsa-miR-494-3p",1298.38848836094,0.00874192937796985,0.0970510671605685,0.0900755615959025,0.928227169281537,0.996731590688565,"hsa-miR-494-3p","NS","grey80"
"hsa-miR-5090",17.2227548650941,-0.0861560872941298,0.969683337760605,-0.0888497140655211,0.929201347778624,0.996731590688565,"hsa-miR-5090","NS","grey80"
"hsa-miR-532-3p",768.976843343269,-0.0124468258690002,0.119831877386787,-0.103869071739775,0.917273251490503,0.996731590688565,"hsa-miR-532-3p","NS","grey80"
"hsa-miR-551b-3p",9.71432820683831,0.138938505320435,1.22523257328141,0.11339765882026,0.909715295731392,0.996731590688565,"hsa-miR-551b-3p","NS","grey80"
"hsa-miR-589-5p",1371.98582096147,0.0138825851003093,0.125606381305225,0.110524520777129,0.911993404228606,0.996731590688565,"hsa-miR-589-5p","NS","grey80"
"hsa-miR-589-3p",78.528837714354,-0.0334633773314127,0.342594032817543,-0.0976764745614658,0.922189196791915,0.996731590688565,"hsa-miR-589-3p","NS","grey80"
"hsa-miR-6804-5p",5.03437025992767,0.151477794163668,1.62480493517888,0.0932282952150137,0.925722195943999,0.996731590688565,"hsa-miR-6804-5p","NS","grey80"
"hsa-miR-873-3p",154.35552790258,-0.0254049156826692,0.227376703345631,-0.11173051288395,0.91103708502018,0.996731590688565,"hsa-miR-873-3p","NS","grey80"
"hsa-miR-887-5p",135.303673539915,-0.0229356364054897,0.245133046675775,-0.0935640327426989,0.925455481948048,0.996731590688565,"hsa-miR-887-5p","NS","grey80"
"hsa-let-7f-5p",143531.908638313,-0.00715938344085869,0.076382831661138,-0.093730270077186,0.92532342407683,0.996731590688565,"hsa-let-7f-5p","NS","grey80"
"hsa-miR-199a-3p",262186.570920845,-0.00650262830231755,0.0643811582814737,-0.101002039663346,0.919548841041003,0.996731590688565,"hsa-miR-199a-3p","NS","grey80"
"hsa-miR-556-5p",16.7277873732566,0.0809951537227309,0.935942376272721,0.0865386115385483,0.931038263613369,0.996930879911039,"hsa-miR-556-5p","NS","grey80"
"hsa-let-7b-5p",21749.5814784432,0.00493642232423144,0.0822522931247413,0.0600156194641894,0.952143194580667,0.997763043230969,"hsa-let-7b-5p","NS","grey80"
"hsa-let-7c-5p",23235.4422721592,0.00306983467349745,0.0909098476457928,0.0337679003209672,0.973062233173232,0.997763043230969,"hsa-let-7c-5p","NS","grey80"
"hsa-let-7g-5p",198089.448227526,-0.00262518552596655,0.0669760119305282,-0.0391959068672163,0.96873419697736,0.997763043230969,"hsa-let-7g-5p","NS","grey80"
"hsa-miR-10527-5p",65.4149609063501,0.0172163184936081,0.437703510202178,0.0393332886127776,0.968624666668189,0.997763043230969,"hsa-miR-10527-5p","NS","grey80"
"hsa-miR-1224-5p",7.44860848941907,0.0948737185694462,1.17499856584771,0.0807436888239933,0.935645791564836,0.997763043230969,"hsa-miR-1224-5p","NS","grey80"
"hsa-miR-1226-3p",212.076295401642,0.0155783990263775,0.205201980433041,0.0759173912137798,0.939484820600792,0.997763043230969,"hsa-miR-1226-3p","NS","grey80"
"hsa-miR-181b-3p",85.4763575467512,-0.0148201915943767,0.357997996826272,-0.0413974148619847,0.966979073673572,0.997763043230969,"hsa-miR-181b-3p","NS","grey80"
"hsa-miR-182-5p",30481.0497769857,-0.00291993904250405,0.0867745253810922,-0.0336497264569343,0.973156468720391,0.997763043230969,"hsa-miR-182-5p","NS","grey80"
"hsa-miR-183-5p",29870.5344149229,-0.00478663892740827,0.0828276659094115,-0.0577903394337275,0.953915633334603,0.997763043230969,"hsa-miR-183-5p","NS","grey80"
"hsa-miR-195-3p",180.98199460698,-0.0109158580544281,0.221646785879325,-0.0492488894486889,0.960720950362525,0.997763043230969,"hsa-miR-195-3p","NS","grey80"
"hsa-miR-200b-3p",60.7504503450829,-0.0227456204187593,0.381685025177941,-0.0595926455541591,0.952480075957724,0.997763043230969,"hsa-miR-200b-3p","NS","grey80"
"hsa-miR-222-3p",161.407165918157,0.0170724860166662,0.254357904639956,0.0671199349626359,0.946486223875607,0.997763043230969,"hsa-miR-222-3p","NS","grey80"
"hsa-miR-2682-3p",110.0387340878,0.0134627770581532,0.24990259732606,0.0538720973779541,0.957037067439557,0.997763043230969,"hsa-miR-2682-3p","NS","grey80"
"hsa-miR-3157-3p",24.847505634258,-0.035071648827525,0.729731501900478,-0.0480610316756041,0.961667602513828,0.997763043230969,"hsa-miR-3157-3p","NS","grey80"
"hsa-miR-3171",17.0516425826034,0.0569411281411738,0.992603041684152,0.0573654580430881,0.954254078160019,0.997763043230969,"hsa-miR-3171","NS","grey80"
"hsa-miR-361-5p",22493.0365214115,0.00412890214862344,0.0704939060260825,0.0585710507670799,0.953293769225142,0.997763043230969,"hsa-miR-361-5p","NS","grey80"
"hsa-miR-3613-3p",54.0502381564676,0.0224674085320268,0.434999271004372,0.0516493015727399,0.958808134761531,0.997763043230969,"hsa-miR-3613-3p","NS","grey80"
"hsa-miR-374b-5p",20116.4789978932,0.00333938097039518,0.0904275222139976,0.0369288120323866,0.970541766730583,0.997763043230969,"hsa-miR-374b-5p","NS","grey80"
"hsa-miR-379-3p",45.2195896603667,0.0218706408041973,0.518639500591437,0.0421692539408526,0.966363772549696,0.997763043230969,"hsa-miR-379-3p","NS","grey80"
"hsa-miR-380-5p",14.2703626225398,0.031714295920167,1.16183195137851,0.0272968012994807,0.978223008112615,0.997763043230969,"hsa-miR-380-5p","NS","grey80"
"hsa-miR-3909",61.7034758690654,-0.0145713902502983,0.363307178687975,-0.040107630966502,0.968007318066976,0.997763043230969,"hsa-miR-3909","NS","grey80"
"hsa-miR-3942-3p",11.1403138422398,0.0310026284290252,1.02293780272643,0.0303074422964858,0.975821861206396,0.997763043230969,"hsa-miR-3942-3p","NS","grey80"
"hsa-miR-411-3p",186.039937304834,-0.0114763395261341,0.262163320364037,-0.0437755346941677,0.965083328870527,0.997763043230969,"hsa-miR-411-3p","NS","grey80"
"hsa-miR-4521",2904.71616208177,0.00802158607409316,0.104724502664637,0.0765970319265296,0.938944120197642,0.997763043230969,"hsa-miR-4521","NS","grey80"
"hsa-miR-4652-5p",10.4082584630619,-0.0412357733626946,1.50299078227672,-0.0274358125471873,0.978112134709519,0.997763043230969,"hsa-miR-4652-5p","NS","grey80"
"hsa-miR-489-3p",141.900778298248,-0.00789730072346131,0.279888008110763,-0.0282159309960005,0.977489931185623,0.997763043230969,"hsa-miR-489-3p","NS","grey80"
"hsa-miR-642a-5p",10.4322119383216,0.113677492527728,1.43646146132693,0.079137168373956,0.936923520117763,0.997763043230969,"hsa-miR-642a-5p","NS","grey80"
"hsa-miR-708-5p",3867.10765056728,0.00632028309295794,0.0909378931995507,0.0695010943247711,0.944590761616429,0.997763043230969,"hsa-miR-708-5p","NS","grey80"
"hsa-miR-767-5p",2545.75949491683,-0.00348192099473072,0.0873800245591453,-0.0398480203261318,0.968214291926507,0.997763043230969,"hsa-miR-767-5p","NS","grey80"
"hsa-miR-7976",21.4408215341923,0.0310416176287662,0.800888299602219,0.0387589850472079,0.969082545435844,0.997763043230969,"hsa-miR-7976","NS","grey80"
"hsa-miR-887-3p",724.57445969777,-0.0104273589715681,0.192557122669258,-0.0541520294187114,0.956814039544243,0.997763043230969,"hsa-miR-887-3p","NS","grey80"
"hsa-miR-92b-5p",295.319670616335,0.0125744657365948,0.183176634314479,0.0686466687394575,0.945270870174494,0.997763043230969,"hsa-miR-92b-5p","NS","grey80"
"hsa-miR-95-5p",9.99176972509415,-0.0705412654577486,1.18254312020976,-0.0596521718761818,0.952432665168049,0.997763043230969,"hsa-miR-95-5p","NS","grey80"
"hsa-miR-9903",12.3880259341637,-0.0770199349625208,0.993284487741026,-0.0775406602167755,0.938193446448676,0.997763043230969,"hsa-miR-9903","NS","grey80"
"hsa-miR-101-3p",136478.092048587,-0.002586059175153,0.0785506749340344,-0.0329221763826311,0.973736648183816,0.997763043230969,"hsa-miR-101-3p","NS","grey80"
"hsa-miR-103a-3p",286189.32885365,0.00483225478838759,0.0782789345100768,0.0617312284413572,0.950776870686257,0.997763043230969,"hsa-miR-103a-3p","NS","grey80"
"hsa-miR-329-3p",3461.30872676964,0.00449785486933727,0.0719914802387156,0.0624775994940359,0.950182500097684,0.997763043230969,"hsa-miR-329-3p","NS","grey80"
"hsa-miR-550a-3-5p",17.6618489422346,0.0458490665674419,0.585728767319968,0.0782769587657895,0.937607745456361,0.997763043230969,"hsa-miR-550a-3-5p","NS","grey80"
"hsa-miR-598-3p",3563.98982064546,0.00245113017718577,0.102694344693522,0.023868209924323,0.980957731860754,0.998060357322834,"hsa-miR-598-3p","NS","grey80"
"hsa-let-7a-5p",643399.460810868,0.00213851102963952,0.0853481920656605,0.0250563131787761,0.980010046264124,0.998060357322834,"hsa-let-7a-5p","NS","grey80"
"hsa-miR-4714-5p",9.76519822746043,0.0250271368379371,1.14206714401189,0.0219138926893747,0.982516642673089,0.998403105800888,"hsa-miR-4714-5p","NS","grey80"
"hsa-miR-143-3p",37031.2965263217,0.00108753377846022,0.0916367272661858,0.0118678810440399,0.990531023224902,0.999378635689892,"hsa-miR-143-3p","NS","grey80"
"hsa-miR-200c-3p",155.617919186274,0.00292571768705558,0.266294313816677,0.0109867824255148,0.991233992286707,0.999378635689892,"hsa-miR-200c-3p","NS","grey80"
"hsa-miR-210-3p",119.258877685815,-0.00434409613555454,0.287062015543174,-0.0151329535094872,0.987926110869934,0.999378635689892,"hsa-miR-210-3p","NS","grey80"
"hsa-miR-2681-3p",666.80730369453,0.000103114095025617,0.132407244458089,0.000778764752998511,0.999378635689892,0.999378635689892,"hsa-miR-2681-3p","NS","grey80"
"hsa-miR-3157-5p",19.0384231944225,-0.00161633814392423,1.04029934918334,-0.00155372407489546,0.998760308047675,0.999378635689892,"hsa-miR-3157-5p","NS","grey80"
"hsa-miR-448",30.7959783203308,-0.0050238040670787,0.684343494544722,-0.00734105621975836,0.994142737191378,0.999378635689892,"hsa-miR-448","NS","grey80"
"hsa-miR-455-5p",53.2796251853496,-0.00287218545579071,0.364841003317834,-0.00787243053733351,0.993718774098335,0.999378635689892,"hsa-miR-455-5p","NS","grey80"
"hsa-miR-4999-5p",5.45378306362453,-0.00787152472223722,1.67243520383304,-0.00470662462987895,0.996244670739203,0.999378635689892,"hsa-miR-4999-5p","NS","grey80"
"hsa-miR-5001-3p",6.29794544572473,-0.00906777554094568,1.39564616873134,-0.00649718800087303,0.994816030477704,0.999378635689892,"hsa-miR-5001-3p","NS","grey80"
"hsa-miR-584-5p",255.98768866919,-0.000452486668543865,0.180357183233452,-0.00250883641245479,0.997998240260855,0.999378635689892,"hsa-miR-584-5p","NS","grey80"
"hsa-miR-6842-3p",15.8193063804839,-0.00555403888201639,1.09468182688825,-0.00507365587478905,0.995951825678693,0.999378635689892,"hsa-miR-6842-3p","NS","grey80"
"hsa-miR-128-3p",31038.0242266062,-0.000479826844593778,0.0635509097919229,-0.00755027498685412,0.993975809394717,0.999378635689892,"hsa-miR-128-3p","NS","grey80"
"hsa-miR-129-5p",2612.31127514583,0.00112472088254494,0.0998299077104093,0.0112663720556326,0.991010925846523,0.999378635689892,"hsa-miR-129-5p","NS","grey80"
